scheduler,scenario_id,source,seed,vehicles,duration_s,generated_packets,delivered_packets,failed_attempts,deadline_dropped_packets,overflow_dropped_packets,remaining_packets,goodput_mbps,packet_delivery_ratio,scheduled_outage_fraction,availability_outage_fraction,mean_latency_ms,p50_latency_ms,p95_latency_ms,p99_latency_ms,deadline_miss_ratio,censored_packet_ratio,deadline_or_censored_ratio,delivered_before_expiry_ratio,undelivered_packets_at_disconnect,urgent_generated_packets,urgent_delivered_packets,urgent_packet_delivery_ratio,urgent_deadline_miss_ratio,bulk_generated_packets,bulk_delivered_packets,bulk_packet_delivery_ratio,bulk_deadline_miss_ratio,jain_fairness,demand_normalized_jain_fairness,mean_scheduled_snr_db,mean_scheduled_ber,mean_scheduled_per,mean_scheduled_relative_power,switch_count,study,setting,prediction_horizon_s,slot_duration_s,offered_load,traffic_model,traffic_class_mode,packet_bits,deadline_s,reference_snr_db,field_of_view_deg,outage_mode,sensing_model,sensing_covariance_aware,diagnostic_quick_run
reactive_greedy,synthetic-20260827-v5-slots120-dt0.100000,controlled_synthetic_motion,20260827,5,12.0,1526,1248,172,208,0,70,1.248,0.817824377457405,0.0,0.2,230.44871794871796,200.0,600.0000000000001,1000.0,0.1363040629095675,0.045871559633027525,0.182175622542595,0.8888888888888888,4,0,0,0.0,0.0,0,0,0.0,0.0,0.513754737581681,0.787472255527728,11.874864530048521,7.374599959305839e-06,0.07466202496705701,0.2864744588283689,103,offered_load,load=0.3,1.0,0.1,0.3,poisson,single,12000,1.2,18.0,70.0,ber,perfect,True,False
proportional_fair,synthetic-20260827-v5-slots120-dt0.100000,controlled_synthetic_motion,20260827,5,12.0,1526,577,9,838,0,111,0.577,0.3781127129750983,0.0,0.2,574.5233968804159,400.0,1419.9999999999934,1700.0000000000002,0.5491480996068152,0.0727391874180865,0.6218872870249017,0.41096866096866097,4,0,0,0.0,0.0,0,0,0.0,0.0,0.59806709480397,0.5969943340710909,15.47365120933298,2.145994469728765e-07,0.002499417906134682,0.6183095320026312,79,offered_load,load=0.3,1.0,0.1,0.3,poisson,single,12000,1.2,18.0,70.0,ber,perfect,True,False
kalman_predictive,synthetic-20260827-v5-slots120-dt0.100000,controlled_synthetic_motion,20260827,5,12.0,1526,1206,133,216,0,104,1.206,0.7903014416775884,0.0,0.2,311.1940298507463,300.00000000000006,775.0,1000.0,0.14154652686762778,0.06815203145478375,0.20969855832241152,0.8589743589743589,4,0,0,0.0,0.0,0,0,0.0,0.0,0.5323022306805497,0.7840861409617906,14.088364789320162,3.933441313728047e-06,0.04032547813778451,0.5103992478967484,94,offered_load,load=0.3,1.0,0.1,0.3,poisson,single,12000,1.2,18.0,70.0,ber,perfect,True,False
link_lifetime,synthetic-20260827-v5-slots120-dt0.100000,controlled_synthetic_motion,20260827,5,12.0,1526,1206,133,216,0,104,1.206,0.7903014416775884,0.0,0.2,311.1940298507463,300.00000000000006,775.0,1000.0,0.14154652686762778,0.06815203145478375,0.20969855832241152,0.8589743589743589,4,0,0,0.0,0.0,0,0,0.0,0.0,0.5323022306805497,0.7840861409617906,14.088364789320162,3.933441313728047e-06,0.04032547813778451,0.5103992478967484,94,offered_load,load=0.3,1.0,0.1,0.3,poisson,single,12000,1.2,18.0,70.0,ber,perfect,True,False
oracle,synthetic-20260827-v5-slots120-dt0.100000,controlled_synthetic_motion,20260827,5,12.0,1526,1206,133,216,0,104,1.206,0.7903014416775884,0.0,0.2,311.1940298507463,300.00000000000006,775.0,1000.0,0.14154652686762778,0.06815203145478375,0.20969855832241152,0.8589743589743589,4,0,0,0.0,0.0,0,0,0.0,0.0,0.5323022306805497,0.7840861409617906,14.088364789320162,3.933441313728047e-06,0.04032547813778451,0.5103992478967484,94,offered_load,load=0.3,1.0,0.1,0.3,poisson,single,12000,1.2,18.0,70.0,ber,perfect,True,False
reactive_greedy,synthetic-20260827-v5-slots120-dt0.100000,controlled_synthetic_motion,20260827,5,12.0,2500,1998,242,380,0,122,1.998,0.7992,0.0,0.2,239.4894894894895,200.0,700.0000000000001,1000.0,0.152,0.0488,0.2008,0.8698302133217239,3,0,0,0.0,0.0,0,0,0.0,0.0,0.5121374661793326,0.7834785283514494,11.899431036973066,7.452200795640081e-06,0.07524522087437384,0.28806217665880823,109,offered_load,load=0.5,1.0,0.1,0.5,poisson,single,12000,1.2,18.0,70.0,ber,perfect,True,False
proportional_fair,synthetic-20260827-v5-slots120-dt0.100000,controlled_synthetic_motion,20260827,5,12.0,2500,605,1,1669,0,226,0.605,0.242,0.0,0.2,577.6859504132232,400.0,1400.0000000000002,1600.0,0.6676,0.0904,0.758,0.26338702655637786,3,0,0,0.0,0.0,0,0,0.0,0.0,0.5938156539232148,0.49693754867127266,16.10971553832157,4.349439587659924e-08,0.0005183638777813306,0.7090924489072493,67,offered_load,load=0.5,1.0,0.1,0.5,poisson,single,12000,1.2,18.0,70.0,ber,perfect,True,False
kalman_predictive,synthetic-20260827-v5-slots120-dt0.100000,controlled_synthetic_motion,20260827,5,12.0,2500,1850,150,469,0,181,1.85,0.74,0.0,0.2,455.2432432432432,400.0,900.0,1100.0,0.1876,0.0724,0.26,0.805398345668263,3,0,0,0.0,0.0,0,0,0.0,0.0,0.5196274168937743,0.7701673803747159,14.601680715559885,3.425987643316391e-06,0.03600619160501187,0.578848481285102,92,offered_load,load=0.5,1.0,0.1,0.5,poisson,single,12000,1.2,18.0,70.0,ber,perfect,True,False
link_lifetime,synthetic-20260827-v5-slots120-dt0.100000,controlled_synthetic_motion,20260827,5,12.0,2500,1840,198,479,0,181,1.84,0.736,0.0,0.2,487.3369565217391,500.0,1000.0,1200.0000000000002,0.1916,0.0724,0.264,0.8010448410970832,3,0,0,0.0,0.0,0,0,0.0,0.0,0.5171026003283822,0.768308083989988,14.55407584317694,4.125034295143559e-06,0.04173201057582768,0.5751616573808729,88,offered_load,load=0.5,1.0,0.1,0.5,poisson,single,12000,1.2,18.0,70.0,ber,perfect,True,False
oracle,synthetic-20260827-v5-slots120-dt0.100000,controlled_synthetic_motion,20260827,5,12.0,2500,1840,198,479,0,181,1.84,0.736,0.0,0.2,487.3369565217391,500.0,1000.0,1200.0000000000002,0.1916,0.0724,0.264,0.8010448410970832,3,0,0,0.0,0.0,0,0,0.0,0.0,0.5171026003283822,0.768308083989988,14.55407584317694,4.125034295143559e-06,0.04173201057582768,0.5751616573808729,88,offered_load,load=0.5,1.0,0.1,0.5,poisson,single,12000,1.2,18.0,70.0,ber,perfect,True,False
reactive_greedy,synthetic-20260827-v5-slots120-dt0.100000,controlled_synthetic_motion,20260827,5,12.0,3452,2750,307,544,0,158,2.75,0.7966396292004635,0.0,0.2,243.8909090909091,200.0,700.0000000000001,1000.0,0.15758980301274622,0.04577056778679027,0.2033603707995365,0.8766337264902774,4,0,0,0.0,0.0,0,0,0.0,0.0,0.512881897795269,0.7845246595139629,11.817948494603536,7.530503762612227e-06,0.07615137768225978,0.2799656692637767,105,offered_load,load=0.7,1.0,0.1,0.7,poisson,single,12000,1.2,18.0,70.0,ber,perfect,True,False
proportional_fair,synthetic-20260827-v5-slots120-dt0.100000,controlled_synthetic_motion,20260827,5,12.0,3452,765,2,2359,0,328,0.765,0.22161066048667438,0.0,0.2,665.0980392156863,600.0000000000001,1400.0000000000002,1600.0,0.6833719582850522,0.09501738122827347,0.7783893395133256,0.24386356391456807,4,0,0,0.0,0.0,0,0,0.0,0.0,0.639411967156694,0.49052987123583497,16.45968582158282,4.651780035891211e-08,0.0005541133102678676,0.7603747575236437,44,offered_load,load=0.7,1.0,0.1,0.7,poisson,single,12000,1.2,18.0,70.0,ber,perfect,True,False
kalman_predictive,synthetic-20260827-v5-slots120-dt0.100000,controlled_synthetic_motion,20260827,5,12.0,3452,2603,245,635,0,214,2.603,0.7540556199304751,0.0,0.2,506.377257011141,500.0,900.0,1200.0000000000002,0.1839513325608343,0.06199304750869061,0.2459443800695249,0.8297736691106152,4,0,0,0.0,0.0,0,0,0.0,0.0,0.5145286411020175,0.7741516722099038,13.741946271232615,4.991047494830814e-06,0.05114265821551215,0.48820767360483475,95,offered_load,load=0.7,1.0,0.1,0.7,poisson,single,12000,1.2,18.0,70.0,ber,perfect,True,False
link_lifetime,synthetic-20260827-v5-slots120-dt0.100000,controlled_synthetic_motion,20260827,5,12.0,3452,2544,224,682,0,226,2.544,0.7369640787949016,0.0,0.2,506.6823899371069,500.0,900.0,1200.0000000000002,0.19756662804171496,0.06546929316338354,0.2630359212050985,0.810965890978642,4,0,0,0.0,0.0,0,0,0.0,0.0,0.5148933089462006,0.7681021002107656,13.86556354856573,4.449604215658905e-06,0.04594499453390647,0.5014043992214675,96,offered_load,load=0.7,1.0,0.1,0.7,poisson,single,12000,1.2,18.0,70.0,ber,perfect,True,False
oracle,synthetic-20260827-v5-slots120-dt0.100000,controlled_synthetic_motion,20260827,5,12.0,3452,2544,224,682,0,226,2.544,0.7369640787949016,0.0,0.2,506.6823899371069,500.0,900.0,1200.0000000000002,0.19756662804171496,0.06546929316338354,0.2630359212050985,0.810965890978642,4,0,0,0.0,0.0,0,0,0.0,0.0,0.5148933089462006,0.7681021002107656,13.86556354856573,4.449604215658905e-06,0.04594499453390647,0.5014043992214675,96,offered_load,load=0.7,1.0,0.1,0.7,poisson,single,12000,1.2,18.0,70.0,ber,perfect,True,False
reactive_greedy,synthetic-20260827-v5-slots120-dt0.100000,controlled_synthetic_motion,20260827,5,12.0,4553,3548,439,771,0,234,3.548,0.7792664177465407,0.0,0.2,282.10259301014656,200.0,800.0,1100.0,0.16933889743026576,0.051394684823193496,0.22073358225345927,0.8597043857523625,4,0,0,0.0,0.0,0,0,0.0,0.0,0.509945850956652,0.7823825431237174,11.820397237288233,8.517017943921478e-06,0.0849503170821604,0.2886195103221642,107,offered_load,load=0.9,1.0,0.1,0.9,poisson,single,12000,1.2,18.0,70.0,ber,perfect,True,False
proportional_fair,synthetic-20260827-v5-slots120-dt0.100000,controlled_synthetic_motion,20260827,5,12.0,4553,937,2,3229,0,387,0.937,0.20579837469800133,0.0,0.2,700.7470651013874,600.0000000000001,1500.0,1600.0,0.7092027234790248,0.08499890182297386,0.7942016253019987,0.22704143445602132,4,0,0,0.0,0.0,0,0,0.0,0.0,0.6447855351431541,0.4778082589282934,16.52392329588873,5.447874623933881e-08,0.0006487019789720734,0.767653772979882,42,offered_load,load=0.9,1.0,0.1,0.9,poisson,single,12000,1.2,18.0,70.0,ber,perfect,True,False
kalman_predictive,synthetic-20260827-v5-slots120-dt0.100000,controlled_synthetic_motion,20260827,5,12.0,4553,3265,308,960,0,328,3.265,0.7171095980672084,0.0,0.2,701.531393568147,700.0000000000001,1100.0,1300.0,0.21084998901822974,0.07204041291456183,0.2828904019327916,0.7911315725708747,4,0,0,0.0,0.0,0,0,0.0,0.0,0.5131857305605521,0.7640653007509708,13.101342138337424,5.891720070148206e-06,0.06063746959261731,0.4323092873656062,93,offered_load,load=0.9,1.0,0.1,0.9,poisson,single,12000,1.2,18.0,70.0,ber,perfect,True,False
link_lifetime,synthetic-20260827-v5-slots120-dt0.100000,controlled_synthetic_motion,20260827,5,12.0,4553,3298,324,931,0,324,3.298,0.72435756643971,0.0,0.2,692.2983626440267,700.0000000000001,1100.0,1300.0,0.20448056226663738,0.07116187129365253,0.27564243356028995,0.799127695662709,4,0,0,0.0,0.0,0,0,0.0,0.0,0.5192986644182576,0.7670185458347507,13.011946265134657,6.207205684836669e-06,0.06341090687232516,0.42104726355634753,95,offered_load,load=0.9,1.0,0.1,0.9,poisson,single,12000,1.2,18.0,70.0,ber,perfect,True,False
oracle,synthetic-20260827-v5-slots120-dt0.100000,controlled_synthetic_motion,20260827,5,12.0,4553,3364,333,886,0,303,3.364,0.7388535031847133,0.0,0.2,675.0297265160523,700.0000000000001,1000.0,1200.0000000000002,0.19459696903140786,0.06654952778387876,0.2611464968152866,0.8151199418463775,4,0,0,0.0,0.0,0,0,0.0,0.0,0.5151141317434502,0.7703343561997974,12.926551532445519,6.472923248886356e-06,0.06616193962141233,0.4135730040813012,95,offered_load,load=0.9,1.0,0.1,0.9,poisson,single,12000,1.2,18.0,70.0,ber,perfect,True,False
reactive_greedy,synthetic-20260827-v5-slots120-dt0.100000,controlled_synthetic_motion,20260827,5,12.0,5455,4061,398,1124,0,270,4.061,0.7444546287809349,0.0,0.2,326.98842649593695,300.00000000000006,900.0,1100.0,0.2060494958753437,0.04949587534372136,0.25554537121906507,0.8212335692618807,5,0,0,0.0,0.0,0,0,0.0,0.0,0.4805080500008377,0.7202801200763456,11.514806994307957,8.282202453679514e-06,0.08413769606842544,0.2551977861076316,101,offered_load,load=1.1,1.0,0.1,1.1,poisson,single,12000,1.2,18.0,70.0,ber,perfect,True,False
proportional_fair,synthetic-20260827-v5-slots120-dt0.100000,controlled_synthetic_motion,20260827,5,12.0,5455,928,2,3987,0,540,0.928,0.1701191567369386,0.0,0.2,685.1293103448276,500.0,1500.0,1700.0000000000002,0.7308890925756187,0.09899175068744272,0.8298808432630614,0.18766430738119314,5,0,0,0.0,0.0,0,0,0.0,0.0,0.6497638413134347,0.4477881453612897,16.539932117526238,5.827147780236496e-08,0.0006936531361500334,0.7736063141250084,39,offered_load,load=1.1,1.0,0.1,1.1,poisson,single,12000,1.2,18.0,70.0,ber,perfect,True,False
kalman_predictive,synthetic-20260827-v5-slots120-dt0.100000,controlled_synthetic_motion,20260827,5,12.0,5455,3752,271,1315,0,388,3.752,0.6878093492208983,0.0,0.2,743.5501066098082,800.0,1200.0000000000002,1300.0,0.24106324472960586,0.07112740604949587,0.31219065077910174,0.7587462082912032,5,0,0,0.0,0.0,0,0,0.0,0.0,0.5251974969603656,0.7668233127144478,12.707537233988722,5.360424944177419e-06,0.0567622675782927,0.38562321390652,85,offered_load,load=1.1,1.0,0.1,1.1,poisson,single,12000,1.2,18.0,70.0,ber,perfect,True,False
link_lifetime,synthetic-20260827-v5-slots120-dt0.100000,controlled_synthetic_motion,20260827,5,12.0,5455,3754,296,1279,0,422,3.754,0.6881759853345555,0.0,0.2,762.8929142248269,800.0,1200.0000000000002,1400.0000000000002,0.23446379468377634,0.0773602199816682,0.31182401466544457,0.7591506572295248,5,0,0,0.0,0.0,0,0,0.0,0.0,0.5172581038846159,0.7656248518279494,12.67129931726285,5.955735979653811e-06,0.06165733757312901,0.38599558146657675,81,offered_load,load=1.1,1.0,0.1,1.1,poisson,single,12000,1.2,18.0,70.0,ber,perfect,True,False
oracle,synthetic-20260827-v5-slots120-dt0.100000,controlled_synthetic_motion,20260827,5,12.0,5455,3765,280,1339,0,351,3.765,0.69019248395967,0.0,0.2,746.0823373173971,800.0,1200.0000000000002,1400.0000000000002,0.2454628780934922,0.06434463794683776,0.30980751604032997,0.7613751263902933,5,0,0,0.0,0.0,0,0,0.0,0.0,0.5127517620927464,0.7577065071702304,12.636559646006592,5.6615392593221945e-06,0.058925743196115356,0.3715648243936359,82,offered_load,load=1.1,1.0,0.1,1.1,poisson,single,12000,1.2,18.0,70.0,ber,perfect,True,False
reactive_greedy,synthetic-20260827-v5-slots120-dt0.100000,controlled_synthetic_motion,20260827,5,12.0,3587,2802,327,610,0,175,2.802,0.7811541678282687,0.0,0.2,241.50606709493218,200.0,700.0000000000001,1000.0,0.1700585447449122,0.04878728742681907,0.21884583217173126,0.8629504157684016,4,0,0,0.0,0.0,0,0,0.0,0.0,0.5035101783242929,0.7796453120072867,11.762863169548151,7.77462839382546e-06,0.07801228266788594,0.2752991816577234,107,prediction_horizon,horizon_s=0.1,0.1,0.1,0.72,poisson,single,12000,1.2,18.0,70.0,ber,perfect,True,False
proportional_fair,synthetic-20260827-v5-slots120-dt0.100000,controlled_synthetic_motion,20260827,5,12.0,3587,765,1,2506,0,316,0.765,0.2132701421800948,0.0,0.2,673.9869281045752,600.0000000000001,1500.0,1636.0000000000014,0.698633955952049,0.08809590186785615,0.7867298578199052,0.2356020942408377,4,0,0,0.0,0.0,0,0,0.0,0.0,0.6380247371203985,0.48797730551437085,16.41599630813436,5.6662230047583626e-08,0.0006731104051231932,0.7486412166036585,42,prediction_horizon,horizon_s=0.1,0.1,0.1,0.72,poisson,single,12000,1.2,18.0,70.0,ber,perfect,True,False
kalman_predictive,synthetic-20260827-v5-slots120-dt0.100000,controlled_synthetic_motion,20260827,5,12.0,3587,2708,247,655,0,224,2.708,0.7549484248675774,0.0,0.2,527.4741506646972,500.0,900.0,1200.0000000000002,0.18260384722609424,0.06244772790632841,0.24505157513242265,0.8340006159531875,4,0,0,0.0,0.0,0,0,0.0,0.0,0.521499914307272,0.7771860449105963,13.647348438073472,4.791239543676795e-06,0.050161798011568434,0.47893919959936226,87,prediction_horizon,horizon_s=0.1,0.1,0.1,0.72,poisson,single,12000,1.2,18.0,70.0,ber,perfect,True,False
link_lifetime,synthetic-20260827-v5-slots120-dt0.100000,controlled_synthetic_motion,20260827,5,12.0,3587,2652,249,739,0,196,2.652,0.7393364928909952,0.0,0.2,536.4630467571644,500.0,1000.0,1200.0000000000002,0.2060217451909674,0.05464176191803736,0.26066350710900477,0.8167539267015707,4,0,0,0.0,0.0,0,0,0.0,0.0,0.5114170179440511,0.7692914902998341,13.75696202757198,4.5707374359223804e-06,0.04765984060098601,0.4912156320774674,86,prediction_horizon,horizon_s=0.1,0.1,0.1,0.72,poisson,single,12000,1.2,18.0,70.0,ber,perfect,True,False
oracle,synthetic-20260827-v5-slots120-dt0.100000,controlled_synthetic_motion,20260827,5,12.0,3587,2652,249,739,0,196,2.652,0.7393364928909952,0.0,0.2,536.4630467571644,500.0,1000.0,1200.0000000000002,0.2060217451909674,0.05464176191803736,0.26066350710900477,0.8167539267015707,4,0,0,0.0,0.0,0,0,0.0,0.0,0.5114170179440511,0.7692914902998341,13.75696202757198,4.5707374359223804e-06,0.04765984060098601,0.4912156320774674,86,prediction_horizon,horizon_s=0.1,0.1,0.1,0.72,poisson,single,12000,1.2,18.0,70.0,ber,perfect,True,False
reactive_greedy,synthetic-20260827-v5-slots120-dt0.100000,controlled_synthetic_motion,20260827,5,12.0,3587,2802,327,610,0,175,2.802,0.7811541678282687,0.0,0.2,241.50606709493218,200.0,700.0000000000001,1000.0,0.1700585447449122,0.04878728742681907,0.21884583217173126,0.8629504157684016,4,0,0,0.0,0.0,0,0,0.0,0.0,0.5035101783242929,0.7796453120072867,11.762863169548151,7.77462839382546e-06,0.07801228266788594,0.2752991816577234,107,prediction_horizon,horizon_s=0.3,0.30000000000000004,0.1,0.72,poisson,single,12000,1.2,18.0,70.0,ber,perfect,True,False
proportional_fair,synthetic-20260827-v5-slots120-dt0.100000,controlled_synthetic_motion,20260827,5,12.0,3587,765,1,2506,0,316,0.765,0.2132701421800948,0.0,0.2,673.9869281045752,600.0000000000001,1500.0,1636.0000000000014,0.698633955952049,0.08809590186785615,0.7867298578199052,0.2356020942408377,4,0,0,0.0,0.0,0,0,0.0,0.0,0.6380247371203985,0.48797730551437085,16.41599630813436,5.6662230047583626e-08,0.0006731104051231932,0.7486412166036585,42,prediction_horizon,horizon_s=0.3,0.30000000000000004,0.1,0.72,poisson,single,12000,1.2,18.0,70.0,ber,perfect,True,False
kalman_predictive,synthetic-20260827-v5-slots120-dt0.100000,controlled_synthetic_motion,20260827,5,12.0,3587,2652,249,739,0,196,2.652,0.7393364928909952,0.0,0.2,536.4630467571644,500.0,1000.0,1200.0000000000002,0.2060217451909674,0.05464176191803736,0.26066350710900477,0.8167539267015707,4,0,0,0.0,0.0,0,0,0.0,0.0,0.5114170179440511,0.7692914902998341,13.75696202757198,4.5707374359223804e-06,0.04765984060098601,0.4912156320774674,86,prediction_horizon,horizon_s=0.3,0.30000000000000004,0.1,0.72,poisson,single,12000,1.2,18.0,70.0,ber,perfect,True,False
link_lifetime,synthetic-20260827-v5-slots120-dt0.100000,controlled_synthetic_motion,20260827,5,12.0,3587,2652,249,739,0,196,2.652,0.7393364928909952,0.0,0.2,536.4630467571644,500.0,1000.0,1200.0000000000002,0.2060217451909674,0.05464176191803736,0.26066350710900477,0.8167539267015707,4,0,0,0.0,0.0,0,0,0.0,0.0,0.5114170179440511,0.7692914902998341,13.75696202757198,4.5707374359223804e-06,0.04765984060098601,0.4912156320774674,86,prediction_horizon,horizon_s=0.3,0.30000000000000004,0.1,0.72,poisson,single,12000,1.2,18.0,70.0,ber,perfect,True,False
oracle,synthetic-20260827-v5-slots120-dt0.100000,controlled_synthetic_motion,20260827,5,12.0,3587,2652,249,739,0,196,2.652,0.7393364928909952,0.0,0.2,536.4630467571644,500.0,1000.0,1200.0000000000002,0.2060217451909674,0.05464176191803736,0.26066350710900477,0.8167539267015707,4,0,0,0.0,0.0,0,0,0.0,0.0,0.5114170179440511,0.7692914902998341,13.75696202757198,4.5707374359223804e-06,0.04765984060098601,0.4912156320774674,86,prediction_horizon,horizon_s=0.3,0.30000000000000004,0.1,0.72,poisson,single,12000,1.2,18.0,70.0,ber,perfect,True,False
reactive_greedy,synthetic-20260827-v5-slots120-dt0.100000,controlled_synthetic_motion,20260827,5,12.0,3587,2802,327,610,0,175,2.802,0.7811541678282687,0.0,0.2,241.50606709493218,200.0,700.0000000000001,1000.0,0.1700585447449122,0.04878728742681907,0.21884583217173126,0.8629504157684016,4,0,0,0.0,0.0,0,0,0.0,0.0,0.5035101783242929,0.7796453120072867,11.762863169548151,7.77462839382546e-06,0.07801228266788594,0.2752991816577234,107,prediction_horizon,horizon_s=0.5,0.5,0.1,0.72,poisson,single,12000,1.2,18.0,70.0,ber,perfect,True,False
proportional_fair,synthetic-20260827-v5-slots120-dt0.100000,controlled_synthetic_motion,20260827,5,12.0,3587,765,1,2506,0,316,0.765,0.2132701421800948,0.0,0.2,673.9869281045752,600.0000000000001,1500.0,1636.0000000000014,0.698633955952049,0.08809590186785615,0.7867298578199052,0.2356020942408377,4,0,0,0.0,0.0,0,0,0.0,0.0,0.6380247371203985,0.48797730551437085,16.41599630813436,5.6662230047583626e-08,0.0006731104051231932,0.7486412166036585,42,prediction_horizon,horizon_s=0.5,0.5,0.1,0.72,poisson,single,12000,1.2,18.0,70.0,ber,perfect,True,False
kalman_predictive,synthetic-20260827-v5-slots120-dt0.100000,controlled_synthetic_motion,20260827,5,12.0,3587,2652,249,739,0,196,2.652,0.7393364928909952,0.0,0.2,536.4630467571644,500.0,1000.0,1200.0000000000002,0.2060217451909674,0.05464176191803736,0.26066350710900477,0.8167539267015707,4,0,0,0.0,0.0,0,0,0.0,0.0,0.5114170179440511,0.7692914902998341,13.75696202757198,4.5707374359223804e-06,0.04765984060098601,0.4912156320774674,86,prediction_horizon,horizon_s=0.5,0.5,0.1,0.72,poisson,single,12000,1.2,18.0,70.0,ber,perfect,True,False
link_lifetime,synthetic-20260827-v5-slots120-dt0.100000,controlled_synthetic_motion,20260827,5,12.0,3587,2652,249,739,0,196,2.652,0.7393364928909952,0.0,0.2,536.4630467571644,500.0,1000.0,1200.0000000000002,0.2060217451909674,0.05464176191803736,0.26066350710900477,0.8167539267015707,4,0,0,0.0,0.0,0,0,0.0,0.0,0.5114170179440511,0.7692914902998341,13.75696202757198,4.5707374359223804e-06,0.04765984060098601,0.4912156320774674,86,prediction_horizon,horizon_s=0.5,0.5,0.1,0.72,poisson,single,12000,1.2,18.0,70.0,ber,perfect,True,False
oracle,synthetic-20260827-v5-slots120-dt0.100000,controlled_synthetic_motion,20260827,5,12.0,3587,2652,249,739,0,196,2.652,0.7393364928909952,0.0,0.2,536.4630467571644,500.0,1000.0,1200.0000000000002,0.2060217451909674,0.05464176191803736,0.26066350710900477,0.8167539267015707,4,0,0,0.0,0.0,0,0,0.0,0.0,0.5114170179440511,0.7692914902998341,13.75696202757198,4.5707374359223804e-06,0.04765984060098601,0.4912156320774674,86,prediction_horizon,horizon_s=0.5,0.5,0.1,0.72,poisson,single,12000,1.2,18.0,70.0,ber,perfect,True,False
reactive_greedy,synthetic-20260827-v5-slots120-dt0.100000,controlled_synthetic_motion,20260827,5,12.0,3587,2802,327,610,0,175,2.802,0.7811541678282687,0.0,0.2,241.50606709493218,200.0,700.0000000000001,1000.0,0.1700585447449122,0.04878728742681907,0.21884583217173126,0.8629504157684016,4,0,0,0.0,0.0,0,0,0.0,0.0,0.5035101783242929,0.7796453120072867,11.762863169548151,7.77462839382546e-06,0.07801228266788594,0.2752991816577234,107,prediction_horizon,horizon_s=1,1.0,0.1,0.72,poisson,single,12000,1.2,18.0,70.0,ber,perfect,True,False
proportional_fair,synthetic-20260827-v5-slots120-dt0.100000,controlled_synthetic_motion,20260827,5,12.0,3587,765,1,2506,0,316,0.765,0.2132701421800948,0.0,0.2,673.9869281045752,600.0000000000001,1500.0,1636.0000000000014,0.698633955952049,0.08809590186785615,0.7867298578199052,0.2356020942408377,4,0,0,0.0,0.0,0,0,0.0,0.0,0.6380247371203985,0.48797730551437085,16.41599630813436,5.6662230047583626e-08,0.0006731104051231932,0.7486412166036585,42,prediction_horizon,horizon_s=1,1.0,0.1,0.72,poisson,single,12000,1.2,18.0,70.0,ber,perfect,True,False
kalman_predictive,synthetic-20260827-v5-slots120-dt0.100000,controlled_synthetic_motion,20260827,5,12.0,3587,2670,245,691,0,226,2.67,0.7443546138834681,0.0,0.2,563.558052434457,600.0000000000001,1000.0,1200.0000000000002,0.19264008921103987,0.06300529690549206,0.2556453861165319,0.8222975053895903,4,0,0,0.0,0.0,0,0,0.0,0.0,0.5183527363867785,0.772818477217005,13.699361593911954,4.538296711179161e-06,0.04801251780913873,0.4824378580971843,89,prediction_horizon,horizon_s=1,1.0,0.1,0.72,poisson,single,12000,1.2,18.0,70.0,ber,perfect,True,False
link_lifetime,synthetic-20260827-v5-slots120-dt0.100000,controlled_synthetic_motion,20260827,5,12.0,3587,2691,296,701,0,195,2.691,0.7502090883746864,0.0,0.2,543.2181345224824,500.0,1000.0,1200.0000000000002,0.1954279342068581,0.054362977418455534,0.24979091162531364,0.8287650138589467,4,0,0,0.0,0.0,0,0,0.0,0.0,0.5070686955069528,0.7700967629827439,13.603744391532754,5.3445477398390334e-06,0.05451156343059866,0.4744658615896634,90,prediction_horizon,horizon_s=1,1.0,0.1,0.72,poisson,single,12000,1.2,18.0,70.0,ber,perfect,True,False
oracle,synthetic-20260827-v5-slots120-dt0.100000,controlled_synthetic_motion,20260827,5,12.0,3587,2691,296,701,0,195,2.691,0.7502090883746864,0.0,0.2,543.2181345224824,500.0,1000.0,1200.0000000000002,0.1954279342068581,0.054362977418455534,0.24979091162531364,0.8287650138589467,4,0,0,0.0,0.0,0,0,0.0,0.0,0.5070686955069528,0.7700967629827439,13.603744391532754,5.3445477398390334e-06,0.05451156343059866,0.4744658615896634,90,prediction_horizon,horizon_s=1,1.0,0.1,0.72,poisson,single,12000,1.2,18.0,70.0,ber,perfect,True,False
reactive_greedy,synthetic-20260827-v5-slots120-dt0.100000,controlled_synthetic_motion,20260827,5,12.0,3587,2802,327,610,0,175,2.802,0.7811541678282687,0.0,0.2,241.50606709493218,200.0,700.0000000000001,1000.0,0.1700585447449122,0.04878728742681907,0.21884583217173126,0.8629504157684016,4,0,0,0.0,0.0,0,0,0.0,0.0,0.5035101783242929,0.7796453120072867,11.762863169548151,7.77462839382546e-06,0.07801228266788594,0.2752991816577234,107,prediction_horizon,horizon_s=2,2.0,0.1,0.72,poisson,single,12000,1.2,18.0,70.0,ber,perfect,True,False
proportional_fair,synthetic-20260827-v5-slots120-dt0.100000,controlled_synthetic_motion,20260827,5,12.0,3587,765,1,2506,0,316,0.765,0.2132701421800948,0.0,0.2,673.9869281045752,600.0000000000001,1500.0,1636.0000000000014,0.698633955952049,0.08809590186785615,0.7867298578199052,0.2356020942408377,4,0,0,0.0,0.0,0,0,0.0,0.0,0.6380247371203985,0.48797730551437085,16.41599630813436,5.6662230047583626e-08,0.0006731104051231932,0.7486412166036585,42,prediction_horizon,horizon_s=2,2.0,0.1,0.72,poisson,single,12000,1.2,18.0,70.0,ber,perfect,True,False
kalman_predictive,synthetic-20260827-v5-slots120-dt0.100000,controlled_synthetic_motion,20260827,5,12.0,3587,2684,261,690,0,213,2.684,0.7482575968776136,0.0,0.2,536.4754098360655,500.0,1000.0,1200.0000000000002,0.19236130471145804,0.059381098410928354,0.2517424031223864,0.8266091777024946,4,0,0,0.0,0.0,0,0,0.0,0.0,0.5163132888824862,0.7730267683074017,13.630080055622859,5.036051909967592e-06,0.0516813538082609,0.4734196493294173,96,prediction_horizon,horizon_s=2,2.0,0.1,0.72,poisson,single,12000,1.2,18.0,70.0,ber,perfect,True,False
link_lifetime,synthetic-20260827-v5-slots120-dt0.100000,controlled_synthetic_motion,20260827,5,12.0,3587,2702,281,682,0,203,2.702,0.7532757178700864,0.0,0.2,536.5655070318282,500.0,1000.0,1200.0000000000002,0.19013102871480345,0.05659325341511012,0.24672428212991357,0.8321527563905143,4,0,0,0.0,0.0,0,0,0.0,0.0,0.5131765716410494,0.7728680749752538,13.597871778349692,5.395245850097805e-06,0.054659715656664304,0.4727984139614064,100,prediction_horizon,horizon_s=2,2.0,0.1,0.72,poisson,single,12000,1.2,18.0,70.0,ber,perfect,True,False
oracle,synthetic-20260827-v5-slots120-dt0.100000,controlled_synthetic_motion,20260827,5,12.0,3587,2702,281,682,0,203,2.702,0.7532757178700864,0.0,0.2,536.5655070318282,500.0,1000.0,1200.0000000000002,0.19013102871480345,0.05659325341511012,0.24672428212991357,0.8321527563905143,4,0,0,0.0,0.0,0,0,0.0,0.0,0.5131765716410494,0.7728680749752538,13.597871778349692,5.395245850097805e-06,0.054659715656664304,0.4727984139614064,100,prediction_horizon,horizon_s=2,2.0,0.1,0.72,poisson,single,12000,1.2,18.0,70.0,ber,perfect,True,False
reactive_greedy,synthetic-20260827-v5-slots240-dt0.050000,controlled_synthetic_motion,20260827,5,6.0,1784,1606,181,123,0,55,3.212,0.9002242152466368,0.0,0.2,129.23412204234123,100.0,350.00000000000006,500.0,0.06894618834080718,0.030829596412556053,0.09977578475336323,0.991358024691358,2,0,0,0.0,0.0,0,0,0.0,0.0,0.5527617341285744,0.7999714385429326,11.414658213132501,7.479378424805181e-06,0.0820910423880144,0.24909640274304573,112,slot_duration,slot_s=0.05,1.0,0.05,0.72,poisson,single,12000,1.2,18.0,70.0,ber,perfect,True,False
proportional_fair,synthetic-20260827-v5-slots240-dt0.050000,controlled_synthetic_motion,20260827,5,6.0,1784,386,5,1083,0,315,0.772,0.2163677130044843,0.0,0.2,251.94300518134716,100.0,1187.5000000000002,1450.0000000000002,0.6070627802690582,0.1765695067264574,0.7836322869955157,0.2382716049382716,2,0,0,0.0,0.0,0,0,0.0,0.0,0.5541562837058802,0.4656775305250778,15.30743180415668,8.141141918560699e-08,0.0009627866407635078,0.5766849225625951,70,slot_duration,slot_s=0.05,1.0,0.05,0.72,poisson,single,12000,1.2,18.0,70.0,ber,perfect,True,False
kalman_predictive,synthetic-20260827-v5-slots240-dt0.050000,controlled_synthetic_motion,20260827,5,6.0,1784,1518,110,131,0,135,3.036,0.850896860986547,0.0,0.2,503.7220026350461,550.0,850.0000000000001,1000.0,0.0734304932735426,0.07567264573991031,0.1491031390134529,0.937037037037037,2,0,0,0.0,0.0,0,0,0.0,0.0,0.5614564627855922,0.79915729529081,12.932942526573552,5.071771383009381e-06,0.05614042233914188,0.394012196218708,84,slot_duration,slot_s=0.05,1.0,0.05,0.72,poisson,single,12000,1.2,18.0,70.0,ber,perfect,True,False
link_lifetime,synthetic-20260827-v5-slots240-dt0.050000,controlled_synthetic_motion,20260827,5,6.0,1784,1524,124,127,0,133,3.048,0.8542600896860987,0.0,0.2,453.9698162729659,450.0,800.0,950.0000000000001,0.07118834080717489,0.07455156950672645,0.14573991031390135,0.9407407407407408,2,0,0,0.0,0.0,0,0,0.0,0.0,0.5575877466749892,0.7991747993883512,12.876654983934545,5.199443988732774e-06,0.05746230720646998,0.3887081846904493,93,slot_duration,slot_s=0.05,1.0,0.05,0.72,poisson,single,12000,1.2,18.0,70.0,ber,perfect,True,False
oracle,synthetic-20260827-v5-slots240-dt0.050000,controlled_synthetic_motion,20260827,5,6.0,1784,1524,124,127,0,133,3.048,0.8542600896860987,0.0,0.2,453.9698162729659,450.0,800.0,950.0000000000001,0.07118834080717489,0.07455156950672645,0.14573991031390135,0.9407407407407408,2,0,0,0.0,0.0,0,0,0.0,0.0,0.5575877466749892,0.7991747993883512,12.876654983934545,5.199443988732774e-06,0.05746230720646998,0.3887081846904493,93,slot_duration,slot_s=0.05,1.0,0.05,0.72,poisson,single,12000,1.2,18.0,70.0,ber,perfect,True,False
reactive_greedy,synthetic-20260827-v5-slots120-dt0.100000,controlled_synthetic_motion,20260827,5,12.0,3587,2802,327,610,0,175,2.802,0.7811541678282687,0.0,0.2,241.50606709493218,200.0,700.0000000000001,1000.0,0.1700585447449122,0.04878728742681907,0.21884583217173126,0.8629504157684016,4,0,0,0.0,0.0,0,0,0.0,0.0,0.5035101783242929,0.7796453120072867,11.762863169548151,7.77462839382546e-06,0.07801228266788594,0.2752991816577234,107,slot_duration,slot_s=0.1,1.0,0.1,0.72,poisson,single,12000,1.2,18.0,70.0,ber,perfect,True,False
proportional_fair,synthetic-20260827-v5-slots120-dt0.100000,controlled_synthetic_motion,20260827,5,12.0,3587,765,1,2506,0,316,0.765,0.2132701421800948,0.0,0.2,673.9869281045752,600.0000000000001,1500.0,1636.0000000000014,0.698633955952049,0.08809590186785615,0.7867298578199052,0.2356020942408377,4,0,0,0.0,0.0,0,0,0.0,0.0,0.6380247371203985,0.48797730551437085,16.41599630813436,5.6662230047583626e-08,0.0006731104051231932,0.7486412166036585,42,slot_duration,slot_s=0.1,1.0,0.1,0.72,poisson,single,12000,1.2,18.0,70.0,ber,perfect,True,False
kalman_predictive,synthetic-20260827-v5-slots120-dt0.100000,controlled_synthetic_motion,20260827,5,12.0,3587,2670,245,691,0,226,2.67,0.7443546138834681,0.0,0.2,563.558052434457,600.0000000000001,1000.0,1200.0000000000002,0.19264008921103987,0.06300529690549206,0.2556453861165319,0.8222975053895903,4,0,0,0.0,0.0,0,0,0.0,0.0,0.5183527363867785,0.772818477217005,13.699361593911954,4.538296711179161e-06,0.04801251780913873,0.4824378580971843,89,slot_duration,slot_s=0.1,1.0,0.1,0.72,poisson,single,12000,1.2,18.0,70.0,ber,perfect,True,False
link_lifetime,synthetic-20260827-v5-slots120-dt0.100000,controlled_synthetic_motion,20260827,5,12.0,3587,2691,296,701,0,195,2.691,0.7502090883746864,0.0,0.2,543.2181345224824,500.0,1000.0,1200.0000000000002,0.1954279342068581,0.054362977418455534,0.24979091162531364,0.8287650138589467,4,0,0,0.0,0.0,0,0,0.0,0.0,0.5070686955069528,0.7700967629827439,13.603744391532754,5.3445477398390334e-06,0.05451156343059866,0.4744658615896634,90,slot_duration,slot_s=0.1,1.0,0.1,0.72,poisson,single,12000,1.2,18.0,70.0,ber,perfect,True,False
oracle,synthetic-20260827-v5-slots120-dt0.100000,controlled_synthetic_motion,20260827,5,12.0,3587,2691,296,701,0,195,2.691,0.7502090883746864,0.0,0.2,543.2181345224824,500.0,1000.0,1200.0000000000002,0.1954279342068581,0.054362977418455534,0.24979091162531364,0.8287650138589467,4,0,0,0.0,0.0,0,0,0.0,0.0,0.5070686955069528,0.7700967629827439,13.603744391532754,5.3445477398390334e-06,0.05451156343059866,0.4744658615896634,90,slot_duration,slot_s=0.1,1.0,0.1,0.72,poisson,single,12000,1.2,18.0,70.0,ber,perfect,True,False
reactive_greedy,synthetic-20260827-v5-slots60-dt0.200000,controlled_synthetic_motion,20260827,5,12.0,3609,2560,235,829,0,220,2.56,0.7093377666943752,0.0,0.2,383.359375,400.0,1000.0,1400.0000000000002,0.22970351898032695,0.06095871432529787,0.29066223330562485,0.7819181429444105,11,0,0,0.0,0.0,0,0,0.0,0.0,0.45559676460671616,0.6797143361851197,11.845467536660758,6.150090325868083e-06,0.06374708246548626,0.28154755570219253,52,slot_duration,slot_s=0.2,1.0,0.2,0.72,poisson,single,12000,1.2,18.0,70.0,ber,perfect,True,False
proportional_fair,synthetic-20260827-v5-slots60-dt0.200000,controlled_synthetic_motion,20260827,5,12.0,3609,729,7,2490,0,390,0.729,0.20199501246882792,0.0,0.2,741.0150891632373,600.0000000000001,1600.0,1800.0,0.6899418121363259,0.10806317539484622,0.7980049875311721,0.2226634086744044,11,0,0,0.0,0.0,0,0,0.0,0.0,0.7181974823133527,0.4859848037130985,16.682526823948514,8.421050592380663e-08,0.000998045597724474,0.8210029010382222,25,slot_duration,slot_s=0.2,1.0,0.2,0.72,poisson,single,12000,1.2,18.0,70.0,ber,perfect,True,False
kalman_predictive,synthetic-20260827-v5-slots60-dt0.200000,controlled_synthetic_motion,20260827,5,12.0,3609,2513,195,789,0,307,2.513,0.6963147686339707,0.0,0.2,631.5161161957819,600.0000000000001,1200.0000000000002,1400.0000000000002,0.21862011637572734,0.08506511499030202,0.3036852313660294,0.7675626145387905,11,0,0,0.0,0.0,0,0,0.0,0.0,0.5217765872758496,0.7594962366575112,13.958825352642627,3.831442560903812e-06,0.040693308205366714,0.5289155092964205,54,slot_duration,slot_s=0.2,1.0,0.2,0.72,poisson,single,12000,1.2,18.0,70.0,ber,perfect,True,False
link_lifetime,synthetic-20260827-v5-slots60-dt0.200000,controlled_synthetic_motion,20260827,5,12.0,3609,2513,195,789,0,307,2.513,0.6963147686339707,0.0,0.2,631.5161161957819,600.0000000000001,1200.0000000000002,1400.0000000000002,0.21862011637572734,0.08506511499030202,0.3036852313660294,0.7675626145387905,11,0,0,0.0,0.0,0,0,0.0,0.0,0.5217765872758496,0.7594962366575112,13.958825352642627,3.831442560903812e-06,0.040693308205366714,0.5289155092964205,54,slot_duration,slot_s=0.2,1.0,0.2,0.72,poisson,single,12000,1.2,18.0,70.0,ber,perfect,True,False
oracle,synthetic-20260827-v5-slots60-dt0.200000,controlled_synthetic_motion,20260827,5,12.0,3609,2513,195,789,0,307,2.513,0.6963147686339707,0.0,0.2,631.5161161957819,600.0000000000001,1200.0000000000002,1400.0000000000002,0.21862011637572734,0.08506511499030202,0.3036852313660294,0.7675626145387905,11,0,0,0.0,0.0,0,0,0.0,0.0,0.5217765872758496,0.7594962366575112,13.958825352642627,3.831442560903812e-06,0.040693308205366714,0.5289155092964205,54,slot_duration,slot_s=0.2,1.0,0.2,0.72,poisson,single,12000,1.2,18.0,70.0,ber,perfect,True,False
reactive_greedy,synthetic-20260827-v3-slots120-dt0.100000,controlled_synthetic_motion,20260827,3,12.0,3561,3081,380,308,0,172,3.081,0.8652064026958719,0.0,0.0,214.63810451152224,200.0,600.0000000000001,1000.0,0.08649255827014883,0.04830103903397922,0.13479359730412804,0.8652064026958719,0,0,0,0.0,0.0,0,0,0.0,0.0,0.7165925997389709,0.9786553434259475,11.50032073754131,8.581322964125295e-06,0.0867455931479701,0.2619188727301428,94,vehicle_count,vehicles=3,1.0,0.1,0.72,poisson,single,12000,1.2,18.0,70.0,ber,perfect,True,False
proportional_fair,synthetic-20260827-v3-slots120-dt0.100000,controlled_synthetic_motion,20260827,3,12.0,3561,816,15,2426,0,319,0.816,0.22914911541701768,0.0,0.0,783.9460784313726,800.0,1500.0,1700.0000000000002,0.6812693063746139,0.08958157820836844,0.7708508845829823,0.22914911541701768,0,0,0,0.0,0.0,0,0,0.0,0.0,0.9837949008900394,0.5705682151695811,16.5570578136339,2.40556489637804e-07,0.0028206877957823785,0.7893884461273887,25,vehicle_count,vehicles=3,1.0,0.1,0.72,poisson,single,12000,1.2,18.0,70.0,ber,perfect,True,False
kalman_predictive,synthetic-20260827-v3-slots120-dt0.100000,controlled_synthetic_motion,20260827,3,12.0,3561,2816,252,499,0,246,2.816,0.7907891041842179,0.0,0.0,667.2585227272727,700.0000000000001,1000.0,1300.0,0.14012917719741647,0.06908171861836562,0.2092108958157821,0.7907891041842179,0,0,0,0.0,0.0,0,0,0.0,0.0,0.7144620741688168,0.9546753215673073,13.618422442838627,5.0496322924575966e-06,0.05319767586311334,0.4955709517373044,81,vehicle_count,vehicles=3,1.0,0.1,0.72,poisson,single,12000,1.2,18.0,70.0,ber,perfect,True,False
link_lifetime,synthetic-20260827-v3-slots120-dt0.100000,controlled_synthetic_motion,20260827,3,12.0,3561,2793,275,519,0,249,2.793,0.7843302443133952,0.0,0.0,669.3519513068385,700.0000000000001,1000.0,1300.0,0.14574557708508845,0.06992417860151642,0.21566975568660487,0.7843302443133952,0,0,0,0.0,0.0,0,0,0.0,0.0,0.7086651319377238,0.9494944416852391,13.607845556669918,5.412263979805322e-06,0.056155466207610326,0.4951534042128319,80,vehicle_count,vehicles=3,1.0,0.1,0.72,poisson,single,12000,1.2,18.0,70.0,ber,perfect,True,False
oracle,synthetic-20260827-v3-slots120-dt0.100000,controlled_synthetic_motion,20260827,3,12.0,3561,2793,275,519,0,249,2.793,0.7843302443133952,0.0,0.0,669.3519513068385,700.0000000000001,1000.0,1300.0,0.14574557708508845,0.06992417860151642,0.21566975568660487,0.7843302443133952,0,0,0,0.0,0.0,0,0,0.0,0.0,0.7086651319377238,0.9494944416852391,13.607845556669918,5.412263979805322e-06,0.056155466207610326,0.4951534042128319,80,vehicle_count,vehicles=3,1.0,0.1,0.72,poisson,single,12000,1.2,18.0,70.0,ber,perfect,True,False
reactive_greedy,synthetic-20260827-v5-slots120-dt0.100000,controlled_synthetic_motion,20260827,5,12.0,3587,2802,327,610,0,175,2.802,0.7811541678282687,0.0,0.2,241.50606709493218,200.0,700.0000000000001,1000.0,0.1700585447449122,0.04878728742681907,0.21884583217173126,0.8629504157684016,4,0,0,0.0,0.0,0,0,0.0,0.0,0.5035101783242929,0.7796453120072867,11.762863169548151,7.77462839382546e-06,0.07801228266788594,0.2752991816577234,107,vehicle_count,vehicles=5,1.0,0.1,0.72,poisson,single,12000,1.2,18.0,70.0,ber,perfect,True,False
proportional_fair,synthetic-20260827-v5-slots120-dt0.100000,controlled_synthetic_motion,20260827,5,12.0,3587,765,1,2506,0,316,0.765,0.2132701421800948,0.0,0.2,673.9869281045752,600.0000000000001,1500.0,1636.0000000000014,0.698633955952049,0.08809590186785615,0.7867298578199052,0.2356020942408377,4,0,0,0.0,0.0,0,0,0.0,0.0,0.6380247371203985,0.48797730551437085,16.41599630813436,5.6662230047583626e-08,0.0006731104051231932,0.7486412166036585,42,vehicle_count,vehicles=5,1.0,0.1,0.72,poisson,single,12000,1.2,18.0,70.0,ber,perfect,True,False
kalman_predictive,synthetic-20260827-v5-slots120-dt0.100000,controlled_synthetic_motion,20260827,5,12.0,3587,2670,245,691,0,226,2.67,0.7443546138834681,0.0,0.2,563.558052434457,600.0000000000001,1000.0,1200.0000000000002,0.19264008921103987,0.06300529690549206,0.2556453861165319,0.8222975053895903,4,0,0,0.0,0.0,0,0,0.0,0.0,0.5183527363867785,0.772818477217005,13.699361593911954,4.538296711179161e-06,0.04801251780913873,0.4824378580971843,89,vehicle_count,vehicles=5,1.0,0.1,0.72,poisson,single,12000,1.2,18.0,70.0,ber,perfect,True,False
link_lifetime,synthetic-20260827-v5-slots120-dt0.100000,controlled_synthetic_motion,20260827,5,12.0,3587,2691,296,701,0,195,2.691,0.7502090883746864,0.0,0.2,543.2181345224824,500.0,1000.0,1200.0000000000002,0.1954279342068581,0.054362977418455534,0.24979091162531364,0.8287650138589467,4,0,0,0.0,0.0,0,0,0.0,0.0,0.5070686955069528,0.7700967629827439,13.603744391532754,5.3445477398390334e-06,0.05451156343059866,0.4744658615896634,90,vehicle_count,vehicles=5,1.0,0.1,0.72,poisson,single,12000,1.2,18.0,70.0,ber,perfect,True,False
oracle,synthetic-20260827-v5-slots120-dt0.100000,controlled_synthetic_motion,20260827,5,12.0,3587,2691,296,701,0,195,2.691,0.7502090883746864,0.0,0.2,543.2181345224824,500.0,1000.0,1200.0000000000002,0.1954279342068581,0.054362977418455534,0.24979091162531364,0.8287650138589467,4,0,0,0.0,0.0,0,0,0.0,0.0,0.5070686955069528,0.7700967629827439,13.603744391532754,5.3445477398390334e-06,0.05451156343059866,0.4744658615896634,90,vehicle_count,vehicles=5,1.0,0.1,0.72,poisson,single,12000,1.2,18.0,70.0,ber,perfect,True,False
reactive_greedy,synthetic-20260827-v10-slots120-dt0.100000,controlled_synthetic_motion,20260827,10,12.0,3565,1614,355,1769,0,182,1.614,0.4527349228611501,0.0,0.3516666666666667,313.13506815365554,200.0,1000.0,1300.0,0.49621318373071527,0.051051893408134645,0.54726507713885,0.7772511848341233,21,0,0,0.0,0.0,0,0,0.0,0.0,0.2632213083281127,0.48800048697423803,11.880488984252809,1.0571149714071077e-05,0.0948084971702609,0.27321356190791374,96,vehicle_count,vehicles=10,1.0,0.1,0.72,poisson,single,12000,1.2,18.0,70.0,ber,perfect,True,False
proportional_fair,synthetic-20260827-v10-slots120-dt0.100000,controlled_synthetic_motion,20260827,10,12.0,3565,716,14,2519,0,330,0.716,0.2008415147265077,0.0,0.3516666666666667,577.6536312849162,500.0,1300.0,1500.0,0.7065918653576437,0.09256661991584852,0.7991584852734923,0.5627962085308057,21,0,0,0.0,0.0,0,0,0.0,0.0,0.36874298702419656,0.39042477555786853,14.735221645179614,3.964143939013693e-07,0.004642665396602509,0.5345586843537968,86,vehicle_count,vehicles=10,1.0,0.1,0.72,poisson,single,12000,1.2,18.0,70.0,ber,perfect,True,False
kalman_predictive,synthetic-20260827-v10-slots120-dt0.100000,controlled_synthetic_motion,20260827,10,12.0,3565,1603,2132,1751,0,211,1.603,0.4496493688639551,0.0,0.3516666666666667,713.1004366812227,700.0000000000001,1300.0,1500.0,0.491164095371669,0.059186535764375874,0.5503506311360449,0.7654028436018957,21,0,0,0.0,0.0,0,0,0.0,0.0,0.32045486573142795,0.5475258681295809,11.135218944328189,0.00017798087380746933,0.4457737412362518,0.271557425244672,99,vehicle_count,vehicles=10,1.0,0.1,0.72,poisson,single,12000,1.2,18.0,70.0,ber,perfect,True,False
link_lifetime,synthetic-20260827-v10-slots120-dt0.100000,controlled_synthetic_motion,20260827,10,12.0,3565,1594,2112,1790,0,181,1.594,0.447124824684432,0.0,0.3516666666666667,704.642409033877,700.0000000000001,1300.0,1600.0,0.5021037868162693,0.050771388499298735,0.5528751753155681,0.7381516587677726,21,0,0,0.0,0.0,0,0,0.0,0.0,0.30334283654006866,0.5434930658763645,11.12194685657206,0.00018285256376362934,0.44356725005696335,0.26952611576989877,95,vehicle_count,vehicles=10,1.0,0.1,0.72,poisson,single,12000,1.2,18.0,70.0,ber,perfect,True,False
oracle,synthetic-20260827-v10-slots120-dt0.100000,controlled_synthetic_motion,20260827,10,12.0,3565,1594,2112,1790,0,181,1.594,0.447124824684432,0.0,0.3516666666666667,704.642409033877,700.0000000000001,1300.0,1600.0,0.5021037868162693,0.050771388499298735,0.5528751753155681,0.7381516587677726,21,0,0,0.0,0.0,0,0,0.0,0.0,0.30334283654006866,0.5434930658763645,11.12194685657206,0.00018285256376362934,0.44356725005696335,0.26952611576989877,95,vehicle_count,vehicles=10,1.0,0.1,0.72,poisson,single,12000,1.2,18.0,70.0,ber,perfect,True,False
reactive_greedy,synthetic-20260827-v5-slots120-dt0.100000,controlled_synthetic_motion,20260827,5,12.0,3587,2802,327,610,0,175,2.802,0.7811541678282687,0.0,0.2,241.50606709493218,200.0,700.0000000000001,1000.0,0.1700585447449122,0.04878728742681907,0.21884583217173126,0.8629504157684016,4,0,0,0.0,0.0,0,0,0.0,0.0,0.5035101783242929,0.7796453120072867,11.762863169548151,7.77462839382546e-06,0.07801228266788594,0.2752991816577234,107,traffic_model,traffic=poisson,1.0,0.1,0.72,poisson,single,12000,1.2,18.0,70.0,ber,perfect,True,False
proportional_fair,synthetic-20260827-v5-slots120-dt0.100000,controlled_synthetic_motion,20260827,5,12.0,3587,765,1,2506,0,316,0.765,0.2132701421800948,0.0,0.2,673.9869281045752,600.0000000000001,1500.0,1636.0000000000014,0.698633955952049,0.08809590186785615,0.7867298578199052,0.2356020942408377,4,0,0,0.0,0.0,0,0,0.0,0.0,0.6380247371203985,0.48797730551437085,16.41599630813436,5.6662230047583626e-08,0.0006731104051231932,0.7486412166036585,42,traffic_model,traffic=poisson,1.0,0.1,0.72,poisson,single,12000,1.2,18.0,70.0,ber,perfect,True,False
kalman_predictive,synthetic-20260827-v5-slots120-dt0.100000,controlled_synthetic_motion,20260827,5,12.0,3587,2670,245,691,0,226,2.67,0.7443546138834681,0.0,0.2,563.558052434457,600.0000000000001,1000.0,1200.0000000000002,0.19264008921103987,0.06300529690549206,0.2556453861165319,0.8222975053895903,4,0,0,0.0,0.0,0,0,0.0,0.0,0.5183527363867785,0.772818477217005,13.699361593911954,4.538296711179161e-06,0.04801251780913873,0.4824378580971843,89,traffic_model,traffic=poisson,1.0,0.1,0.72,poisson,single,12000,1.2,18.0,70.0,ber,perfect,True,False
link_lifetime,synthetic-20260827-v5-slots120-dt0.100000,controlled_synthetic_motion,20260827,5,12.0,3587,2691,296,701,0,195,2.691,0.7502090883746864,0.0,0.2,543.2181345224824,500.0,1000.0,1200.0000000000002,0.1954279342068581,0.054362977418455534,0.24979091162531364,0.8287650138589467,4,0,0,0.0,0.0,0,0,0.0,0.0,0.5070686955069528,0.7700967629827439,13.603744391532754,5.3445477398390334e-06,0.05451156343059866,0.4744658615896634,90,traffic_model,traffic=poisson,1.0,0.1,0.72,poisson,single,12000,1.2,18.0,70.0,ber,perfect,True,False
oracle,synthetic-20260827-v5-slots120-dt0.100000,controlled_synthetic_motion,20260827,5,12.0,3587,2691,296,701,0,195,2.691,0.7502090883746864,0.0,0.2,543.2181345224824,500.0,1000.0,1200.0000000000002,0.1954279342068581,0.054362977418455534,0.24979091162531364,0.8287650138589467,4,0,0,0.0,0.0,0,0,0.0,0.0,0.5070686955069528,0.7700967629827439,13.603744391532754,5.3445477398390334e-06,0.05451156343059866,0.4744658615896634,90,traffic_model,traffic=poisson,1.0,0.1,0.72,poisson,single,12000,1.2,18.0,70.0,ber,perfect,True,False
reactive_greedy,synthetic-20260827-v5-slots120-dt0.100000,controlled_synthetic_motion,20260827,5,12.0,3620,2938,495,521,0,161,2.938,0.8116022099447514,0.0,0.2,289.51667801225324,200.0,800.0,1000.0,0.14392265193370166,0.044475138121546964,0.18839779005524862,0.8905729008790543,19,0,0,0.0,0.0,0,0,0.0,0.0,0.5274901781289282,0.7888589227890548,12.00807902994057,1.6445111594846637e-05,0.11581939794243941,0.3110233205303798,106,traffic_model,traffic=periodic,1.0,0.1,0.72,periodic,single,12000,1.2,18.0,70.0,ber,perfect,True,False
proportional_fair,synthetic-20260827-v5-slots120-dt0.100000,controlled_synthetic_motion,20260827,5,12.0,3620,2409,378,1050,0,161,2.409,0.6654696132596685,0.0,0.2,433.0842673308427,300.00000000000006,1000.0,1500.0,0.2900552486187845,0.044475138121546964,0.3345303867403315,0.7302212791755077,19,0,0,0.0,0.0,0,0,0.0,0.0,0.5091894908307775,0.737251469017036,12.803543028352388,1.2833553313564841e-05,0.07891796492446647,0.37449207289846875,88,traffic_model,traffic=periodic,1.0,0.1,0.72,periodic,single,12000,1.2,18.0,70.0,ber,perfect,True,False
kalman_predictive,synthetic-20260827-v5-slots120-dt0.100000,controlled_synthetic_motion,20260827,5,12.0,3620,2856,468,603,0,161,2.856,0.7889502762430939,0.0,0.2,438.2002801120448,400.0,900.0,1200.0000000000002,0.16657458563535912,0.044475138121546964,0.2110497237569061,0.8657168839042134,19,0,0,0.0,0.0,0,0,0.0,0.0,0.5271460229464907,0.779779962204474,12.662834455694888,1.4563697311115548e-05,0.09775811611073919,0.36742582371540294,103,traffic_model,traffic=periodic,1.0,0.1,0.72,periodic,single,12000,1.2,18.0,70.0,ber,perfect,True,False
link_lifetime,synthetic-20260827-v5-slots120-dt0.100000,controlled_synthetic_motion,20260827,5,12.0,3620,2892,481,567,0,161,2.892,0.7988950276243094,0.0,0.2,425.1728907330567,400.0,800.0,1300.0,0.15662983425414365,0.044475138121546964,0.2011049723756906,0.876629281600485,19,0,0,0.0,0.0,0,0,0.0,0.0,0.529771316329381,0.7831343491503491,12.618277680397616,1.524935370696673e-05,0.10318502972994574,0.3648729224511625,107,traffic_model,traffic=periodic,1.0,0.1,0.72,periodic,single,12000,1.2,18.0,70.0,ber,perfect,True,False
oracle,synthetic-20260827-v5-slots120-dt0.100000,controlled_synthetic_motion,20260827,5,12.0,3620,2892,481,567,0,161,2.892,0.7988950276243094,0.0,0.2,425.1728907330567,400.0,800.0,1300.0,0.15662983425414365,0.044475138121546964,0.2011049723756906,0.876629281600485,19,0,0,0.0,0.0,0,0,0.0,0.0,0.529771316329381,0.7831343491503491,12.618277680397616,1.524935370696673e-05,0.10318502972994574,0.3648729224511625,107,traffic_model,traffic=periodic,1.0,0.1,0.72,periodic,single,12000,1.2,18.0,70.0,ber,perfect,True,False
reactive_greedy,synthetic-20260827-v5-slots120-dt0.100000,controlled_synthetic_motion,20260827,5,12.0,3471,2503,490,593,0,375,2.503,0.721117833477384,0.0,0.2,249.26088693567718,100.0,800.0,1200.0000000000002,0.17084413713627197,0.10803802938634399,0.27888216652261594,0.7829214888958399,0,0,0,0.0,0.0,0,0,0.0,0.0,0.3963706670943541,0.7520745633403297,11.63091651413559,1.260633879171638e-05,0.11913033072211525,0.27252687598082603,64,traffic_model,traffic=markov_modulated,1.0,0.1,0.72,markov_modulated,single,12000,1.2,18.0,70.0,ber,perfect,True,False
proportional_fair,synthetic-20260827-v5-slots120-dt0.100000,controlled_synthetic_motion,20260827,5,12.0,3471,1138,17,1823,0,510,1.138,0.3278594065110919,0.0,0.2,478.38312829525483,300.00000000000006,1400.0000000000002,1700.0000000000002,0.5252088735234802,0.14693171996542784,0.6721405934889081,0.3559587112918361,0,0,0,0.0,0.0,0,0,0.0,0.0,0.5144330306424831,0.583083139353033,14.572129613969008,3.9449368766797994e-07,0.004630126251437789,0.5159660995722323,80,traffic_model,traffic=markov_modulated,1.0,0.1,0.72,markov_modulated,single,12000,1.2,18.0,70.0,ber,perfect,True,False
kalman_predictive,synthetic-20260827-v5-slots120-dt0.100000,controlled_synthetic_motion,20260827,5,12.0,3471,2048,311,913,0,510,2.048,0.5900316911552866,0.0,0.2,625.0,600.0000000000001,1300.0,1400.0000000000002,0.2630365888792855,0.14693171996542784,0.40996830884471336,0.6406005630278386,0,0,0,0.0,0.0,0,0,0.0,0.0,0.4269050810643558,0.7102007417507399,13.359989500733349,6.908297376998888e-06,0.06524538752117075,0.43091294451250456,88,traffic_model,traffic=markov_modulated,1.0,0.1,0.72,markov_modulated,single,12000,1.2,18.0,70.0,ber,perfect,True,False
link_lifetime,synthetic-20260827-v5-slots120-dt0.100000,controlled_synthetic_motion,20260827,5,12.0,3471,2145,286,816,0,510,2.145,0.6179775280898876,0.0,0.2,607.5524475524476,600.0000000000001,1200.0000000000002,1400.0000000000002,0.23509075194468454,0.14693171996542784,0.38202247191011235,0.6709415076634345,0,0,0,0.0,0.0,0,0,0.0,0.0,0.41829686551797024,0.7156209047409309,13.33607174664179,7.006697336195321e-06,0.06551101256280528,0.42931773916868515,89,traffic_model,traffic=markov_modulated,1.0,0.1,0.72,markov_modulated,single,12000,1.2,18.0,70.0,ber,perfect,True,False
oracle,synthetic-20260827-v5-slots120-dt0.100000,controlled_synthetic_motion,20260827,5,12.0,3471,2145,286,816,0,510,2.145,0.6179775280898876,0.0,0.2,607.5524475524476,600.0000000000001,1200.0000000000002,1400.0000000000002,0.23509075194468454,0.14693171996542784,0.38202247191011235,0.6709415076634345,0,0,0,0.0,0.0,0,0,0.0,0.0,0.41829686551797024,0.7156209047409309,13.33607174664179,7.006697336195321e-06,0.06551101256280528,0.42931773916868515,89,traffic_model,traffic=markov_modulated,1.0,0.1,0.72,markov_modulated,single,12000,1.2,18.0,70.0,ber,perfect,True,False
reactive_greedy,synthetic-20260827-v5-slots120-dt0.100000,controlled_synthetic_motion,20260827,5,12.0,5400,3875,193,1268,0,257,3.875,0.7175925925925926,0.0,0.2,270.4,300.00000000000006,500.0,800.0,0.2348148148148148,0.047592592592592596,0.2824074074074074,0.8969907407407407,9,0,0,0.0,0.0,0,0,0.0,0.0,0.7744202340389814,0.7744202340389813,13.676215501329459,3.7876796445229594e-06,0.03951486389470032,0.45947100969668764,119,traffic_model,traffic=saturated,1.0,0.1,0.72,saturated,single,12000,1.2,18.0,70.0,ber,perfect,True,False
proportional_fair,synthetic-20260827-v5-slots120-dt0.100000,controlled_synthetic_motion,20260827,5,12.0,5400,2773,25,2263,0,364,2.773,0.5135185185185185,0.0,0.2,467.14749368914534,200.0,1200.0000000000002,1400.0000000000002,0.4190740740740741,0.0674074074074074,0.48648148148148146,0.6418981481481482,9,0,0,0.0,0.0,0,0,0.0,0.0,0.6712946347702159,0.671294634770216,13.567177286088574,7.601596492067841e-07,0.008925492865151437,0.4315754354937681,92,traffic_model,traffic=saturated,1.0,0.1,0.72,saturated,single,12000,1.2,18.0,70.0,ber,perfect,True,False
kalman_predictive,synthetic-20260827-v5-slots120-dt0.100000,controlled_synthetic_motion,20260827,5,12.0,5400,3926,254,1217,0,257,3.926,0.727037037037037,0.0,0.2,316.70911869587366,300.00000000000006,700.0000000000001,1000.0,0.22537037037037036,0.047592592592592596,0.27296296296296296,0.9087962962962963,9,0,0,0.0,0.0,0,0,0.0,0.0,0.780642210709657,0.780642210709657,13.496999238919,5.472893762718614e-06,0.053413960908890994,0.4433952557139682,113,traffic_model,traffic=saturated,1.0,0.1,0.72,saturated,single,12000,1.2,18.0,70.0,ber,perfect,True,False
link_lifetime,synthetic-20260827-v5-slots120-dt0.100000,controlled_synthetic_motion,20260827,5,12.0,5400,3922,273,1221,0,257,3.922,0.7262962962962963,0.0,0.2,316.4966853646099,300.00000000000006,700.0000000000001,1000.0,0.22611111111111112,0.047592592592592596,0.2737037037037037,0.9078703703703703,9,0,0,0.0,0.0,0,0,0.0,0.0,0.7803232982201603,0.7803232982201602,13.492269877302267,5.662864000265305e-06,0.05485961615217113,0.44351822178727185,115,traffic_model,traffic=saturated,1.0,0.1,0.72,saturated,single,12000,1.2,18.0,70.0,ber,perfect,True,False
oracle,synthetic-20260827-v5-slots120-dt0.100000,controlled_synthetic_motion,20260827,5,12.0,5400,3922,273,1221,0,257,3.922,0.7262962962962963,0.0,0.2,316.4966853646099,300.00000000000006,700.0000000000001,1000.0,0.22611111111111112,0.047592592592592596,0.2737037037037037,0.9078703703703703,9,0,0,0.0,0.0,0,0,0.0,0.0,0.7803232982201603,0.7803232982201602,13.492269877302267,5.662864000265305e-06,0.05485961615217113,0.44351822178727185,115,traffic_model,traffic=saturated,1.0,0.1,0.72,saturated,single,12000,1.2,18.0,70.0,ber,perfect,True,False
reactive_greedy,synthetic-20260827-v5-slots120-dt0.100000,controlled_synthetic_motion,20260827,5,12.0,3587,2802,327,610,0,175,2.802,0.7811541678282687,0.0,0.2,241.50606709493218,200.0,700.0000000000001,1000.0,0.1700585447449122,0.04878728742681907,0.21884583217173126,0.8629504157684016,4,0,0,0.0,0.0,0,0,0.0,0.0,0.5035101783242929,0.7796453120072867,11.762863169548151,7.77462839382546e-06,0.07801228266788594,0.2752991816577234,107,traffic_class,classes=single,1.0,0.1,0.72,poisson,single,12000,1.2,18.0,70.0,ber,perfect,True,False
proportional_fair,synthetic-20260827-v5-slots120-dt0.100000,controlled_synthetic_motion,20260827,5,12.0,3587,765,1,2506,0,316,0.765,0.2132701421800948,0.0,0.2,673.9869281045752,600.0000000000001,1500.0,1636.0000000000014,0.698633955952049,0.08809590186785615,0.7867298578199052,0.2356020942408377,4,0,0,0.0,0.0,0,0,0.0,0.0,0.6380247371203985,0.48797730551437085,16.41599630813436,5.6662230047583626e-08,0.0006731104051231932,0.7486412166036585,42,traffic_class,classes=single,1.0,0.1,0.72,poisson,single,12000,1.2,18.0,70.0,ber,perfect,True,False
kalman_predictive,synthetic-20260827-v5-slots120-dt0.100000,controlled_synthetic_motion,20260827,5,12.0,3587,2670,245,691,0,226,2.67,0.7443546138834681,0.0,0.2,563.558052434457,600.0000000000001,1000.0,1200.0000000000002,0.19264008921103987,0.06300529690549206,0.2556453861165319,0.8222975053895903,4,0,0,0.0,0.0,0,0,0.0,0.0,0.5183527363867785,0.772818477217005,13.699361593911954,4.538296711179161e-06,0.04801251780913873,0.4824378580971843,89,traffic_class,classes=single,1.0,0.1,0.72,poisson,single,12000,1.2,18.0,70.0,ber,perfect,True,False
link_lifetime,synthetic-20260827-v5-slots120-dt0.100000,controlled_synthetic_motion,20260827,5,12.0,3587,2691,296,701,0,195,2.691,0.7502090883746864,0.0,0.2,543.2181345224824,500.0,1000.0,1200.0000000000002,0.1954279342068581,0.054362977418455534,0.24979091162531364,0.8287650138589467,4,0,0,0.0,0.0,0,0,0.0,0.0,0.5070686955069528,0.7700967629827439,13.603744391532754,5.3445477398390334e-06,0.05451156343059866,0.4744658615896634,90,traffic_class,classes=single,1.0,0.1,0.72,poisson,single,12000,1.2,18.0,70.0,ber,perfect,True,False
oracle,synthetic-20260827-v5-slots120-dt0.100000,controlled_synthetic_motion,20260827,5,12.0,3587,2691,296,701,0,195,2.691,0.7502090883746864,0.0,0.2,543.2181345224824,500.0,1000.0,1200.0000000000002,0.1954279342068581,0.054362977418455534,0.24979091162531364,0.8287650138589467,4,0,0,0.0,0.0,0,0,0.0,0.0,0.5070686955069528,0.7700967629827439,13.603744391532754,5.3445477398390334e-06,0.05451156343059866,0.4744658615896634,90,traffic_class,classes=single,1.0,0.1,0.72,poisson,single,12000,1.2,18.0,70.0,ber,perfect,True,False
reactive_greedy,synthetic-20260827-v5-slots120-dt0.100000,controlled_synthetic_motion,20260827,5,12.0,3587,2499,250,966,0,122,2.499,0.6966824644549763,0.0,0.2,196.2785114045618,200.0,500.0,900.0,0.26930582659604124,0.034011708948982436,0.3033175355450237,0.7696335078534031,4,1312,768,0.5853658536585366,0.40472560975609756,2275,1731,0.7608791208791209,0.1912087912087912,0.44442632896438716,0.7014495684161,11.55147886286918,6.484124475384065e-06,0.06797966395877333,0.2514328053000779,97,traffic_class,classes=urgent_bulk,1.0,0.1,0.72,poisson,urgent_bulk,12000,1.2,18.0,70.0,ber,perfect,True,False
proportional_fair,synthetic-20260827-v5-slots120-dt0.100000,controlled_synthetic_motion,20260827,5,12.0,3587,681,1,2698,0,208,0.681,0.18985224421522162,0.0,0.2,473.86196769456683,400.0,1100.0,1100.0,0.7521605798717591,0.05798717591301924,0.8101477557847784,0.20973206036341238,4,1312,119,0.09070121951219512,0.8940548780487805,2275,562,0.24703296703296704,0.6703296703296703,0.6586438294880808,0.4734673274700986,16.416447331747207,4.6750468667255904e-08,0.0005559958867540369,0.7471455579110123,45,traffic_class,classes=urgent_bulk,1.0,0.1,0.72,poisson,urgent_bulk,12000,1.2,18.0,70.0,ber,perfect,True,False
kalman_predictive,synthetic-20260827-v5-slots120-dt0.100000,controlled_synthetic_motion,20260827,5,12.0,3587,2122,237,1344,0,121,2.122,0.591580708112629,0.0,0.2,359.2365692742696,300.00000000000006,800.0,1000.0,0.37468636743797046,0.03373292444940061,0.4084192918873711,0.6535263319987681,4,1312,325,0.24771341463414634,0.7408536585365854,2275,1797,0.7898901098901099,0.1635164835164835,0.5349787452447089,0.7720754777304789,13.943711283742351,4.828763604119483e-06,0.048918019684711614,0.5038292210776849,93,traffic_class,classes=urgent_bulk,1.0,0.1,0.72,poisson,urgent_bulk,12000,1.2,18.0,70.0,ber,perfect,True,False
link_lifetime,synthetic-20260827-v5-slots120-dt0.100000,controlled_synthetic_motion,20260827,5,12.0,3587,2122,237,1344,0,121,2.122,0.591580708112629,0.0,0.2,359.2365692742696,300.00000000000006,800.0,1000.0,0.37468636743797046,0.03373292444940061,0.4084192918873711,0.6535263319987681,4,1312,325,0.24771341463414634,0.7408536585365854,2275,1797,0.7898901098901099,0.1635164835164835,0.5349787452447089,0.7720754777304789,13.943711283742351,4.828763604119483e-06,0.048918019684711614,0.5038292210776849,93,traffic_class,classes=urgent_bulk,1.0,0.1,0.72,poisson,urgent_bulk,12000,1.2,18.0,70.0,ber,perfect,True,False
oracle,synthetic-20260827-v5-slots120-dt0.100000,controlled_synthetic_motion,20260827,5,12.0,3587,2122,237,1344,0,121,2.122,0.591580708112629,0.0,0.2,359.2365692742696,300.00000000000006,800.0,1000.0,0.37468636743797046,0.03373292444940061,0.4084192918873711,0.6535263319987681,4,1312,325,0.24771341463414634,0.7408536585365854,2275,1797,0.7898901098901099,0.1635164835164835,0.5349787452447089,0.7720754777304789,13.943711283742351,4.828763604119483e-06,0.048918019684711614,0.5038292210776849,93,traffic_class,classes=urgent_bulk,1.0,0.1,0.72,poisson,urgent_bulk,12000,1.2,18.0,70.0,ber,perfect,True,False
reactive_greedy,synthetic-20260827-v5-slots120-dt0.100000,controlled_synthetic_motion,20260827,5,12.0,18203,15853,1065,1735,0,615,3.1706,0.8709004010327968,0.0,0.2,241.38648836182426,200.0,700.0000000000001,1000.0,0.09531395923748832,0.033785639729714885,0.12909959896720322,0.9551726215581129,19,0,0,0.0,0.0,0,0,0.0,0.0,0.5190075874191586,0.7789209396889041,11.309104524611008,2.4525261257666335e-05,0.05004433814443587,0.24647994692801978,119,packet_size,packet_bits=2400,1.0,0.1,0.72,poisson,single,2400,1.2,18.0,70.0,ber,perfect,True,False
proportional_fair,synthetic-20260827-v5-slots120-dt0.100000,controlled_synthetic_motion,20260827,5,12.0,18203,3321,3,13176,0,1706,0.6642,0.18244245454046037,0.0,0.2,663.5651912074676,500.0,1500.0,1700.0000000000002,0.7238367302093062,0.09372081525023347,0.8175575454595396,0.20009640296439116,19,0,0,0.0,0.0,0,0,0.0,0.0,0.6601648640244407,0.4598590166420106,16.805936286979662,1.1154365380129296e-07,0.00026620480692090745,0.8071642663963783,27,packet_size,packet_bits=2400,1.0,0.1,0.72,poisson,single,2400,1.2,18.0,70.0,ber,perfect,True,False
kalman_predictive,synthetic-20260827-v5-slots120-dt0.100000,controlled_synthetic_motion,20260827,5,12.0,18203,15759,911,1507,0,937,3.1518,0.8657364170741086,0.0,0.2,393.23561139666225,400.0,800.0,1000.0,0.08278855133769158,0.05147503158819975,0.13426358292589133,0.9495089474001326,19,0,0,0.0,0.0,0,0,0.0,0.0,0.5427607085443631,0.7994900229650067,12.933370712077739,1.9159815577112245e-05,0.03904610392713551,0.4085296900134339,100,packet_size,packet_bits=2400,1.0,0.1,0.72,poisson,single,2400,1.2,18.0,70.0,ber,perfect,True,False
link_lifetime,synthetic-20260827-v5-slots120-dt0.100000,controlled_synthetic_motion,20260827,5,12.0,18203,15569,936,1577,0,1057,3.1138,0.8552985771576114,0.0,0.2,381.32828055751816,300.00000000000006,800.0,1100.0,0.08663407130692743,0.058067351535461185,0.14470142284238863,0.9380610953786829,19,0,0,0.0,0.0,0,0,0.0,0.0,0.5408615184049325,0.7987908183960418,12.908590770874982,1.9778530198046192e-05,0.039804346547761375,0.40607437161866616,111,packet_size,packet_bits=2400,1.0,0.1,0.72,poisson,single,2400,1.2,18.0,70.0,ber,perfect,True,False
oracle,synthetic-20260827-v5-slots120-dt0.100000,controlled_synthetic_motion,20260827,5,12.0,18203,15569,936,1577,0,1057,3.1138,0.8552985771576114,0.0,0.2,381.32828055751816,300.00000000000006,800.0,1100.0,0.08663407130692743,0.058067351535461185,0.14470142284238863,0.9380610953786829,19,0,0,0.0,0.0,0,0,0.0,0.0,0.5408615184049325,0.7987908183960418,12.908590770874982,1.9778530198046192e-05,0.039804346547761375,0.40607437161866616,111,packet_size,packet_bits=2400,1.0,0.1,0.72,poisson,single,2400,1.2,18.0,70.0,ber,perfect,True,False
reactive_greedy,synthetic-20260827-v5-slots120-dt0.100000,controlled_synthetic_motion,20260827,5,12.0,4606,3694,345,668,0,244,2.9552,0.8019973947025619,0.0,0.2,246.1829994585815,200.0,700.0000000000001,1000.0,0.1450282240555797,0.052974381241858444,0.19800260529743813,0.878686964795433,4,0,0,0.0,0.0,0,0,0.0,0.0,0.5155434488985944,0.7883822461193393,11.847227571694855,7.826618124867803e-06,0.06463365972905304,0.2878086390877462,106,packet_size,packet_bits=9600,1.0,0.1,0.72,poisson,single,9600,1.2,18.0,70.0,ber,perfect,True,False
proportional_fair,synthetic-20260827-v5-slots120-dt0.100000,controlled_synthetic_motion,20260827,5,12.0,4606,926,1,3260,0,420,0.7408,0.20104211897524968,0.0,0.2,685.0971922246221,600.0000000000001,1500.0,1600.0,0.7077724706904038,0.0911854103343465,0.7989578810247503,0.22026641294005708,4,0,0,0.0,0.0,0,0,0.0,0.0,0.6604860388985172,0.47535205785008505,16.679368235867475,4.90894850088273e-08,0.0004678977235580594,0.7882037754884549,34,packet_size,packet_bits=9600,1.0,0.1,0.72,poisson,single,9600,1.2,18.0,70.0,ber,perfect,True,False
kalman_predictive,synthetic-20260827-v5-slots120-dt0.100000,controlled_synthetic_motion,20260827,5,12.0,4606,3540,312,731,0,335,2.832,0.7685627442466348,0.0,0.2,526.4406779661017,500.0,900.0,1200.0000000000002,0.15870603560573165,0.07273122014763352,0.23143725575336518,0.8420551855375833,4,0,0,0.0,0.0,0,0,0.0,0.0,0.526283739488793,0.7821282717271775,13.546485960581318,6.349223957471042e-06,0.051353594343508495,0.47609529949212825,94,packet_size,packet_bits=9600,1.0,0.1,0.72,poisson,single,9600,1.2,18.0,70.0,ber,perfect,True,False
link_lifetime,synthetic-20260827-v5-slots120-dt0.100000,controlled_synthetic_motion,20260827,5,12.0,4606,3549,316,730,0,327,2.8392,0.770516717325228,0.0,0.2,480.30431107354184,500.0,900.0,1100.0,0.15848892748588797,0.07099435518888407,0.22948328267477203,0.8441960038058991,4,0,0,0.0,0.0,0,0,0.0,0.0,0.5310247946323302,0.7815503824835514,13.49905820065714,6.075352556963914e-06,0.04984517798857269,0.46887631120741435,100,packet_size,packet_bits=9600,1.0,0.1,0.72,poisson,single,9600,1.2,18.0,70.0,ber,perfect,True,False
oracle,synthetic-20260827-v5-slots120-dt0.100000,controlled_synthetic_motion,20260827,5,12.0,4606,3549,316,730,0,327,2.8392,0.770516717325228,0.0,0.2,480.30431107354184,500.0,900.0,1100.0,0.15848892748588797,0.07099435518888407,0.22948328267477203,0.8441960038058991,4,0,0,0.0,0.0,0,0,0.0,0.0,0.5310247946323302,0.7815503824835514,13.49905820065714,6.075352556963914e-06,0.04984517798857269,0.46887631120741435,100,packet_size,packet_bits=9600,1.0,0.1,0.72,poisson,single,9600,1.2,18.0,70.0,ber,perfect,True,False
reactive_greedy,synthetic-20260827-v5-slots120-dt0.100000,controlled_synthetic_motion,20260827,5,12.0,3587,2802,327,610,0,175,2.802,0.7811541678282687,0.0,0.2,241.50606709493218,200.0,700.0000000000001,1000.0,0.1700585447449122,0.04878728742681907,0.21884583217173126,0.8629504157684016,4,0,0,0.0,0.0,0,0,0.0,0.0,0.5035101783242929,0.7796453120072867,11.762863169548151,7.77462839382546e-06,0.07801228266788594,0.2752991816577234,107,packet_size,packet_bits=12000,1.0,0.1,0.72,poisson,single,12000,1.2,18.0,70.0,ber,perfect,True,False
proportional_fair,synthetic-20260827-v5-slots120-dt0.100000,controlled_synthetic_motion,20260827,5,12.0,3587,765,1,2506,0,316,0.765,0.2132701421800948,0.0,0.2,673.9869281045752,600.0000000000001,1500.0,1636.0000000000014,0.698633955952049,0.08809590186785615,0.7867298578199052,0.2356020942408377,4,0,0,0.0,0.0,0,0,0.0,0.0,0.6380247371203985,0.48797730551437085,16.41599630813436,5.6662230047583626e-08,0.0006731104051231932,0.7486412166036585,42,packet_size,packet_bits=12000,1.0,0.1,0.72,poisson,single,12000,1.2,18.0,70.0,ber,perfect,True,False
kalman_predictive,synthetic-20260827-v5-slots120-dt0.100000,controlled_synthetic_motion,20260827,5,12.0,3587,2670,245,691,0,226,2.67,0.7443546138834681,0.0,0.2,563.558052434457,600.0000000000001,1000.0,1200.0000000000002,0.19264008921103987,0.06300529690549206,0.2556453861165319,0.8222975053895903,4,0,0,0.0,0.0,0,0,0.0,0.0,0.5183527363867785,0.772818477217005,13.699361593911954,4.538296711179161e-06,0.04801251780913873,0.4824378580971843,89,packet_size,packet_bits=12000,1.0,0.1,0.72,poisson,single,12000,1.2,18.0,70.0,ber,perfect,True,False
link_lifetime,synthetic-20260827-v5-slots120-dt0.100000,controlled_synthetic_motion,20260827,5,12.0,3587,2691,296,701,0,195,2.691,0.7502090883746864,0.0,0.2,543.2181345224824,500.0,1000.0,1200.0000000000002,0.1954279342068581,0.054362977418455534,0.24979091162531364,0.8287650138589467,4,0,0,0.0,0.0,0,0,0.0,0.0,0.5070686955069528,0.7700967629827439,13.603744391532754,5.3445477398390334e-06,0.05451156343059866,0.4744658615896634,90,packet_size,packet_bits=12000,1.0,0.1,0.72,poisson,single,12000,1.2,18.0,70.0,ber,perfect,True,False
oracle,synthetic-20260827-v5-slots120-dt0.100000,controlled_synthetic_motion,20260827,5,12.0,3587,2691,296,701,0,195,2.691,0.7502090883746864,0.0,0.2,543.2181345224824,500.0,1000.0,1200.0000000000002,0.1954279342068581,0.054362977418455534,0.24979091162531364,0.8287650138589467,4,0,0,0.0,0.0,0,0,0.0,0.0,0.5070686955069528,0.7700967629827439,13.603744391532754,5.3445477398390334e-06,0.05451156343059866,0.4744658615896634,90,packet_size,packet_bits=12000,1.0,0.1,0.72,poisson,single,12000,1.2,18.0,70.0,ber,perfect,True,False
reactive_greedy,synthetic-20260827-v5-slots120-dt0.100000,controlled_synthetic_motion,20260827,5,12.0,3587,2095,195,1455,0,37,2.095,0.5840535266239197,0.0,0.2,134.8926014319809,100.0,200.0,200.0,0.40563144689155284,0.01031502648452746,0.4159464733760803,0.6452109639667385,4,0,0,0.0,0.0,0,0,0.0,0.0,0.3607447952647276,0.401458006098152,11.07155264579449,6.2638793714478484e-06,0.06735841189171565,0.20781053177576095,75,deadline,deadline_s=0.05,1.0,0.1,0.72,poisson,single,12000,0.05,18.0,70.0,ber,perfect,True,False
proportional_fair,synthetic-20260827-v5-slots120-dt0.100000,controlled_synthetic_motion,20260827,5,12.0,3587,564,4,2963,0,60,0.564,0.15723445776414832,0.0,0.2,141.31205673758865,100.0,200.0,200.0,0.8260384722609423,0.016727069974909393,0.8427655422358517,0.17369879889128426,4,0,0,0.0,0.0,0,0,0.0,0.0,0.6376969648370153,0.44530974899194076,15.83456233887211,7.391422245148319e-08,0.0008722366791699468,0.6668965001764325,76,deadline,deadline_s=0.05,1.0,0.1,0.72,poisson,single,12000,0.05,18.0,70.0,ber,perfect,True,False
kalman_predictive,synthetic-20260827-v5-slots120-dt0.100000,controlled_synthetic_motion,20260827,5,12.0,3587,1691,62,1850,0,46,1.691,0.47142458879286314,0.0,0.2,148.4328799526907,100.0,200.0,200.0,0.515751324226373,0.01282408698076387,0.5285754112071369,0.5207884200800739,4,0,0,0.0,0.0,0,0,0.0,0.0,0.4061754129785235,0.6937899347715999,13.595820299917703,1.8777700482386359e-06,0.02111249942377429,0.445773376052137,118,deadline,deadline_s=0.05,1.0,0.1,0.72,poisson,single,12000,0.05,18.0,70.0,ber,perfect,True,False
link_lifetime,synthetic-20260827-v5-slots120-dt0.100000,controlled_synthetic_motion,20260827,5,12.0,3587,1703,69,1838,0,46,1.703,0.474770002787845,0.0,0.2,148.26776277157956,100.0,200.0,200.0,0.5124059102313911,0.01282408698076387,0.525229997212155,0.5244841392054204,4,0,0,0.0,0.0,0,0,0.0,0.0,0.4086795879961136,0.6966834209017482,13.587672823265903,2.0235334328632226e-06,0.022729937388579445,0.445566566899347,118,deadline,deadline_s=0.05,1.0,0.1,0.72,poisson,single,12000,0.05,18.0,70.0,ber,perfect,True,False
oracle,synthetic-20260827-v5-slots120-dt0.100000,controlled_synthetic_motion,20260827,5,12.0,3587,1703,69,1838,0,46,1.703,0.474770002787845,0.0,0.2,148.26776277157956,100.0,200.0,200.0,0.5124059102313911,0.01282408698076387,0.525229997212155,0.5244841392054204,4,0,0,0.0,0.0,0,0,0.0,0.0,0.4086795879961136,0.6966834209017482,13.587672823265903,2.0235334328632226e-06,0.022729937388579445,0.445566566899347,118,deadline,deadline_s=0.05,1.0,0.1,0.72,poisson,single,12000,0.05,18.0,70.0,ber,perfect,True,False
reactive_greedy,synthetic-20260827-v5-slots120-dt0.100000,controlled_synthetic_motion,20260827,5,12.0,3587,2095,195,1455,0,37,2.095,0.5840535266239197,0.0,0.2,134.8926014319809,100.0,200.0,200.0,0.40563144689155284,0.01031502648452746,0.4159464733760803,0.6452109639667385,4,0,0,0.0,0.0,0,0,0.0,0.0,0.3607447952647276,0.401458006098152,11.07155264579449,6.2638793714478484e-06,0.06735841189171565,0.20781053177576095,75,deadline,deadline_s=0.1,1.0,0.1,0.72,poisson,single,12000,0.1,18.0,70.0,ber,perfect,True,False
proportional_fair,synthetic-20260827-v5-slots120-dt0.100000,controlled_synthetic_motion,20260827,5,12.0,3587,564,4,2963,0,60,0.564,0.15723445776414832,0.0,0.2,141.31205673758865,100.0,200.0,200.0,0.8260384722609423,0.016727069974909393,0.8427655422358517,0.17369879889128426,4,0,0,0.0,0.0,0,0,0.0,0.0,0.6376969648370153,0.44530974899194076,15.83456233887211,7.391422245148319e-08,0.0008722366791699468,0.6668965001764325,76,deadline,deadline_s=0.1,1.0,0.1,0.72,poisson,single,12000,0.1,18.0,70.0,ber,perfect,True,False
kalman_predictive,synthetic-20260827-v5-slots120-dt0.100000,controlled_synthetic_motion,20260827,5,12.0,3587,1691,62,1850,0,46,1.691,0.47142458879286314,0.0,0.2,148.4328799526907,100.0,200.0,200.0,0.515751324226373,0.01282408698076387,0.5285754112071369,0.5207884200800739,4,0,0,0.0,0.0,0,0,0.0,0.0,0.4061754129785235,0.6937899347715999,13.595820299917703,1.8777700482386359e-06,0.02111249942377429,0.445773376052137,118,deadline,deadline_s=0.1,1.0,0.1,0.72,poisson,single,12000,0.1,18.0,70.0,ber,perfect,True,False
link_lifetime,synthetic-20260827-v5-slots120-dt0.100000,controlled_synthetic_motion,20260827,5,12.0,3587,1703,69,1838,0,46,1.703,0.474770002787845,0.0,0.2,148.26776277157956,100.0,200.0,200.0,0.5124059102313911,0.01282408698076387,0.525229997212155,0.5244841392054204,4,0,0,0.0,0.0,0,0,0.0,0.0,0.4086795879961136,0.6966834209017482,13.587672823265903,2.0235334328632226e-06,0.022729937388579445,0.445566566899347,118,deadline,deadline_s=0.1,1.0,0.1,0.72,poisson,single,12000,0.1,18.0,70.0,ber,perfect,True,False
oracle,synthetic-20260827-v5-slots120-dt0.100000,controlled_synthetic_motion,20260827,5,12.0,3587,1703,69,1838,0,46,1.703,0.474770002787845,0.0,0.2,148.26776277157956,100.0,200.0,200.0,0.5124059102313911,0.01282408698076387,0.525229997212155,0.5244841392054204,4,0,0,0.0,0.0,0,0,0.0,0.0,0.4086795879961136,0.6966834209017482,13.587672823265903,2.0235334328632226e-06,0.022729937388579445,0.445566566899347,118,deadline,deadline_s=0.1,1.0,0.1,0.72,poisson,single,12000,0.1,18.0,70.0,ber,perfect,True,False
reactive_greedy,synthetic-20260827-v5-slots120-dt0.100000,controlled_synthetic_motion,20260827,5,12.0,3587,2294,246,1235,0,58,2.294,0.6395316420407026,0.0,0.2,146.9485614646905,100.0,300.00000000000006,300.00000000000006,0.3442988569835517,0.016169500975745748,0.36046835795929744,0.7064983061287342,4,0,0,0.0,0.0,0,0,0.0,0.0,0.3843424468943657,0.46633440035275703,11.097237417976658,7.560078812036521e-06,0.07929235875564077,0.21157729208369183,85,deadline,deadline_s=0.25,1.0,0.1,0.72,poisson,single,12000,0.25,18.0,70.0,ber,perfect,True,False
proportional_fair,synthetic-20260827-v5-slots120-dt0.100000,controlled_synthetic_motion,20260827,5,12.0,3587,602,7,2889,0,96,0.602,0.1678282687482576,0.0,0.2,170.7641196013289,100.0,300.00000000000006,300.00000000000006,0.8054084192918873,0.026763311959855034,0.8321717312517424,0.18540190945488144,4,0,0,0.0,0.0,0,0,0.0,0.0,0.6433587786259543,0.44991636809423086,16.103323981830055,4.144797247913254e-08,0.000493858414507606,0.6999749697023502,65,deadline,deadline_s=0.25,1.0,0.1,0.72,poisson,single,12000,0.25,18.0,70.0,ber,perfect,True,False
kalman_predictive,synthetic-20260827-v5-slots120-dt0.100000,controlled_synthetic_motion,20260827,5,12.0,3587,2155,104,1365,0,67,2.155,0.6007805965988291,0.0,0.2,197.169373549884,200.0,300.00000000000006,300.00000000000006,0.38054084192918874,0.018678561471982158,0.3992194034011709,0.6636895595934709,4,0,0,0.0,0.0,0,0,0.0,0.0,0.46799695057892143,0.7252668322005112,13.64819589939687,2.3404911850656713e-06,0.026065283530285418,0.45093776275898373,119,deadline,deadline_s=0.25,1.0,0.1,0.72,poisson,single,12000,0.25,18.0,70.0,ber,perfect,True,False
link_lifetime,synthetic-20260827-v5-slots120-dt0.100000,controlled_synthetic_motion,20260827,5,12.0,3587,2162,103,1358,0,67,2.162,0.6027320880959018,0.0,0.2,196.85476410730806,200.0,300.00000000000006,300.00000000000006,0.378589350432116,0.018678561471982158,0.39726791190409816,0.665845395749923,4,0,0,0.0,0.0,0,0,0.0,0.0,0.46900918202606606,0.729715627346064,13.62422501901531,2.3984763325096226e-06,0.0267194604864893,0.45024948546443144,118,deadline,deadline_s=0.25,1.0,0.1,0.72,poisson,single,12000,0.25,18.0,70.0,ber,perfect,True,False
oracle,synthetic-20260827-v5-slots120-dt0.100000,controlled_synthetic_motion,20260827,5,12.0,3587,2162,103,1358,0,67,2.162,0.6027320880959018,0.0,0.2,196.85476410730806,200.0,300.00000000000006,300.00000000000006,0.378589350432116,0.018678561471982158,0.39726791190409816,0.665845395749923,4,0,0,0.0,0.0,0,0,0.0,0.0,0.46900918202606606,0.729715627346064,13.62422501901531,2.3984763325096226e-06,0.0267194604864893,0.45024948546443144,118,deadline,deadline_s=0.25,1.0,0.1,0.72,poisson,single,12000,0.25,18.0,70.0,ber,perfect,True,False
reactive_greedy,synthetic-20260827-v5-slots120-dt0.100000,controlled_synthetic_motion,20260827,5,12.0,3587,2592,268,907,0,88,2.592,0.7226094229160859,0.0,0.2,187.19135802469137,200.0,444.9999999999818,600.0000000000001,0.2528575411207137,0.024533035963200445,0.2773905770839141,0.7982753310748383,4,0,0,0.0,0.0,0,0,0.0,0.0,0.44613299529261924,0.6721255378064328,11.476138543353851,7.082212051177836e-06,0.07386571437011698,0.2454261288255038,99,deadline,deadline_s=0.5,1.0,0.1,0.72,poisson,single,12000,0.5,18.0,70.0,ber,perfect,True,False
proportional_fair,synthetic-20260827-v5-slots120-dt0.100000,controlled_synthetic_motion,20260827,5,12.0,3587,664,5,2785,0,138,0.664,0.18511290772233063,0.0,0.2,324.09638554216866,300.00000000000006,600.0000000000001,600.0000000000001,0.7764148313353777,0.03847226094229161,0.8148870922776693,0.20449645826917154,4,0,0,0.0,0.0,0,0,0.0,0.0,0.6595105606414169,0.46933331449729304,16.386780101189824,3.938685544021105e-08,0.0004692225348145093,0.7415060638361328,45,deadline,deadline_s=0.5,1.0,0.1,0.72,poisson,single,12000,0.5,18.0,70.0,ber,perfect,True,False
kalman_predictive,synthetic-20260827-v5-slots120-dt0.100000,controlled_synthetic_motion,20260827,5,12.0,3587,2732,242,766,0,89,2.732,0.7616392528575411,0.0,0.2,284.5900439238653,300.00000000000006,500.0,600.0000000000001,0.21354892667967662,0.02481182046278227,0.2383607471424589,0.8413920542038805,4,0,0,0.0,0.0,0,0,0.0,0.0,0.5121542757038685,0.7744825852023046,13.279889761952441,4.799136408084581e-06,0.05104322835145352,0.4325683386783493,112,deadline,deadline_s=0.5,1.0,0.1,0.72,poisson,single,12000,0.5,18.0,70.0,ber,perfect,True,False
link_lifetime,synthetic-20260827-v5-slots120-dt0.100000,controlled_synthetic_motion,20260827,5,12.0,3587,2732,242,766,0,89,2.732,0.7616392528575411,0.0,0.2,284.5900439238653,300.00000000000006,500.0,600.0000000000001,0.21354892667967662,0.02481182046278227,0.2383607471424589,0.8413920542038805,4,0,0,0.0,0.0,0,0,0.0,0.0,0.5121542757038685,0.7744825852023046,13.279889761952441,4.799136408084581e-06,0.05104322835145352,0.4325683386783493,112,deadline,deadline_s=0.5,1.0,0.1,0.72,poisson,single,12000,0.5,18.0,70.0,ber,perfect,True,False
oracle,synthetic-20260827-v5-slots120-dt0.100000,controlled_synthetic_motion,20260827,5,12.0,3587,2732,242,766,0,89,2.732,0.7616392528575411,0.0,0.2,284.5900439238653,300.00000000000006,500.0,600.0000000000001,0.21354892667967662,0.02481182046278227,0.2383607471424589,0.8413920542038805,4,0,0,0.0,0.0,0,0,0.0,0.0,0.5121542757038685,0.7744825852023046,13.279889761952441,4.799136408084581e-06,0.05104322835145352,0.4325683386783493,112,deadline,deadline_s=0.5,1.0,0.1,0.72,poisson,single,12000,0.5,18.0,70.0,ber,perfect,True,False
reactive_greedy,synthetic-20260827-v5-slots120-dt0.100000,controlled_synthetic_motion,20260827,5,12.0,3587,2791,273,643,0,153,2.791,0.7780875383328687,0.0,0.2,235.5786456467216,200.0,700.0000000000001,909.9999999999909,0.17925843323111235,0.04265402843601896,0.2219124616671313,0.859562673236834,4,0,0,0.0,0.0,0,0,0.0,0.0,0.5003596120673182,0.7745566510244518,11.751221517491343,7.181793010285031e-06,0.07327169530430444,0.2705279535223393,104,deadline,deadline_s=1,1.0,0.1,0.72,poisson,single,12000,1.0,18.0,70.0,ber,perfect,True,False
proportional_fair,synthetic-20260827-v5-slots120-dt0.100000,controlled_synthetic_motion,20260827,5,12.0,3587,752,5,2558,0,277,0.752,0.20964594368553108,0.0,0.2,569.4148936170212,600.0000000000001,1100.0,1100.0,0.7131307499303039,0.07722330638416504,0.7903540563144689,0.23159839852171235,4,0,0,0.0,0.0,0,0,0.0,0.0,0.6390236736538788,0.48665587303132074,16.416295832359882,5.669590390220642e-08,0.000673514342222059,0.748784834900794,42,deadline,deadline_s=1,1.0,0.1,0.72,poisson,single,12000,1.0,18.0,70.0,ber,perfect,True,False
kalman_predictive,synthetic-20260827-v5-slots120-dt0.100000,controlled_synthetic_motion,20260827,5,12.0,3587,2770,274,626,0,191,2.77,0.7722330638416504,0.0,0.2,403.50180505415165,400.0,700.0000000000001,900.0,0.17451909673822136,0.05324783942012824,0.2277669361583496,0.8530951647674777,4,0,0,0.0,0.0,0,0,0.0,0.0,0.5217367061821812,0.7801880094939646,13.427870949440436,5.787417444043174e-06,0.059243834342494014,0.45522095963621234,103,deadline,deadline_s=1,1.0,0.1,0.72,poisson,single,12000,1.0,18.0,70.0,ber,perfect,True,False
link_lifetime,synthetic-20260827-v5-slots120-dt0.100000,controlled_synthetic_motion,20260827,5,12.0,3587,2770,280,626,0,191,2.77,0.7722330638416504,0.0,0.2,402.20216606498195,400.0,700.0000000000001,900.0,0.17451909673822136,0.05324783942012824,0.2277669361583496,0.8530951647674777,4,0,0,0.0,0.0,0,0,0.0,0.0,0.5217367061821812,0.7801880094939646,13.427070269587459,5.7980126209104374e-06,0.05936149634605749,0.45518889083903336,103,deadline,deadline_s=1,1.0,0.1,0.72,poisson,single,12000,1.0,18.0,70.0,ber,perfect,True,False
oracle,synthetic-20260827-v5-slots120-dt0.100000,controlled_synthetic_motion,20260827,5,12.0,3587,2770,280,626,0,191,2.77,0.7722330638416504,0.0,0.2,402.20216606498195,400.0,700.0000000000001,900.0,0.17451909673822136,0.05324783942012824,0.2277669361583496,0.8530951647674777,4,0,0,0.0,0.0,0,0,0.0,0.0,0.5217367061821812,0.7801880094939646,13.427070269587459,5.7980126209104374e-06,0.05936149634605749,0.45518889083903336,103,deadline,deadline_s=1,1.0,0.1,0.72,poisson,single,12000,1.0,18.0,70.0,ber,perfect,True,False
reactive_greedy,synthetic-20260827-v5-slots120-dt0.100000,controlled_synthetic_motion,20260827,5,12.0,3587,210,697,3028,0,349,0.21,0.05854474491218288,0.06666666666666667,0.665,185.23809523809524,100.0,800.0,1290.9999999999998,0.8441594647337608,0.09729579035405632,0.9414552550878171,0.7699115044247787,66,0,0,0.0,0.0,0,0,0.0,0.0,0.27936145952109465,0.24526488607696312,10.67170065382885,0.00015577419760468347,0.21173802933791713,0.7729439401713104,36,reference_snr,snr_offset_db=-6,1.0,0.1,0.72,poisson,single,12000,1.2,12.0,70.0,ber,perfect,True,False
proportional_fair,synthetic-20260827-v5-slots120-dt0.100000,controlled_synthetic_motion,20260827,5,12.0,3587,210,697,3028,0,349,0.21,0.05854474491218288,0.06666666666666667,0.665,185.23809523809524,100.0,800.0,1290.9999999999998,0.8441594647337608,0.09729579035405632,0.9414552550878171,0.7699115044247787,66,0,0,0.0,0.0,0,0,0.0,0.0,0.27936145952109465,0.24526488607696312,10.67170065382885,0.00015577419760468347,0.21173802933791713,0.7729439401713104,36,reference_snr,snr_offset_db=-6,1.0,0.1,0.72,poisson,single,12000,1.2,12.0,70.0,ber,perfect,True,False
kalman_predictive,synthetic-20260827-v5-slots120-dt0.100000,controlled_synthetic_motion,20260827,5,12.0,3587,225,1796,3013,0,349,0.225,0.06272651240591023,0.06666666666666667,0.665,299.55555555555554,100.0,1100.0,1400.0000000000002,0.8399776972400335,0.09729579035405632,0.9372734875940898,0.7699115044247787,66,0,0,0.0,0.0,0,0,0.0,0.0,0.30796605529701615,0.26329831912013213,9.690429707925068,0.0020862130537306913,0.45851608362036717,0.6434996016822813,45,reference_snr,snr_offset_db=-6,1.0,0.1,0.72,poisson,single,12000,1.2,12.0,70.0,ber,perfect,True,False
link_lifetime,synthetic-20260827-v5-slots120-dt0.100000,controlled_synthetic_motion,20260827,5,12.0,3587,225,1817,3013,0,349,0.225,0.06272651240591023,0.06666666666666667,0.665,296.8888888888889,100.0,1000.0,1400.0000000000002,0.8399776972400335,0.09729579035405632,0.9372734875940898,0.7699115044247787,66,0,0,0.0,0.0,0,0,0.0,0.0,0.30796605529701615,0.26329831912013213,9.66184716951809,0.0020874411493746977,0.4661202915230518,0.6385460153118282,45,reference_snr,snr_offset_db=-6,1.0,0.1,0.72,poisson,single,12000,1.2,12.0,70.0,ber,perfect,True,False
oracle,synthetic-20260827-v5-slots120-dt0.100000,controlled_synthetic_motion,20260827,5,12.0,3587,225,1817,3013,0,349,0.225,0.06272651240591023,0.06666666666666667,0.665,296.8888888888889,100.0,1000.0,1400.0000000000002,0.8399776972400335,0.09729579035405632,0.9372734875940898,0.7699115044247787,66,0,0,0.0,0.0,0,0,0.0,0.0,0.30796605529701615,0.26329831912013213,9.66184716951809,0.0020874411493746977,0.4661202915230518,0.6385460153118282,45,reference_snr,snr_offset_db=-6,1.0,0.1,0.72,poisson,single,12000,1.2,12.0,70.0,ber,perfect,True,False
reactive_greedy,synthetic-20260827-v5-slots120-dt0.100000,controlled_synthetic_motion,20260827,5,12.0,3587,622,246,2665,0,300,0.622,0.17340395873989406,0.0,0.47333333333333333,391.31832797427654,200.0,1200.0000000000002,1500.0,0.742960691385559,0.08363534987454697,0.8265960412601059,0.6853252647503782,138,0,0,0.0,0.0,0,0,0.0,0.0,0.561604900637257,0.44530587910079167,12.301445872083788,7.475306793982068e-06,0.059534915031091686,0.5810586627565125,84,reference_snr,snr_offset_db=-3,1.0,0.1,0.72,poisson,single,12000,1.2,15.0,70.0,ber,perfect,True,False
proportional_fair,synthetic-20260827-v5-slots120-dt0.100000,controlled_synthetic_motion,20260827,5,12.0,3587,452,6,2791,0,344,0.452,0.12601059381098412,0.0,0.47333333333333333,299.5575221238938,100.0,944.9999999999989,1349.000000000001,0.7780875383328687,0.0959018678561472,0.8739894061890159,0.6838124054462935,138,0,0,0.0,0.0,0,0,0.0,0.0,0.3798884343622164,0.3985262679099386,13.671620869707882,3.123206130788838e-07,0.0036919096111128163,0.7729124015285023,36,reference_snr,snr_offset_db=-3,1.0,0.1,0.72,poisson,single,12000,1.2,15.0,70.0,ber,perfect,True,False
kalman_predictive,synthetic-20260827-v5-slots120-dt0.100000,controlled_synthetic_motion,20260827,5,12.0,3587,594,2033,2692,0,301,0.594,0.165597992751603,0.0,0.47333333333333333,624.074074074074,500.0,1400.0000000000002,1600.0,0.7504878728742682,0.0839141343741288,0.834402007248397,0.6187594553706506,138,0,0,0.0,0.0,0,0,0.0,0.0,0.5699820687204175,0.4550506316767638,11.060159531118963,0.00021229367112150847,0.4189441140252968,0.4778972137510022,39,reference_snr,snr_offset_db=-3,1.0,0.1,0.72,poisson,single,12000,1.2,15.0,70.0,ber,perfect,True,False
link_lifetime,synthetic-20260827-v5-slots120-dt0.100000,controlled_synthetic_motion,20260827,5,12.0,3587,603,2366,2688,0,296,0.603,0.16810705324783942,0.0,0.47333333333333333,647.7611940298508,600.0000000000001,1400.0000000000002,1600.0,0.7493727348759409,0.08252021187621968,0.8318929467521606,0.6399394856278366,138,0,0,0.0,0.0,0,0,0.0,0.0,0.5597041461105681,0.4526011505642768,10.659037650769053,0.0002720686041282365,0.48657841452151046,0.43619777004303956,38,reference_snr,snr_offset_db=-3,1.0,0.1,0.72,poisson,single,12000,1.2,15.0,70.0,ber,perfect,True,False
oracle,synthetic-20260827-v5-slots120-dt0.100000,controlled_synthetic_motion,20260827,5,12.0,3587,603,2366,2688,0,296,0.603,0.16810705324783942,0.0,0.47333333333333333,647.7611940298508,600.0000000000001,1400.0000000000002,1600.0,0.7493727348759409,0.08252021187621968,0.8318929467521606,0.6399394856278366,138,0,0,0.0,0.0,0,0,0.0,0.0,0.5597041461105681,0.4526011505642768,10.659037650769053,0.0002720686041282365,0.48657841452151046,0.43619777004303956,38,reference_snr,snr_offset_db=-3,1.0,0.1,0.72,poisson,single,12000,1.2,15.0,70.0,ber,perfect,True,False
reactive_greedy,synthetic-20260827-v5-slots120-dt0.100000,controlled_synthetic_motion,20260827,5,12.0,3587,2802,327,610,0,175,2.802,0.7811541678282687,0.0,0.2,241.50606709493218,200.0,700.0000000000001,1000.0,0.1700585447449122,0.04878728742681907,0.21884583217173126,0.8629504157684016,4,0,0,0.0,0.0,0,0,0.0,0.0,0.5035101783242929,0.7796453120072867,11.762863169548151,7.77462839382546e-06,0.07801228266788594,0.2752991816577234,107,reference_snr,snr_offset_db=0,1.0,0.1,0.72,poisson,single,12000,1.2,18.0,70.0,ber,perfect,True,False
proportional_fair,synthetic-20260827-v5-slots120-dt0.100000,controlled_synthetic_motion,20260827,5,12.0,3587,765,1,2506,0,316,0.765,0.2132701421800948,0.0,0.2,673.9869281045752,600.0000000000001,1500.0,1636.0000000000014,0.698633955952049,0.08809590186785615,0.7867298578199052,0.2356020942408377,4,0,0,0.0,0.0,0,0,0.0,0.0,0.6380247371203985,0.48797730551437085,16.41599630813436,5.6662230047583626e-08,0.0006731104051231932,0.7486412166036585,42,reference_snr,snr_offset_db=0,1.0,0.1,0.72,poisson,single,12000,1.2,18.0,70.0,ber,perfect,True,False
kalman_predictive,synthetic-20260827-v5-slots120-dt0.100000,controlled_synthetic_motion,20260827,5,12.0,3587,2670,245,691,0,226,2.67,0.7443546138834681,0.0,0.2,563.558052434457,600.0000000000001,1000.0,1200.0000000000002,0.19264008921103987,0.06300529690549206,0.2556453861165319,0.8222975053895903,4,0,0,0.0,0.0,0,0,0.0,0.0,0.5183527363867785,0.772818477217005,13.699361593911954,4.538296711179161e-06,0.04801251780913873,0.4824378580971843,89,reference_snr,snr_offset_db=0,1.0,0.1,0.72,poisson,single,12000,1.2,18.0,70.0,ber,perfect,True,False
link_lifetime,synthetic-20260827-v5-slots120-dt0.100000,controlled_synthetic_motion,20260827,5,12.0,3587,2691,296,701,0,195,2.691,0.7502090883746864,0.0,0.2,543.2181345224824,500.0,1000.0,1200.0000000000002,0.1954279342068581,0.054362977418455534,0.24979091162531364,0.8287650138589467,4,0,0,0.0,0.0,0,0,0.0,0.0,0.5070686955069528,0.7700967629827439,13.603744391532754,5.3445477398390334e-06,0.05451156343059866,0.4744658615896634,90,reference_snr,snr_offset_db=0,1.0,0.1,0.72,poisson,single,12000,1.2,18.0,70.0,ber,perfect,True,False
oracle,synthetic-20260827-v5-slots120-dt0.100000,controlled_synthetic_motion,20260827,5,12.0,3587,2691,296,701,0,195,2.691,0.7502090883746864,0.0,0.2,543.2181345224824,500.0,1000.0,1200.0000000000002,0.1954279342068581,0.054362977418455534,0.24979091162531364,0.8287650138589467,4,0,0,0.0,0.0,0,0,0.0,0.0,0.5070686955069528,0.7700967629827439,13.603744391532754,5.3445477398390334e-06,0.05451156343059866,0.4744658615896634,90,reference_snr,snr_offset_db=0,1.0,0.1,0.72,poisson,single,12000,1.2,18.0,70.0,ber,perfect,True,False
reactive_greedy,synthetic-20260827-v5-slots120-dt0.100000,controlled_synthetic_motion,20260827,5,12.0,3587,3170,0,346,0,71,3.17,0.8837468636743797,0.0,0.07166666666666667,218.32807570977917,200.0,600.0000000000001,1000.0,0.09645943685531085,0.019793699470309453,0.1162531363256203,0.9140715109573241,46,0,0,0.0,0.0,0,0,0.0,0.0,0.5141267305072198,0.7856505734076734,14.307547967509125,8.057343241679528e-09,9.662482651550143e-05,0.2456921415827205,118,reference_snr,snr_offset_db=3,1.0,0.1,0.72,poisson,single,12000,1.2,21.0,70.0,ber,perfect,True,False
proportional_fair,synthetic-20260827-v5-slots120-dt0.100000,controlled_synthetic_motion,20260827,5,12.0,3587,949,0,2362,0,276,0.949,0.26456649010315025,0.0,0.07166666666666667,773.7618545837724,900.0,1500.0,1700.0000000000002,0.6584889880122665,0.07694452188458321,0.7354335098968497,0.27364475201845445,46,0,0,0.0,0.0,0,0,0.0,0.0,0.7771606829272502,0.555770065162242,19.229681591381745,1.3520499545252231e-09,1.6209683837812125e-05,0.7397655282601909,44,reference_snr,snr_offset_db=3,1.0,0.1,0.72,poisson,single,12000,1.2,21.0,70.0,ber,perfect,True,False
kalman_predictive,synthetic-20260827-v5-slots120-dt0.100000,controlled_synthetic_motion,20260827,5,12.0,3587,3234,50,285,0,68,3.234,0.9015890716476164,0.0,0.07166666666666667,288.5281385281385,300.00000000000006,500.0,700.0000000000001,0.07945358238081962,0.018957345971563982,0.0984109283523836,0.9325259515570934,46,0,0,0.0,0.0,0,0,0.0,0.0,0.5341035007346073,0.8185648593268539,15.793533642071507,2.635569661812752e-06,0.013309165125936002,0.39375775893343834,119,reference_snr,snr_offset_db=3,1.0,0.1,0.72,poisson,single,12000,1.2,21.0,70.0,ber,perfect,True,False
link_lifetime,synthetic-20260827-v5-slots120-dt0.100000,controlled_synthetic_motion,20260827,5,12.0,3587,3223,203,286,0,78,3.223,0.8985224421522163,0.0,0.07166666666666667,308.9047471300031,300.00000000000006,600.0000000000001,700.0000000000001,0.07973236688040145,0.021745190967382214,0.10147755784778366,0.9293540945790081,46,0,0,0.0,0.0,0,0,0.0,0.0,0.5360427730771324,0.8185696977558748,15.436154799221002,3.2012458407715085e-05,0.046047835925147364,0.37415930097394906,118,reference_snr,snr_offset_db=3,1.0,0.1,0.72,poisson,single,12000,1.2,21.0,70.0,ber,perfect,True,False
oracle,synthetic-20260827-v5-slots120-dt0.100000,controlled_synthetic_motion,20260827,5,12.0,3587,3223,207,286,0,78,3.223,0.8985224421522163,0.0,0.07166666666666667,307.35339745578653,300.00000000000006,600.0000000000001,700.0000000000001,0.07973236688040145,0.021745190967382214,0.10147755784778366,0.9293540945790081,46,0,0,0.0,0.0,0,0,0.0,0.0,0.5360427730771324,0.8185696977558748,15.435614782367336,3.2144980931933794e-05,0.04665079475894373,0.3741886795931522,118,reference_snr,snr_offset_db=3,1.0,0.1,0.72,poisson,single,12000,1.2,21.0,70.0,ber,perfect,True,False
reactive_greedy,synthetic-20260827-v5-slots120-dt0.100000,controlled_synthetic_motion,20260827,5,12.0,3587,3439,9,105,0,43,3.439,0.9587398940618902,0.0,0.0,253.9400988659494,200.0,700.0000000000001,1100.0,0.02927237245609144,0.0119877334820184,0.04126010593810984,0.9587398940618902,0,0,0,0.0,0.0,0,0,0.0,0.0,0.5914198837685242,0.9521742986583345,16.635201044553533,1.8388328950091035e-07,0.002160245077332715,0.2174973369079054,117,reference_snr,snr_offset_db=6,1.0,0.1,0.72,poisson,single,12000,1.2,24.0,70.0,ber,perfect,True,False
proportional_fair,synthetic-20260827-v5-slots120-dt0.100000,controlled_synthetic_motion,20260827,5,12.0,3587,1124,0,2196,0,267,1.124,0.31335377752996935,0.0,0.0,774.8220640569396,900.0,1500.0,1700.0000000000002,0.6122107610816838,0.07443546138834681,0.6866462224700307,0.31335377752996935,0,0,0,0.0,0.0,0,0,0.0,0.0,0.9022567559846884,0.7020207068789526,21.733767391973497,9.165957717344276e-09,0.0001094047440443182,0.710251221607215,50,reference_snr,snr_offset_db=6,1.0,0.1,0.72,poisson,single,12000,1.2,24.0,70.0,ber,perfect,True,False
kalman_predictive,synthetic-20260827-v5-slots120-dt0.100000,controlled_synthetic_motion,20260827,5,12.0,3587,3500,10,0,0,87,3.5,0.9757457485363814,0.0,0.0,410.51428571428573,400.0,700.0000000000001,900.0,0.0,0.024254251463618624,0.024254251463618624,0.9757457485363814,0,0,0,0.0,0.0,0,0,0.0,0.0,0.6250456028169402,0.9993966975750881,17.644399439646794,1.9842410735792856e-07,0.002332580566561833,0.32231267617014014,115,reference_snr,snr_offset_db=6,1.0,0.1,0.72,poisson,single,12000,1.2,24.0,70.0,ber,perfect,True,False
link_lifetime,synthetic-20260827-v5-slots120-dt0.100000,controlled_synthetic_motion,20260827,5,12.0,3587,3500,10,0,0,87,3.5,0.9757457485363814,0.0,0.0,410.51428571428573,400.0,700.0000000000001,900.0,0.0,0.024254251463618624,0.024254251463618624,0.9757457485363814,0,0,0,0.0,0.0,0,0,0.0,0.0,0.6250456028169402,0.9993966975750881,17.644399439646794,1.9842410735792856e-07,0.002332580566561833,0.32231267617014014,115,reference_snr,snr_offset_db=6,1.0,0.1,0.72,poisson,single,12000,1.2,24.0,70.0,ber,perfect,True,False
oracle,synthetic-20260827-v5-slots120-dt0.100000,controlled_synthetic_motion,20260827,5,12.0,3587,3500,10,0,0,87,3.5,0.9757457485363814,0.0,0.0,410.51428571428573,400.0,700.0000000000001,900.0,0.0,0.024254251463618624,0.024254251463618624,0.9757457485363814,0,0,0,0.0,0.0,0,0,0.0,0.0,0.6250456028169402,0.9993966975750881,17.644399439646794,1.9842410735792856e-07,0.002332580566561833,0.32231267617014014,115,reference_snr,snr_offset_db=6,1.0,0.1,0.72,poisson,single,12000,1.2,24.0,70.0,ber,perfect,True,False
reactive_greedy,synthetic-20260827-v5-slots120-dt0.100000,controlled_synthetic_motion,20260827,5,12.0,3587,2802,327,610,0,175,2.802,0.7811541678282687,0.0,0.2,241.50606709493218,200.0,700.0000000000001,1000.0,0.1700585447449122,0.04878728742681907,0.21884583217173126,0.8629504157684016,4,0,0,0.0,0.0,0,0,0.0,0.0,0.5035101783242929,0.7796453120072867,11.762863169548151,7.77462839382546e-06,0.07801228266788594,0.2752991816577234,107,field_of_view,fov_deg=50,1.0,0.1,0.72,poisson,single,12000,1.2,18.0,50.0,ber,perfect,True,False
proportional_fair,synthetic-20260827-v5-slots120-dt0.100000,controlled_synthetic_motion,20260827,5,12.0,3587,765,1,2506,0,316,0.765,0.2132701421800948,0.0,0.2,673.9869281045752,600.0000000000001,1500.0,1636.0000000000014,0.698633955952049,0.08809590186785615,0.7867298578199052,0.2356020942408377,4,0,0,0.0,0.0,0,0,0.0,0.0,0.6380247371203985,0.48797730551437085,16.41599630813436,5.6662230047583626e-08,0.0006731104051231932,0.7486412166036585,42,field_of_view,fov_deg=50,1.0,0.1,0.72,poisson,single,12000,1.2,18.0,50.0,ber,perfect,True,False
kalman_predictive,synthetic-20260827-v5-slots120-dt0.100000,controlled_synthetic_motion,20260827,5,12.0,3587,2670,245,691,0,226,2.67,0.7443546138834681,0.0,0.2,563.558052434457,600.0000000000001,1000.0,1200.0000000000002,0.19264008921103987,0.06300529690549206,0.2556453861165319,0.8222975053895903,4,0,0,0.0,0.0,0,0,0.0,0.0,0.5183527363867785,0.772818477217005,13.699361593911954,4.538296711179161e-06,0.04801251780913873,0.4824378580971843,89,field_of_view,fov_deg=50,1.0,0.1,0.72,poisson,single,12000,1.2,18.0,50.0,ber,perfect,True,False
link_lifetime,synthetic-20260827-v5-slots120-dt0.100000,controlled_synthetic_motion,20260827,5,12.0,3587,2691,296,701,0,195,2.691,0.7502090883746864,0.0,0.2,543.2181345224824,500.0,1000.0,1200.0000000000002,0.1954279342068581,0.054362977418455534,0.24979091162531364,0.8287650138589467,4,0,0,0.0,0.0,0,0,0.0,0.0,0.5070686955069528,0.7700967629827439,13.603744391532754,5.3445477398390334e-06,0.05451156343059866,0.4744658615896634,90,field_of_view,fov_deg=50,1.0,0.1,0.72,poisson,single,12000,1.2,18.0,50.0,ber,perfect,True,False
oracle,synthetic-20260827-v5-slots120-dt0.100000,controlled_synthetic_motion,20260827,5,12.0,3587,2691,296,701,0,195,2.691,0.7502090883746864,0.0,0.2,543.2181345224824,500.0,1000.0,1200.0000000000002,0.1954279342068581,0.054362977418455534,0.24979091162531364,0.8287650138589467,4,0,0,0.0,0.0,0,0,0.0,0.0,0.5070686955069528,0.7700967629827439,13.603744391532754,5.3445477398390334e-06,0.05451156343059866,0.4744658615896634,90,field_of_view,fov_deg=50,1.0,0.1,0.72,poisson,single,12000,1.2,18.0,50.0,ber,perfect,True,False
reactive_greedy,synthetic-20260827-v5-slots120-dt0.100000,controlled_synthetic_motion,20260827,5,12.0,3587,2802,327,610,0,175,2.802,0.7811541678282687,0.0,0.2,241.50606709493218,200.0,700.0000000000001,1000.0,0.1700585447449122,0.04878728742681907,0.21884583217173126,0.8629504157684016,4,0,0,0.0,0.0,0,0,0.0,0.0,0.5035101783242929,0.7796453120072867,11.762863169548151,7.77462839382546e-06,0.07801228266788594,0.2752991816577234,107,field_of_view,fov_deg=70,1.0,0.1,0.72,poisson,single,12000,1.2,18.0,70.0,ber,perfect,True,False
proportional_fair,synthetic-20260827-v5-slots120-dt0.100000,controlled_synthetic_motion,20260827,5,12.0,3587,765,1,2506,0,316,0.765,0.2132701421800948,0.0,0.2,673.9869281045752,600.0000000000001,1500.0,1636.0000000000014,0.698633955952049,0.08809590186785615,0.7867298578199052,0.2356020942408377,4,0,0,0.0,0.0,0,0,0.0,0.0,0.6380247371203985,0.48797730551437085,16.41599630813436,5.6662230047583626e-08,0.0006731104051231932,0.7486412166036585,42,field_of_view,fov_deg=70,1.0,0.1,0.72,poisson,single,12000,1.2,18.0,70.0,ber,perfect,True,False
kalman_predictive,synthetic-20260827-v5-slots120-dt0.100000,controlled_synthetic_motion,20260827,5,12.0,3587,2670,245,691,0,226,2.67,0.7443546138834681,0.0,0.2,563.558052434457,600.0000000000001,1000.0,1200.0000000000002,0.19264008921103987,0.06300529690549206,0.2556453861165319,0.8222975053895903,4,0,0,0.0,0.0,0,0,0.0,0.0,0.5183527363867785,0.772818477217005,13.699361593911954,4.538296711179161e-06,0.04801251780913873,0.4824378580971843,89,field_of_view,fov_deg=70,1.0,0.1,0.72,poisson,single,12000,1.2,18.0,70.0,ber,perfect,True,False
link_lifetime,synthetic-20260827-v5-slots120-dt0.100000,controlled_synthetic_motion,20260827,5,12.0,3587,2691,296,701,0,195,2.691,0.7502090883746864,0.0,0.2,543.2181345224824,500.0,1000.0,1200.0000000000002,0.1954279342068581,0.054362977418455534,0.24979091162531364,0.8287650138589467,4,0,0,0.0,0.0,0,0,0.0,0.0,0.5070686955069528,0.7700967629827439,13.603744391532754,5.3445477398390334e-06,0.05451156343059866,0.4744658615896634,90,field_of_view,fov_deg=70,1.0,0.1,0.72,poisson,single,12000,1.2,18.0,70.0,ber,perfect,True,False
oracle,synthetic-20260827-v5-slots120-dt0.100000,controlled_synthetic_motion,20260827,5,12.0,3587,2691,296,701,0,195,2.691,0.7502090883746864,0.0,0.2,543.2181345224824,500.0,1000.0,1200.0000000000002,0.1954279342068581,0.054362977418455534,0.24979091162531364,0.8287650138589467,4,0,0,0.0,0.0,0,0,0.0,0.0,0.5070686955069528,0.7700967629827439,13.603744391532754,5.3445477398390334e-06,0.05451156343059866,0.4744658615896634,90,field_of_view,fov_deg=70,1.0,0.1,0.72,poisson,single,12000,1.2,18.0,70.0,ber,perfect,True,False
reactive_greedy,synthetic-20260827-v5-slots120-dt0.100000,controlled_synthetic_motion,20260827,5,12.0,3587,2802,327,610,0,175,2.802,0.7811541678282687,0.0,0.2,241.50606709493218,200.0,700.0000000000001,1000.0,0.1700585447449122,0.04878728742681907,0.21884583217173126,0.8629504157684016,4,0,0,0.0,0.0,0,0,0.0,0.0,0.5035101783242929,0.7796453120072867,11.762863169548151,7.77462839382546e-06,0.07801228266788594,0.2752991816577234,107,field_of_view,fov_deg=90,1.0,0.1,0.72,poisson,single,12000,1.2,18.0,90.0,ber,perfect,True,False
proportional_fair,synthetic-20260827-v5-slots120-dt0.100000,controlled_synthetic_motion,20260827,5,12.0,3587,765,1,2506,0,316,0.765,0.2132701421800948,0.0,0.2,673.9869281045752,600.0000000000001,1500.0,1636.0000000000014,0.698633955952049,0.08809590186785615,0.7867298578199052,0.2356020942408377,4,0,0,0.0,0.0,0,0,0.0,0.0,0.6380247371203985,0.48797730551437085,16.41599630813436,5.6662230047583626e-08,0.0006731104051231932,0.7486412166036585,42,field_of_view,fov_deg=90,1.0,0.1,0.72,poisson,single,12000,1.2,18.0,90.0,ber,perfect,True,False
kalman_predictive,synthetic-20260827-v5-slots120-dt0.100000,controlled_synthetic_motion,20260827,5,12.0,3587,2670,245,691,0,226,2.67,0.7443546138834681,0.0,0.2,563.558052434457,600.0000000000001,1000.0,1200.0000000000002,0.19264008921103987,0.06300529690549206,0.2556453861165319,0.8222975053895903,4,0,0,0.0,0.0,0,0,0.0,0.0,0.5183527363867785,0.772818477217005,13.699361593911954,4.538296711179161e-06,0.04801251780913873,0.4824378580971843,89,field_of_view,fov_deg=90,1.0,0.1,0.72,poisson,single,12000,1.2,18.0,90.0,ber,perfect,True,False
link_lifetime,synthetic-20260827-v5-slots120-dt0.100000,controlled_synthetic_motion,20260827,5,12.0,3587,2691,296,701,0,195,2.691,0.7502090883746864,0.0,0.2,543.2181345224824,500.0,1000.0,1200.0000000000002,0.1954279342068581,0.054362977418455534,0.24979091162531364,0.8287650138589467,4,0,0,0.0,0.0,0,0,0.0,0.0,0.5070686955069528,0.7700967629827439,13.603744391532754,5.3445477398390334e-06,0.05451156343059866,0.4744658615896634,90,field_of_view,fov_deg=90,1.0,0.1,0.72,poisson,single,12000,1.2,18.0,90.0,ber,perfect,True,False
oracle,synthetic-20260827-v5-slots120-dt0.100000,controlled_synthetic_motion,20260827,5,12.0,3587,2691,296,701,0,195,2.691,0.7502090883746864,0.0,0.2,543.2181345224824,500.0,1000.0,1200.0000000000002,0.1954279342068581,0.054362977418455534,0.24979091162531364,0.8287650138589467,4,0,0,0.0,0.0,0,0,0.0,0.0,0.5070686955069528,0.7700967629827439,13.603744391532754,5.3445477398390334e-06,0.05451156343059866,0.4744658615896634,90,field_of_view,fov_deg=90,1.0,0.1,0.72,poisson,single,12000,1.2,18.0,90.0,ber,perfect,True,False
reactive_greedy,synthetic-20260827-v5-slots120-dt0.100000,controlled_synthetic_motion,20260827,5,12.0,3587,2802,327,610,0,175,2.802,0.7811541678282687,0.0,0.2,241.50606709493218,200.0,700.0000000000001,1000.0,0.1700585447449122,0.04878728742681907,0.21884583217173126,0.8629504157684016,4,0,0,0.0,0.0,0,0,0.0,0.0,0.5035101783242929,0.7796453120072867,11.762863169548151,7.77462839382546e-06,0.07801228266788594,0.2752991816577234,107,outage_definition,outage=ber,1.0,0.1,0.72,poisson,single,12000,1.2,18.0,70.0,ber,perfect,True,False
proportional_fair,synthetic-20260827-v5-slots120-dt0.100000,controlled_synthetic_motion,20260827,5,12.0,3587,765,1,2506,0,316,0.765,0.2132701421800948,0.0,0.2,673.9869281045752,600.0000000000001,1500.0,1636.0000000000014,0.698633955952049,0.08809590186785615,0.7867298578199052,0.2356020942408377,4,0,0,0.0,0.0,0,0,0.0,0.0,0.6380247371203985,0.48797730551437085,16.41599630813436,5.6662230047583626e-08,0.0006731104051231932,0.7486412166036585,42,outage_definition,outage=ber,1.0,0.1,0.72,poisson,single,12000,1.2,18.0,70.0,ber,perfect,True,False
kalman_predictive,synthetic-20260827-v5-slots120-dt0.100000,controlled_synthetic_motion,20260827,5,12.0,3587,2670,245,691,0,226,2.67,0.7443546138834681,0.0,0.2,563.558052434457,600.0000000000001,1000.0,1200.0000000000002,0.19264008921103987,0.06300529690549206,0.2556453861165319,0.8222975053895903,4,0,0,0.0,0.0,0,0,0.0,0.0,0.5183527363867785,0.772818477217005,13.699361593911954,4.538296711179161e-06,0.04801251780913873,0.4824378580971843,89,outage_definition,outage=ber,1.0,0.1,0.72,poisson,single,12000,1.2,18.0,70.0,ber,perfect,True,False
link_lifetime,synthetic-20260827-v5-slots120-dt0.100000,controlled_synthetic_motion,20260827,5,12.0,3587,2691,296,701,0,195,2.691,0.7502090883746864,0.0,0.2,543.2181345224824,500.0,1000.0,1200.0000000000002,0.1954279342068581,0.054362977418455534,0.24979091162531364,0.8287650138589467,4,0,0,0.0,0.0,0,0,0.0,0.0,0.5070686955069528,0.7700967629827439,13.603744391532754,5.3445477398390334e-06,0.05451156343059866,0.4744658615896634,90,outage_definition,outage=ber,1.0,0.1,0.72,poisson,single,12000,1.2,18.0,70.0,ber,perfect,True,False
oracle,synthetic-20260827-v5-slots120-dt0.100000,controlled_synthetic_motion,20260827,5,12.0,3587,2691,296,701,0,195,2.691,0.7502090883746864,0.0,0.2,543.2181345224824,500.0,1000.0,1200.0000000000002,0.1954279342068581,0.054362977418455534,0.24979091162531364,0.8287650138589467,4,0,0,0.0,0.0,0,0,0.0,0.0,0.5070686955069528,0.7700967629827439,13.603744391532754,5.3445477398390334e-06,0.05451156343059866,0.4744658615896634,90,outage_definition,outage=ber,1.0,0.1,0.72,poisson,single,12000,1.2,18.0,70.0,ber,perfect,True,False
reactive_greedy,synthetic-20260827-v5-slots120-dt0.100000,controlled_synthetic_motion,20260827,5,12.0,3587,2143,59,1262,0,182,2.143,0.5974351826038472,0.0,0.38,264.20905272981804,200.0,900.0,1400.0000000000002,0.35182603847226096,0.05073877892389183,0.4025648173961528,0.9587301587301588,39,0,0,0.0,0.0,0,0,0.0,0.0,0.4982923329400117,0.7274026868193652,12.491570824293696,1.4854038821407387e-06,0.017344001598456282,0.3252369361969191,77,outage_definition,outage=per,1.0,0.1,0.72,poisson,single,12000,1.2,18.0,70.0,per,perfect,True,False
proportional_fair,synthetic-20260827-v5-slots120-dt0.100000,controlled_synthetic_motion,20260827,5,12.0,3587,765,1,2506,0,316,0.765,0.2132701421800948,0.0,0.38,673.9869281045752,600.0000000000001,1500.0,1636.0000000000014,0.698633955952049,0.08809590186785615,0.7867298578199052,0.5068783068783069,142,0,0,0.0,0.0,0,0,0.0,0.0,0.6380247371203985,0.48797730551437085,16.41599630813436,5.6662230047583626e-08,0.0006731104051231932,0.7486412166036585,42,outage_definition,outage=per,1.0,0.1,0.72,poisson,single,12000,1.2,18.0,70.0,per,perfect,True,False
kalman_predictive,synthetic-20260827-v5-slots120-dt0.100000,controlled_synthetic_motion,20260827,5,12.0,3587,2037,52,1371,0,179,2.037,0.567884025648174,0.0,0.38,539.9607265586646,500.0,1000.0,1400.0000000000002,0.3822135489266797,0.04990242542514636,0.432115974351826,0.8539682539682539,138,0,0,0.0,0.0,0,0,0.0,0.0,0.47595286776534823,0.692682616415457,14.789899609712988,8.13898033535552e-07,0.00947208642454877,0.5764543795971565,76,outage_definition,outage=per,1.0,0.1,0.72,poisson,single,12000,1.2,18.0,70.0,per,perfect,True,False
link_lifetime,synthetic-20260827-v5-slots120-dt0.100000,controlled_synthetic_motion,20260827,5,12.0,3587,2113,54,1301,0,173,2.113,0.5890716476163925,0.0,0.38,550.591575958353,600.0000000000001,1000.0,1400.0000000000002,0.36269863395595203,0.04822971842765542,0.4109283523836075,0.928042328042328,83,0,0,0.0,0.0,0,0,0.0,0.0,0.493558152504647,0.7116443116267287,14.734426083496272,9.203129500457731e-07,0.010696343532170919,0.5729652072971692,74,outage_definition,outage=per,1.0,0.1,0.72,poisson,single,12000,1.2,18.0,70.0,per,perfect,True,False
oracle,synthetic-20260827-v5-slots120-dt0.100000,controlled_synthetic_motion,20260827,5,12.0,3587,2113,54,1301,0,173,2.113,0.5890716476163925,0.0,0.38,550.591575958353,600.0000000000001,1000.0,1400.0000000000002,0.36269863395595203,0.04822971842765542,0.4109283523836075,0.928042328042328,83,0,0,0.0,0.0,0,0,0.0,0.0,0.493558152504647,0.7116443116267287,14.734426083496272,9.203129500457731e-07,0.010696343532170919,0.5729652072971692,74,outage_definition,outage=per,1.0,0.1,0.72,poisson,single,12000,1.2,18.0,70.0,per,perfect,True,False
reactive_greedy,synthetic-20260827-v5-slots120-dt0.100000,controlled_synthetic_motion,20260827,5,12.0,3587,2802,327,610,0,175,2.802,0.7811541678282687,0.0,0.21833333333333332,241.50606709493218,200.0,700.0000000000001,1000.0,0.1700585447449122,0.04878728742681907,0.21884583217173126,0.8934948979591837,141,0,0,0.0,0.0,0,0,0.0,0.0,0.5035101783242929,0.7796453120072867,11.762863169548151,7.77462839382546e-06,0.07801228266788594,0.2752991816577234,107,outage_definition,outage=goodput,1.0,0.1,0.72,poisson,single,12000,1.2,18.0,70.0,goodput,perfect,True,False
proportional_fair,synthetic-20260827-v5-slots120-dt0.100000,controlled_synthetic_motion,20260827,5,12.0,3587,765,1,2506,0,316,0.765,0.2132701421800948,0.0,0.21833333333333332,673.9869281045752,600.0000000000001,1500.0,1636.0000000000014,0.698633955952049,0.08809590186785615,0.7867298578199052,0.24394132653061223,141,0,0,0.0,0.0,0,0,0.0,0.0,0.6380247371203985,0.48797730551437085,16.41599630813436,5.6662230047583626e-08,0.0006731104051231932,0.7486412166036585,42,outage_definition,outage=goodput,1.0,0.1,0.72,poisson,single,12000,1.2,18.0,70.0,goodput,perfect,True,False
kalman_predictive,synthetic-20260827-v5-slots120-dt0.100000,controlled_synthetic_motion,20260827,5,12.0,3587,2670,245,691,0,226,2.67,0.7443546138834681,0.0,0.21833333333333332,563.558052434457,600.0000000000001,1000.0,1200.0000000000002,0.19264008921103987,0.06300529690549206,0.2556453861165319,0.8514030612244898,141,0,0,0.0,0.0,0,0,0.0,0.0,0.5183527363867785,0.772818477217005,13.699361593911954,4.538296711179161e-06,0.04801251780913873,0.4824378580971843,89,outage_definition,outage=goodput,1.0,0.1,0.72,poisson,single,12000,1.2,18.0,70.0,goodput,perfect,True,False
link_lifetime,synthetic-20260827-v5-slots120-dt0.100000,controlled_synthetic_motion,20260827,5,12.0,3587,2728,464,667,0,192,2.728,0.7605241148592138,0.0,0.21833333333333332,556.158357771261,500.0,1000.0,1300.0,0.1859492612210761,0.05352662391971007,0.23947588514078616,0.8698979591836735,132,0,0,0.0,0.0,0,0,0.0,0.0,0.5112471172731413,0.774619864008722,13.212214500493682,1.1787744996583501e-05,0.0895200107277157,0.43313140449220644,91,outage_definition,outage=goodput,1.0,0.1,0.72,poisson,single,12000,1.2,18.0,70.0,goodput,perfect,True,False
oracle,synthetic-20260827-v5-slots120-dt0.100000,controlled_synthetic_motion,20260827,5,12.0,3587,2728,464,667,0,192,2.728,0.7605241148592138,0.0,0.21833333333333332,556.158357771261,500.0,1000.0,1300.0,0.1859492612210761,0.05352662391971007,0.23947588514078616,0.8698979591836735,132,0,0,0.0,0.0,0,0,0.0,0.0,0.5112471172731413,0.774619864008722,13.212214500493682,1.1787744996583501e-05,0.0895200107277157,0.43313140449220644,91,outage_definition,outage=goodput,1.0,0.1,0.72,poisson,single,12000,1.2,18.0,70.0,goodput,perfect,True,False
reactive_greedy,synthetic-20260827-v5-slots120-dt0.100000,controlled_synthetic_motion,20260827,5,12.0,3587,2802,327,610,0,175,2.802,0.7811541678282687,0.0,0.2,241.50606709493218,200.0,700.0000000000001,1000.0,0.1700585447449122,0.04878728742681907,0.21884583217173126,0.8629504157684016,4,0,0,0.0,0.0,0,0,0.0,0.0,0.5035101783242929,0.7796453120072867,11.762863169548151,7.77462839382546e-06,0.07801228266788594,0.2752991816577234,107,sensing_uncertainty,perfect,1.0,0.1,0.72,poisson,single,12000,1.2,18.0,70.0,ber,perfect,True,False
proportional_fair,synthetic-20260827-v5-slots120-dt0.100000,controlled_synthetic_motion,20260827,5,12.0,3587,765,1,2506,0,316,0.765,0.2132701421800948,0.0,0.2,673.9869281045752,600.0000000000001,1500.0,1636.0000000000014,0.698633955952049,0.08809590186785615,0.7867298578199052,0.2356020942408377,4,0,0,0.0,0.0,0,0,0.0,0.0,0.6380247371203985,0.48797730551437085,16.41599630813436,5.6662230047583626e-08,0.0006731104051231932,0.7486412166036585,42,sensing_uncertainty,perfect,1.0,0.1,0.72,poisson,single,12000,1.2,18.0,70.0,ber,perfect,True,False
kalman_predictive,synthetic-20260827-v5-slots120-dt0.100000,controlled_synthetic_motion,20260827,5,12.0,3587,2670,245,691,0,226,2.67,0.7443546138834681,0.0,0.2,563.558052434457,600.0000000000001,1000.0,1200.0000000000002,0.19264008921103987,0.06300529690549206,0.2556453861165319,0.8222975053895903,4,0,0,0.0,0.0,0,0,0.0,0.0,0.5183527363867785,0.772818477217005,13.699361593911954,4.538296711179161e-06,0.04801251780913873,0.4824378580971843,89,sensing_uncertainty,perfect,1.0,0.1,0.72,poisson,single,12000,1.2,18.0,70.0,ber,perfect,True,False
link_lifetime,synthetic-20260827-v5-slots120-dt0.100000,controlled_synthetic_motion,20260827,5,12.0,3587,2691,296,701,0,195,2.691,0.7502090883746864,0.0,0.2,543.2181345224824,500.0,1000.0,1200.0000000000002,0.1954279342068581,0.054362977418455534,0.24979091162531364,0.8287650138589467,4,0,0,0.0,0.0,0,0,0.0,0.0,0.5070686955069528,0.7700967629827439,13.603744391532754,5.3445477398390334e-06,0.05451156343059866,0.4744658615896634,90,sensing_uncertainty,perfect,1.0,0.1,0.72,poisson,single,12000,1.2,18.0,70.0,ber,perfect,True,False
oracle,synthetic-20260827-v5-slots120-dt0.100000,controlled_synthetic_motion,20260827,5,12.0,3587,2691,296,701,0,195,2.691,0.7502090883746864,0.0,0.2,543.2181345224824,500.0,1000.0,1200.0000000000002,0.1954279342068581,0.054362977418455534,0.24979091162531364,0.8287650138589467,4,0,0,0.0,0.0,0,0,0.0,0.0,0.5070686955069528,0.7700967629827439,13.603744391532754,5.3445477398390334e-06,0.05451156343059866,0.4744658615896634,90,sensing_uncertainty,perfect,1.0,0.1,0.72,poisson,single,12000,1.2,18.0,70.0,ber,perfect,True,False
reactive_greedy,synthetic-20260827-v5-slots120-dt0.100000,controlled_synthetic_motion,20260827,5,12.0,3587,2802,327,610,0,175,2.802,0.7811541678282687,0.0,0.2,241.50606709493218,200.0,700.0000000000001,1000.0,0.1700585447449122,0.04878728742681907,0.21884583217173126,0.8629504157684016,4,0,0,0.0,0.0,0,0,0.0,0.0,0.5035101783242929,0.7796453120072867,11.762863169548151,7.77462839382546e-06,0.07801228266788594,0.2752991816577234,107,sensing_uncertainty,cartesian_0.75m,1.0,0.1,0.72,poisson,single,12000,1.2,18.0,70.0,ber,cartesian_iid,False,False
proportional_fair,synthetic-20260827-v5-slots120-dt0.100000,controlled_synthetic_motion,20260827,5,12.0,3587,765,1,2506,0,316,0.765,0.2132701421800948,0.0,0.2,673.9869281045752,600.0000000000001,1500.0,1636.0000000000014,0.698633955952049,0.08809590186785615,0.7867298578199052,0.2356020942408377,4,0,0,0.0,0.0,0,0,0.0,0.0,0.6380247371203985,0.48797730551437085,16.41599630813436,5.6662230047583626e-08,0.0006731104051231932,0.7486412166036585,42,sensing_uncertainty,cartesian_0.75m,1.0,0.1,0.72,poisson,single,12000,1.2,18.0,70.0,ber,cartesian_iid,False,False
kalman_predictive,synthetic-20260827-v5-slots120-dt0.100000,controlled_synthetic_motion,20260827,5,12.0,3587,2656,243,729,0,202,2.656,0.7404516308893225,0.0,0.2,545.7831325301205,500.0,1000.0,1200.0000000000002,0.20323390019514914,0.0563144689155283,0.25954836911067747,0.8179858330766862,4,0,0,0.0,0.0,0,0,0.0,0.0,0.504389856054821,0.7657692425476181,13.72609565478963,4.712532090824814e-06,0.04886621671422779,0.48714608595552034,94,sensing_uncertainty,cartesian_0.75m,1.0,0.1,0.72,poisson,single,12000,1.2,18.0,70.0,ber,cartesian_iid,False,False
link_lifetime,synthetic-20260827-v5-slots120-dt0.100000,controlled_synthetic_motion,20260827,5,12.0,3587,2786,381,589,0,212,2.786,0.7766936158349595,0.0,0.2,412.56281407035175,400.0,800.0,1100.0,0.1642040702536939,0.05910231391134653,0.22330638416504042,0.8580227902679396,4,0,0,0.0,0.0,0,0,0.0,0.0,0.5220067051579949,0.7815340889243906,13.246272961038711,8.175815840199248e-06,0.07506672797363804,0.4387801566081661,106,sensing_uncertainty,cartesian_0.75m,1.0,0.1,0.72,poisson,single,12000,1.2,18.0,70.0,ber,cartesian_iid,False,False
oracle,synthetic-20260827-v5-slots120-dt0.100000,controlled_synthetic_motion,20260827,5,12.0,3587,2691,296,701,0,195,2.691,0.7502090883746864,0.0,0.2,543.2181345224824,500.0,1000.0,1200.0000000000002,0.1954279342068581,0.054362977418455534,0.24979091162531364,0.8287650138589467,4,0,0,0.0,0.0,0,0,0.0,0.0,0.5070686955069528,0.7700967629827439,13.603744391532754,5.3445477398390334e-06,0.05451156343059866,0.4744658615896634,90,sensing_uncertainty,cartesian_0.75m,1.0,0.1,0.72,poisson,single,12000,1.2,18.0,70.0,ber,cartesian_iid,False,False
reactive_greedy,synthetic-20260827-v5-slots120-dt0.100000,controlled_synthetic_motion,20260827,5,12.0,3587,2802,327,610,0,175,2.802,0.7811541678282687,0.0,0.2,241.50606709493218,200.0,700.0000000000001,1000.0,0.1700585447449122,0.04878728742681907,0.21884583217173126,0.8629504157684016,4,0,0,0.0,0.0,0,0,0.0,0.0,0.5035101783242929,0.7796453120072867,11.762863169548151,7.77462839382546e-06,0.07801228266788594,0.2752991816577234,107,sensing_uncertainty,range_bearing_exact_R,1.0,0.1,0.72,poisson,single,12000,1.2,18.0,70.0,ber,range_bearing_assumed,False,False
proportional_fair,synthetic-20260827-v5-slots120-dt0.100000,controlled_synthetic_motion,20260827,5,12.0,3587,765,1,2506,0,316,0.765,0.2132701421800948,0.0,0.2,673.9869281045752,600.0000000000001,1500.0,1636.0000000000014,0.698633955952049,0.08809590186785615,0.7867298578199052,0.2356020942408377,4,0,0,0.0,0.0,0,0,0.0,0.0,0.6380247371203985,0.48797730551437085,16.41599630813436,5.6662230047583626e-08,0.0006731104051231932,0.7486412166036585,42,sensing_uncertainty,range_bearing_exact_R,1.0,0.1,0.72,poisson,single,12000,1.2,18.0,70.0,ber,range_bearing_assumed,False,False
kalman_predictive,synthetic-20260827-v5-slots120-dt0.100000,controlled_synthetic_motion,20260827,5,12.0,3587,2701,227,691,0,195,2.701,0.7529969333705046,0.0,0.2,525.7312106627176,500.0,900.0,1100.0,0.19264008921103987,0.054362977418455534,0.2470030666294954,0.8318447797967354,4,0,0,0.0,0.0,0,0,0.0,0.0,0.5096705278170848,0.7724195127116052,13.67612745771059,4.497638726097668e-06,0.04749353683807554,0.48035332870535874,89,sensing_uncertainty,range_bearing_exact_R,1.0,0.1,0.72,poisson,single,12000,1.2,18.0,70.0,ber,range_bearing_assumed,False,False
link_lifetime,synthetic-20260827-v5-slots120-dt0.100000,controlled_synthetic_motion,20260827,5,12.0,3587,2721,327,654,0,212,2.721,0.758572623362141,0.0,0.2,475.37669974274166,400.0,900.0,1200.0000000000002,0.18232506272651242,0.05910231391134653,0.24142737663785893,0.8380043116723129,4,0,0,0.0,0.0,0,0,0.0,0.0,0.5164507824878688,0.7757584997588117,13.422098985107233,7.79388387742907e-06,0.06787136327245759,0.45458982709659995,101,sensing_uncertainty,range_bearing_exact_R,1.0,0.1,0.72,poisson,single,12000,1.2,18.0,70.0,ber,range_bearing_assumed,False,False
oracle,synthetic-20260827-v5-slots120-dt0.100000,controlled_synthetic_motion,20260827,5,12.0,3587,2691,296,701,0,195,2.691,0.7502090883746864,0.0,0.2,543.2181345224824,500.0,1000.0,1200.0000000000002,0.1954279342068581,0.054362977418455534,0.24979091162531364,0.8287650138589467,4,0,0,0.0,0.0,0,0,0.0,0.0,0.5070686955069528,0.7700967629827439,13.603744391532754,5.3445477398390334e-06,0.05451156343059866,0.4744658615896634,90,sensing_uncertainty,range_bearing_exact_R,1.0,0.1,0.72,poisson,single,12000,1.2,18.0,70.0,ber,range_bearing_assumed,False,False
reactive_greedy,synthetic-20260827-v5-slots120-dt0.100000,controlled_synthetic_motion,20260827,5,12.0,3587,2802,327,610,0,175,2.802,0.7811541678282687,0.0,0.2,241.50606709493218,200.0,700.0000000000001,1000.0,0.1700585447449122,0.04878728742681907,0.21884583217173126,0.8629504157684016,4,0,0,0.0,0.0,0,0,0.0,0.0,0.5035101783242929,0.7796453120072867,11.762863169548151,7.77462839382546e-06,0.07801228266788594,0.2752991816577234,107,sensing_uncertainty,range_bearing_covariance_R,1.0,0.1,0.72,poisson,single,12000,1.2,18.0,70.0,ber,range_bearing_assumed,True,False
proportional_fair,synthetic-20260827-v5-slots120-dt0.100000,controlled_synthetic_motion,20260827,5,12.0,3587,765,1,2506,0,316,0.765,0.2132701421800948,0.0,0.2,673.9869281045752,600.0000000000001,1500.0,1636.0000000000014,0.698633955952049,0.08809590186785615,0.7867298578199052,0.2356020942408377,4,0,0,0.0,0.0,0,0,0.0,0.0,0.6380247371203985,0.48797730551437085,16.41599630813436,5.6662230047583626e-08,0.0006731104051231932,0.7486412166036585,42,sensing_uncertainty,range_bearing_covariance_R,1.0,0.1,0.72,poisson,single,12000,1.2,18.0,70.0,ber,range_bearing_assumed,True,False
kalman_predictive,synthetic-20260827-v5-slots120-dt0.100000,controlled_synthetic_motion,20260827,5,12.0,3587,2701,227,691,0,195,2.701,0.7529969333705046,0.0,0.2,525.7312106627176,500.0,900.0,1100.0,0.19264008921103987,0.054362977418455534,0.2470030666294954,0.8318447797967354,4,0,0,0.0,0.0,0,0,0.0,0.0,0.5096705278170848,0.7724195127116052,13.67612745771059,4.497638726097668e-06,0.04749353683807554,0.48035332870535874,89,sensing_uncertainty,range_bearing_covariance_R,1.0,0.1,0.72,poisson,single,12000,1.2,18.0,70.0,ber,range_bearing_assumed,True,False
link_lifetime,synthetic-20260827-v5-slots120-dt0.100000,controlled_synthetic_motion,20260827,5,12.0,3587,2721,327,654,0,212,2.721,0.758572623362141,0.0,0.2,475.37669974274166,400.0,900.0,1200.0000000000002,0.18232506272651242,0.05910231391134653,0.24142737663785893,0.8380043116723129,4,0,0,0.0,0.0,0,0,0.0,0.0,0.5164507824878688,0.7757584997588117,13.422098985107233,7.79388387742907e-06,0.06787136327245759,0.45458982709659995,101,sensing_uncertainty,range_bearing_covariance_R,1.0,0.1,0.72,poisson,single,12000,1.2,18.0,70.0,ber,range_bearing_assumed,True,False
oracle,synthetic-20260827-v5-slots120-dt0.100000,controlled_synthetic_motion,20260827,5,12.0,3587,2691,296,701,0,195,2.691,0.7502090883746864,0.0,0.2,543.2181345224824,500.0,1000.0,1200.0000000000002,0.1954279342068581,0.054362977418455534,0.24979091162531364,0.8287650138589467,4,0,0,0.0,0.0,0,0,0.0,0.0,0.5070686955069528,0.7700967629827439,13.603744391532754,5.3445477398390334e-06,0.05451156343059866,0.4744658615896634,90,sensing_uncertainty,range_bearing_covariance_R,1.0,0.1,0.72,poisson,single,12000,1.2,18.0,70.0,ber,range_bearing_assumed,True,False
reactive_greedy,synthetic-20260828-v5-slots120-dt0.100000,controlled_synthetic_motion,20260828,5,12.0,1493,692,143,692,0,109,0.692,0.463496316141996,0.0,0.025,281.9364161849711,200.0,900.0,1400.0000000000002,0.463496316141996,0.07300736771600803,0.5365036838580041,0.4849334267694464,44,0,0,0.0,0.0,0,0,0.0,0.0,0.6969856633432793,0.7750645928246981,16.941186494698528,5.399210829085915e-06,0.047279320134944375,1.544930522985964,95,offered_load,load=0.3,1.0,0.1,0.3,poisson,single,12000,1.2,18.0,70.0,ber,perfect,True,False
proportional_fair,synthetic-20260828-v5-slots120-dt0.100000,controlled_synthetic_motion,20260828,5,12.0,1493,394,0,970,0,129,0.394,0.2638981915606162,0.0,0.025,344.9238578680203,200.0,1100.0,1500.0,0.6496985934360349,0.08640321500334897,0.7361018084393838,0.27610371408549406,44,0,0,0.0,0.0,0,0,0.0,0.0,0.5809295711398847,0.6377486032488259,14.906605322998754,1.5263745469513048e-07,0.001811059717138173,0.6490574087192276,54,offered_load,load=0.3,1.0,0.1,0.3,poisson,single,12000,1.2,18.0,70.0,ber,perfect,True,False
kalman_predictive,synthetic-20260828-v5-slots120-dt0.100000,controlled_synthetic_motion,20260828,5,12.0,1493,763,1153,611,0,119,0.763,0.5110515740120563,0.0,0.025,494.7575360419397,400.0,1200.0000000000002,1500.0,0.4092431346282652,0.07970529135967849,0.48894842598794375,0.5346881569726699,44,0,0,0.0,0.0,0,0,0.0,0.0,0.810509902196234,0.8152369860599387,12.990008912017478,6.427331988563321e-05,0.27668754852126415,0.6090580304031481,95,offered_load,load=0.3,1.0,0.1,0.3,poisson,single,12000,1.2,18.0,70.0,ber,perfect,True,False
link_lifetime,synthetic-20260828-v5-slots120-dt0.100000,controlled_synthetic_motion,20260828,5,12.0,1493,770,1146,612,0,111,0.77,0.5157401205626256,0.0,0.025,493.8961038961039,400.0,1200.0000000000002,1500.0,0.40991292699263226,0.07434695244474213,0.4842598794373744,0.539593552908199,44,0,0,0.0,0.0,0,0,0.0,0.0,0.8138305903669032,0.8191135418453869,13.001484640695345,6.433214605358368e-05,0.27653889473767457,0.6088173298384184,96,offered_load,load=0.3,1.0,0.1,0.3,poisson,single,12000,1.2,18.0,70.0,ber,perfect,True,False
oracle,synthetic-20260828-v5-slots120-dt0.100000,controlled_synthetic_motion,20260828,5,12.0,1493,770,1146,612,0,111,0.77,0.5157401205626256,0.0,0.025,493.8961038961039,400.0,1200.0000000000002,1500.0,0.40991292699263226,0.07434695244474213,0.4842598794373744,0.539593552908199,44,0,0,0.0,0.0,0,0,0.0,0.0,0.8138305903669032,0.8191135418453869,13.001484640695345,6.433214605358368e-05,0.27653889473767457,0.6088173298384184,96,offered_load,load=0.3,1.0,0.1,0.3,poisson,single,12000,1.2,18.0,70.0,ber,perfect,True,False
reactive_greedy,synthetic-20260828-v5-slots120-dt0.100000,controlled_synthetic_motion,20260828,5,12.0,2474,1157,174,1165,0,152,1.157,0.46766370250606304,0.0,0.025,270.4407951598963,200.0,900.0,1300.0,0.47089733225545677,0.06143896523848019,0.532336297493937,0.48450586264656614,78,0,0,0.0,0.0,0,0,0.0,0.0,0.6841377935753912,0.766516260985546,16.77764140907034,5.507702211199236e-06,0.04861513376027623,1.519194316642282,106,offered_load,load=0.5,1.0,0.1,0.5,poisson,single,12000,1.2,18.0,70.0,ber,perfect,True,False
proportional_fair,synthetic-20260828-v5-slots120-dt0.100000,controlled_synthetic_motion,20260828,5,12.0,2474,498,3,1763,0,213,0.498,0.20129345189975748,0.0,0.025,307.42971887550203,100.0,1100.0,1500.0,0.7126111560226354,0.08609539207760711,0.7987065481002426,0.20854271356783918,78,0,0,0.0,0.0,0,0,0.0,0.0,0.6673052603255751,0.5637189249784266,14.183213806396202,2.2961001946979557e-07,0.002725851655457549,0.5121520140796016,47,offered_load,load=0.5,1.0,0.1,0.5,poisson,single,12000,1.2,18.0,70.0,ber,perfect,True,False
kalman_predictive,synthetic-20260828-v5-slots120-dt0.100000,controlled_synthetic_motion,20260828,5,12.0,2474,1224,2049,1101,0,149,1.224,0.49474535165723527,0.0,0.025,625.6535947712418,600.0000000000001,1300.0,1600.0,0.4450282942603072,0.06022635408245756,0.5052546483427648,0.5125628140703518,78,0,0,0.0,0.0,0,0,0.0,0.0,0.7985714818743437,0.8044564634802971,12.047398483469921,0.00011096214427358911,0.44331062585411907,0.5352109331413478,89,offered_load,load=0.5,1.0,0.1,0.5,poisson,single,12000,1.2,18.0,70.0,ber,perfect,True,False
link_lifetime,synthetic-20260828-v5-slots120-dt0.100000,controlled_synthetic_motion,20260828,5,12.0,2474,1226,2123,1115,0,133,1.226,0.49555375909458366,0.0,0.025,628.2218597063621,600.0000000000001,1300.0,1600.0,0.45068714632174617,0.05375909458367017,0.5044462409054163,0.5134003350083752,78,0,0,0.0,0.0,0,0,0.0,0.0,0.7973328099388372,0.8084596844129546,11.914874584019874,0.00012842329790523175,0.46130820425567565,0.5277523297053817,90,offered_load,load=0.5,1.0,0.1,0.5,poisson,single,12000,1.2,18.0,70.0,ber,perfect,True,False
oracle,synthetic-20260828-v5-slots120-dt0.100000,controlled_synthetic_motion,20260828,5,12.0,2474,1226,2123,1115,0,133,1.226,0.49555375909458366,0.0,0.025,628.2218597063621,600.0000000000001,1300.0,1600.0,0.45068714632174617,0.05375909458367017,0.5044462409054163,0.5134003350083752,78,0,0,0.0,0.0,0,0,0.0,0.0,0.7973328099388372,0.8084596844129546,11.914874584019874,0.00012842329790523175,0.46130820425567565,0.5277523297053817,90,offered_load,load=0.5,1.0,0.1,0.5,poisson,single,12000,1.2,18.0,70.0,ber,perfect,True,False
reactive_greedy,synthetic-20260828-v5-slots120-dt0.100000,controlled_synthetic_motion,20260828,5,12.0,3498,1587,247,1672,0,239,1.587,0.45368782161234994,0.0,0.025,257.65595463138,200.0,800.0,1200.0000000000002,0.4779874213836478,0.06832475700400228,0.5463121783876501,0.46814159292035395,107,0,0,0.0,0.0,0,0,0.0,0.0,0.6625415803492157,0.7635086339526381,16.612966226374336,6.5200835874786654e-06,0.056137338070870194,1.491869064023197,107,offered_load,load=0.7,1.0,0.1,0.7,poisson,single,12000,1.2,18.0,70.0,ber,perfect,True,False
proportional_fair,synthetic-20260828-v5-slots120-dt0.100000,controlled_synthetic_motion,20260828,5,12.0,3498,659,3,2539,0,300,0.659,0.18839336763865067,0.0,0.025,322.0030349013657,100.0,1100.0,1400.0000000000002,0.7258433390508863,0.08576329331046312,0.8116066323613493,0.1943952802359882,107,0,0,0.0,0.0,0,0,0.0,0.0,0.6879426557364064,0.5535118654395281,13.736646185931875,3.706506521493752e-07,0.0043729869130260226,0.4545462140007258,41,offered_load,load=0.7,1.0,0.1,0.7,poisson,single,12000,1.2,18.0,70.0,ber,perfect,True,False
kalman_predictive,synthetic-20260828-v5-slots120-dt0.100000,controlled_synthetic_motion,20260828,5,12.0,3498,1594,2371,1653,0,251,1.594,0.4556889651229274,0.0,0.025,721.267252195734,700.0000000000001,1334.999999999991,1600.0,0.4725557461406518,0.07175528873642081,0.5443110348770727,0.4702064896755162,107,0,0,0.0,0.0,0,0,0.0,0.0,0.834809978939483,0.7951199668783218,11.691506670169856,0.00012224422791747727,0.5039122007836274,0.5269983263784538,84,offered_load,load=0.7,1.0,0.1,0.7,poisson,single,12000,1.2,18.0,70.0,ber,perfect,True,False
link_lifetime,synthetic-20260828-v5-slots120-dt0.100000,controlled_synthetic_motion,20260828,5,12.0,3498,1617,2298,1644,0,237,1.617,0.46226415094339623,0.0,0.025,712.2448979591836,700.0000000000001,1400.0000000000002,1600.0,0.4699828473413379,0.06775300171526587,0.5377358490566038,0.47699115044247786,107,0,0,0.0,0.0,0,0,0.0,0.0,0.799575853300898,0.7928337093812944,11.91430324782617,0.0001193168904440779,0.48862785737603254,0.5766429522137081,92,offered_load,load=0.7,1.0,0.1,0.7,poisson,single,12000,1.2,18.0,70.0,ber,perfect,True,False
oracle,synthetic-20260828-v5-slots120-dt0.100000,controlled_synthetic_motion,20260828,5,12.0,3498,1617,2298,1644,0,237,1.617,0.46226415094339623,0.0,0.025,712.2448979591836,700.0000000000001,1400.0000000000002,1600.0,0.4699828473413379,0.06775300171526587,0.5377358490566038,0.47699115044247786,107,0,0,0.0,0.0,0,0,0.0,0.0,0.799575853300898,0.7928337093812944,11.91430324782617,0.0001193168904440779,0.48862785737603254,0.5766429522137081,92,offered_load,load=0.7,1.0,0.1,0.7,poisson,single,12000,1.2,18.0,70.0,ber,perfect,True,False
reactive_greedy,synthetic-20260828-v5-slots120-dt0.100000,controlled_synthetic_motion,20260828,5,12.0,4509,1979,225,2199,0,331,1.979,0.4388999778221335,0.0,0.025,257.70591207680644,200.0,700.0000000000001,1300.0,0.48769128409846974,0.07340873807939677,0.5611000221778665,0.4548379682831533,131,0,0,0.0,0.0,0,0,0.0,0.0,0.6405646343787132,0.7471604682568759,16.68337559209338,5.5924442264689625e-06,0.04943051429196924,1.4911362071505498,112,offered_load,load=0.9,1.0,0.1,0.9,poisson,single,12000,1.2,18.0,70.0,ber,perfect,True,False
proportional_fair,synthetic-20260828-v5-slots120-dt0.100000,controlled_synthetic_motion,20260828,5,12.0,4509,715,7,3340,0,454,0.715,0.1585717453980927,0.0,0.025,428.6713286713287,200.0,1300.0,1600.0,0.7407407407407407,0.10068751386116656,0.8414282546019073,0.16433003907147783,131,0,0,0.0,0.0,0,0,0.0,0.0,0.7145752524723067,0.552762186309316,13.482779205152452,5.100811505151223e-07,0.0060102907280375935,0.45863213240485307,25,offered_load,load=0.9,1.0,0.1,0.9,poisson,single,12000,1.2,18.0,70.0,ber,perfect,True,False
kalman_predictive,synthetic-20260828-v5-slots120-dt0.100000,controlled_synthetic_motion,20260828,5,12.0,4509,1886,2349,2237,0,386,1.886,0.41827456198713686,0.0,0.025,784.0402969247084,800.0,1400.0000000000002,1600.0,0.4961188733643824,0.08560656464848082,0.5817254380128631,0.4334635715927373,131,0,0,0.0,0.0,0,0,0.0,0.0,0.7812611330385755,0.7670744980881469,12.06955705767225,0.0001195761999152965,0.4915218653859485,0.6316791919970999,89,offered_load,load=0.9,1.0,0.1,0.9,poisson,single,12000,1.2,18.0,70.0,ber,perfect,True,False
link_lifetime,synthetic-20260828-v5-slots120-dt0.100000,controlled_synthetic_motion,20260828,5,12.0,4509,1886,2349,2237,0,386,1.886,0.41827456198713686,0.0,0.025,784.0402969247084,800.0,1400.0000000000002,1600.0,0.4961188733643824,0.08560656464848082,0.5817254380128631,0.4334635715927373,131,0,0,0.0,0.0,0,0,0.0,0.0,0.7812611330385755,0.7670744980881469,12.06955705767225,0.0001195761999152965,0.4915218653859485,0.6316791919970999,89,offered_load,load=0.9,1.0,0.1,0.9,poisson,single,12000,1.2,18.0,70.0,ber,perfect,True,False
oracle,synthetic-20260828-v5-slots120-dt0.100000,controlled_synthetic_motion,20260828,5,12.0,4509,1886,2349,2237,0,386,1.886,0.41827456198713686,0.0,0.025,784.0402969247084,800.0,1400.0000000000002,1600.0,0.4961188733643824,0.08560656464848082,0.5817254380128631,0.4334635715927373,131,0,0,0.0,0.0,0,0,0.0,0.0,0.7812611330385755,0.7670744980881469,12.06955705767225,0.0001195761999152965,0.4915218653859485,0.6316791919970999,89,offered_load,load=0.9,1.0,0.1,0.9,poisson,single,12000,1.2,18.0,70.0,ber,perfect,True,False
reactive_greedy,synthetic-20260828-v5-slots120-dt0.100000,controlled_synthetic_motion,20260828,5,12.0,5428,2359,260,2651,0,418,2.359,0.4345983787767133,0.0,0.025,274.0568037303942,200.0,900.0,1400.0000000000002,0.48839351510685336,0.07700810611643331,0.5654016212232866,0.44967594357605795,137,0,0,0.0,0.0,0,0,0.0,0.0,0.6592574339825154,0.7532670422754765,16.383695758243597,7.157124033949539e-06,0.06052556803759455,1.4065220562635612,113,offered_load,load=1.1,1.0,0.1,1.1,poisson,single,12000,1.2,18.0,70.0,ber,perfect,True,False
proportional_fair,synthetic-20260828-v5-slots120-dt0.100000,controlled_synthetic_motion,20260828,5,12.0,5428,962,8,3973,0,493,0.962,0.1772291820191599,0.0,0.025,475.15592515592516,200.0,1400.0000000000002,1638.9999999999986,0.7319454679439941,0.09082535003684598,0.8227708179808401,0.18337781166603126,137,0,0,0.0,0.0,0,0,0.0,0.0,0.6663863186318632,0.5407145468245026,13.637035660717768,5.618641164829567e-07,0.006603307219725233,0.5179241069049808,31,offered_load,load=1.1,1.0,0.1,1.1,poisson,single,12000,1.2,18.0,70.0,ber,perfect,True,False
kalman_predictive,synthetic-20260828-v5-slots120-dt0.100000,controlled_synthetic_motion,20260828,5,12.0,5428,2077,2242,2903,0,448,2.077,0.3826455416359617,0.0,0.025,826.432354357246,900.0,1400.0000000000002,1600.0,0.5348194546794399,0.08253500368459837,0.6173544583640383,0.3959207014868471,137,0,0,0.0,0.0,0,0,0.0,0.0,0.783970857757105,0.7314562853443056,12.25187060316724,0.00011125082717461848,0.47247537555604213,0.6635029581140638,82,offered_load,load=1.1,1.0,0.1,1.1,poisson,single,12000,1.2,18.0,70.0,ber,perfect,True,False
link_lifetime,synthetic-20260828-v5-slots120-dt0.100000,controlled_synthetic_motion,20260828,5,12.0,5428,2135,2202,2839,0,454,2.135,0.39333087693441415,0.0,0.025,817.5175644028103,900.0,1400.0000000000002,1600.0,0.5230287398673544,0.08364038319823139,0.6066691230655858,0.4069767441860465,137,0,0,0.0,0.0,0,0,0.0,0.0,0.7982678198189362,0.7507993975583594,12.266708508498603,0.00010630184405270511,0.45996105515908187,0.6863352379613941,88,offered_load,load=1.1,1.0,0.1,1.1,poisson,single,12000,1.2,18.0,70.0,ber,perfect,True,False
oracle,synthetic-20260828-v5-slots120-dt0.100000,controlled_synthetic_motion,20260828,5,12.0,5428,2135,2202,2839,0,454,2.135,0.39333087693441415,0.0,0.025,817.5175644028103,900.0,1400.0000000000002,1600.0,0.5230287398673544,0.08364038319823139,0.6066691230655858,0.4069767441860465,137,0,0,0.0,0.0,0,0,0.0,0.0,0.7982678198189362,0.7507993975583594,12.266708508498603,0.00010630184405270511,0.45996105515908187,0.6863352379613941,88,offered_load,load=1.1,1.0,0.1,1.1,poisson,single,12000,1.2,18.0,70.0,ber,perfect,True,False
reactive_greedy,synthetic-20260828-v5-slots120-dt0.100000,controlled_synthetic_motion,20260828,5,12.0,3506,1622,287,1624,0,260,1.622,0.46263548203080435,0.0,0.025,274.5992601726264,200.0,900.0,1300.0,0.4632059326868226,0.07415858528237307,0.5373645179691957,0.4786072587784007,100,0,0,0.0,0.0,0,0,0.0,0.0,0.6698332599225495,0.7700148627258929,16.451540960014462,7.659610088770245e-06,0.06493553344162611,1.4265837850909222,111,prediction_horizon,horizon_s=0.1,0.1,0.1,0.72,poisson,single,12000,1.2,18.0,70.0,ber,perfect,True,False
proportional_fair,synthetic-20260828-v5-slots120-dt0.100000,controlled_synthetic_motion,20260828,5,12.0,3506,625,8,2579,0,302,0.625,0.1782658300057045,0.0,0.025,289.6,100.0,1000.0,1375.9999999999993,0.735596120935539,0.08613804905875641,0.8217341699942955,0.1844201829448215,100,0,0,0.0,0.0,0,0,0.0,0.0,0.6710674374457778,0.5460481826778641,13.884125662355826,3.4619283443042447e-07,0.0040824036581440385,0.472607969667667,40,prediction_horizon,horizon_s=0.1,0.1,0.1,0.72,poisson,single,12000,1.2,18.0,70.0,ber,perfect,True,False
kalman_predictive,synthetic-20260828-v5-slots120-dt0.100000,controlled_synthetic_motion,20260828,5,12.0,3506,1610,2100,1625,0,271,1.61,0.4592127780946948,0.0,0.025,711.2422360248447,700.0000000000001,1354.9999999999957,1600.0,0.4634911580148317,0.07729606389047347,0.5407872219053051,0.47506639126586014,100,0,0,0.0,0.0,0,0,0.0,0.0,0.8027264394014468,0.7892967565340231,12.062471713219361,0.00010732390438267712,0.4482249483318573,0.5632584455016523,95,prediction_horizon,horizon_s=0.1,0.1,0.1,0.72,poisson,single,12000,1.2,18.0,70.0,ber,perfect,True,False
link_lifetime,synthetic-20260828-v5-slots120-dt0.100000,controlled_synthetic_motion,20260828,5,12.0,3506,1610,2100,1625,0,271,1.61,0.4592127780946948,0.0,0.025,711.2422360248447,700.0000000000001,1354.9999999999957,1600.0,0.4634911580148317,0.07729606389047347,0.5407872219053051,0.47506639126586014,100,0,0,0.0,0.0,0,0,0.0,0.0,0.8027264394014468,0.7892967565340231,12.062471713219361,0.00010732390438267712,0.4482249483318573,0.5632584455016523,95,prediction_horizon,horizon_s=0.1,0.1,0.1,0.72,poisson,single,12000,1.2,18.0,70.0,ber,perfect,True,False
oracle,synthetic-20260828-v5-slots120-dt0.100000,controlled_synthetic_motion,20260828,5,12.0,3506,1610,2100,1625,0,271,1.61,0.4592127780946948,0.0,0.025,711.2422360248447,700.0000000000001,1354.9999999999957,1600.0,0.4634911580148317,0.07729606389047347,0.5407872219053051,0.47506639126586014,100,0,0,0.0,0.0,0,0,0.0,0.0,0.8027264394014468,0.7892967565340231,12.062471713219361,0.00010732390438267712,0.4482249483318573,0.5632584455016523,95,prediction_horizon,horizon_s=0.1,0.1,0.1,0.72,poisson,single,12000,1.2,18.0,70.0,ber,perfect,True,False
reactive_greedy,synthetic-20260828-v5-slots120-dt0.100000,controlled_synthetic_motion,20260828,5,12.0,3506,1622,287,1624,0,260,1.622,0.46263548203080435,0.0,0.025,274.5992601726264,200.0,900.0,1300.0,0.4632059326868226,0.07415858528237307,0.5373645179691957,0.4786072587784007,100,0,0,0.0,0.0,0,0,0.0,0.0,0.6698332599225495,0.7700148627258929,16.451540960014462,7.659610088770245e-06,0.06493553344162611,1.4265837850909222,111,prediction_horizon,horizon_s=0.3,0.30000000000000004,0.1,0.72,poisson,single,12000,1.2,18.0,70.0,ber,perfect,True,False
proportional_fair,synthetic-20260828-v5-slots120-dt0.100000,controlled_synthetic_motion,20260828,5,12.0,3506,625,8,2579,0,302,0.625,0.1782658300057045,0.0,0.025,289.6,100.0,1000.0,1375.9999999999993,0.735596120935539,0.08613804905875641,0.8217341699942955,0.1844201829448215,100,0,0,0.0,0.0,0,0,0.0,0.0,0.6710674374457778,0.5460481826778641,13.884125662355826,3.4619283443042447e-07,0.0040824036581440385,0.472607969667667,40,prediction_horizon,horizon_s=0.3,0.30000000000000004,0.1,0.72,poisson,single,12000,1.2,18.0,70.0,ber,perfect,True,False
kalman_predictive,synthetic-20260828-v5-slots120-dt0.100000,controlled_synthetic_motion,20260828,5,12.0,3506,1636,2117,1603,0,267,1.636,0.46662863662293214,0.0,0.025,725.7946210268949,700.0000000000001,1300.0,1600.0,0.4572162007986309,0.07615516257843696,0.5333713633770679,0.48273827087636473,100,0,0,0.0,0.0,0,0,0.0,0.0,0.8117776942021425,0.7954961778151308,12.013784124623907,0.00010843159552041565,0.4548553217040345,0.5604072110625916,93,prediction_horizon,horizon_s=0.3,0.30000000000000004,0.1,0.72,poisson,single,12000,1.2,18.0,70.0,ber,perfect,True,False
link_lifetime,synthetic-20260828-v5-slots120-dt0.100000,controlled_synthetic_motion,20260828,5,12.0,3506,1630,2152,1603,0,273,1.63,0.46491728465487736,0.0,0.025,724.5398773006135,700.0000000000001,1400.0000000000002,1600.0,0.4572162007986309,0.07786651454649172,0.5350827153451226,0.48096783712009444,100,0,0,0.0,0.0,0,0,0.0,0.0,0.8075880264565704,0.8014009709270801,11.953755955293559,0.00010951080728793443,0.461085551214122,0.5548457987364405,94,prediction_horizon,horizon_s=0.3,0.30000000000000004,0.1,0.72,poisson,single,12000,1.2,18.0,70.0,ber,perfect,True,False
oracle,synthetic-20260828-v5-slots120-dt0.100000,controlled_synthetic_motion,20260828,5,12.0,3506,1630,2152,1603,0,273,1.63,0.46491728465487736,0.0,0.025,724.5398773006135,700.0000000000001,1400.0000000000002,1600.0,0.4572162007986309,0.07786651454649172,0.5350827153451226,0.48096783712009444,100,0,0,0.0,0.0,0,0,0.0,0.0,0.8075880264565704,0.8014009709270801,11.953755955293559,0.00010951080728793443,0.461085551214122,0.5548457987364405,94,prediction_horizon,horizon_s=0.3,0.30000000000000004,0.1,0.72,poisson,single,12000,1.2,18.0,70.0,ber,perfect,True,False
reactive_greedy,synthetic-20260828-v5-slots120-dt0.100000,controlled_synthetic_motion,20260828,5,12.0,3506,1622,287,1624,0,260,1.622,0.46263548203080435,0.0,0.025,274.5992601726264,200.0,900.0,1300.0,0.4632059326868226,0.07415858528237307,0.5373645179691957,0.4786072587784007,100,0,0,0.0,0.0,0,0,0.0,0.0,0.6698332599225495,0.7700148627258929,16.451540960014462,7.659610088770245e-06,0.06493553344162611,1.4265837850909222,111,prediction_horizon,horizon_s=0.5,0.5,0.1,0.72,poisson,single,12000,1.2,18.0,70.0,ber,perfect,True,False
proportional_fair,synthetic-20260828-v5-slots120-dt0.100000,controlled_synthetic_motion,20260828,5,12.0,3506,625,8,2579,0,302,0.625,0.1782658300057045,0.0,0.025,289.6,100.0,1000.0,1375.9999999999993,0.735596120935539,0.08613804905875641,0.8217341699942955,0.1844201829448215,100,0,0,0.0,0.0,0,0,0.0,0.0,0.6710674374457778,0.5460481826778641,13.884125662355826,3.4619283443042447e-07,0.0040824036581440385,0.472607969667667,40,prediction_horizon,horizon_s=0.5,0.5,0.1,0.72,poisson,single,12000,1.2,18.0,70.0,ber,perfect,True,False
kalman_predictive,synthetic-20260828-v5-slots120-dt0.100000,controlled_synthetic_motion,20260828,5,12.0,3506,1622,2107,1595,0,289,1.622,0.46263548203080435,0.0,0.025,687.7928483353884,700.0000000000001,1300.0,1600.0,0.4549343981745579,0.08243011979463777,0.5373645179691957,0.4786072587784007,100,0,0,0.0,0.0,0,0,0.0,0.0,0.7983262023972083,0.793302310723743,12.066118885941247,0.00010807086877204394,0.45412474758704907,0.5669683259530417,88,prediction_horizon,horizon_s=0.5,0.5,0.1,0.72,poisson,single,12000,1.2,18.0,70.0,ber,perfect,True,False
link_lifetime,synthetic-20260828-v5-slots120-dt0.100000,controlled_synthetic_motion,20260828,5,12.0,3506,1622,2107,1595,0,289,1.622,0.46263548203080435,0.0,0.025,687.7928483353884,700.0000000000001,1300.0,1600.0,0.4549343981745579,0.08243011979463777,0.5373645179691957,0.4786072587784007,100,0,0,0.0,0.0,0,0,0.0,0.0,0.7983262023972083,0.793302310723743,12.066118885941247,0.00010807086877204394,0.45412474758704907,0.5669683259530417,88,prediction_horizon,horizon_s=0.5,0.5,0.1,0.72,poisson,single,12000,1.2,18.0,70.0,ber,perfect,True,False
oracle,synthetic-20260828-v5-slots120-dt0.100000,controlled_synthetic_motion,20260828,5,12.0,3506,1622,2107,1595,0,289,1.622,0.46263548203080435,0.0,0.025,687.7928483353884,700.0000000000001,1300.0,1600.0,0.4549343981745579,0.08243011979463777,0.5373645179691957,0.4786072587784007,100,0,0,0.0,0.0,0,0,0.0,0.0,0.7983262023972083,0.793302310723743,12.066118885941247,0.00010807086877204394,0.45412474758704907,0.5669683259530417,88,prediction_horizon,horizon_s=0.5,0.5,0.1,0.72,poisson,single,12000,1.2,18.0,70.0,ber,perfect,True,False
reactive_greedy,synthetic-20260828-v5-slots120-dt0.100000,controlled_synthetic_motion,20260828,5,12.0,3506,1622,287,1624,0,260,1.622,0.46263548203080435,0.0,0.025,274.5992601726264,200.0,900.0,1300.0,0.4632059326868226,0.07415858528237307,0.5373645179691957,0.4786072587784007,100,0,0,0.0,0.0,0,0,0.0,0.0,0.6698332599225495,0.7700148627258929,16.451540960014462,7.659610088770245e-06,0.06493553344162611,1.4265837850909222,111,prediction_horizon,horizon_s=1,1.0,0.1,0.72,poisson,single,12000,1.2,18.0,70.0,ber,perfect,True,False
proportional_fair,synthetic-20260828-v5-slots120-dt0.100000,controlled_synthetic_motion,20260828,5,12.0,3506,625,8,2579,0,302,0.625,0.1782658300057045,0.0,0.025,289.6,100.0,1000.0,1375.9999999999993,0.735596120935539,0.08613804905875641,0.8217341699942955,0.1844201829448215,100,0,0,0.0,0.0,0,0,0.0,0.0,0.6710674374457778,0.5460481826778641,13.884125662355826,3.4619283443042447e-07,0.0040824036581440385,0.472607969667667,40,prediction_horizon,horizon_s=1,1.0,0.1,0.72,poisson,single,12000,1.2,18.0,70.0,ber,perfect,True,False
kalman_predictive,synthetic-20260828-v5-slots120-dt0.100000,controlled_synthetic_motion,20260828,5,12.0,3506,1618,2122,1597,0,291,1.618,0.4614945807187678,0.0,0.025,701.9777503090235,700.0000000000001,1300.0,1600.0,0.4555048488305762,0.08300057045065602,0.5385054192812322,0.4774269696075539,100,0,0,0.0,0.0,0,0,0.0,0.0,0.7939093437169258,0.7927968677190801,12.105880893152165,0.0001099239049953467,0.45726820908206434,0.5717848999684646,96,prediction_horizon,horizon_s=1,1.0,0.1,0.72,poisson,single,12000,1.2,18.0,70.0,ber,perfect,True,False
link_lifetime,synthetic-20260828-v5-slots120-dt0.100000,controlled_synthetic_motion,20260828,5,12.0,3506,1640,2146,1580,0,286,1.64,0.4677695379349686,0.0,0.025,697.0121951219512,700.0000000000001,1300.0,1600.0,0.450656018254421,0.08157444381061038,0.5322304620650313,0.48391856004721157,100,0,0,0.0,0.0,0,0,0.0,0.0,0.8036165133393289,0.7963789065131004,12.044331283639924,0.00011081032147075406,0.4632871106032679,0.5670917877918519,95,prediction_horizon,horizon_s=1,1.0,0.1,0.72,poisson,single,12000,1.2,18.0,70.0,ber,perfect,True,False
oracle,synthetic-20260828-v5-slots120-dt0.100000,controlled_synthetic_motion,20260828,5,12.0,3506,1649,2211,1592,0,265,1.649,0.47033656588705075,0.0,0.025,738.9326864766525,800.0,1300.0,1600.0,0.4540787221905305,0.07558471192241871,0.5296634341129492,0.486574210681617,100,0,0,0.0,0.0,0,0,0.0,0.0,0.8022436970699175,0.8041661399549568,11.898600978957083,0.0001127132708568191,0.4752384941542089,0.5602825656924446,90,prediction_horizon,horizon_s=1,1.0,0.1,0.72,poisson,single,12000,1.2,18.0,70.0,ber,perfect,True,False
reactive_greedy,synthetic-20260828-v5-slots120-dt0.100000,controlled_synthetic_motion,20260828,5,12.0,3506,1622,287,1624,0,260,1.622,0.46263548203080435,0.0,0.025,274.5992601726264,200.0,900.0,1300.0,0.4632059326868226,0.07415858528237307,0.5373645179691957,0.4786072587784007,100,0,0,0.0,0.0,0,0,0.0,0.0,0.6698332599225495,0.7700148627258929,16.451540960014462,7.659610088770245e-06,0.06493553344162611,1.4265837850909222,111,prediction_horizon,horizon_s=2,2.0,0.1,0.72,poisson,single,12000,1.2,18.0,70.0,ber,perfect,True,False
proportional_fair,synthetic-20260828-v5-slots120-dt0.100000,controlled_synthetic_motion,20260828,5,12.0,3506,625,8,2579,0,302,0.625,0.1782658300057045,0.0,0.025,289.6,100.0,1000.0,1375.9999999999993,0.735596120935539,0.08613804905875641,0.8217341699942955,0.1844201829448215,100,0,0,0.0,0.0,0,0,0.0,0.0,0.6710674374457778,0.5460481826778641,13.884125662355826,3.4619283443042447e-07,0.0040824036581440385,0.472607969667667,40,prediction_horizon,horizon_s=2,2.0,0.1,0.72,poisson,single,12000,1.2,18.0,70.0,ber,perfect,True,False
kalman_predictive,synthetic-20260828-v5-slots120-dt0.100000,controlled_synthetic_motion,20260828,5,12.0,3506,1623,2140,1600,0,283,1.623,0.46292070735881347,0.0,0.025,726.6173752310536,700.0000000000001,1300.0,1600.0,0.45636052481460354,0.08071876782658301,0.5370792926411866,0.4789023310711124,100,0,0,0.0,0.0,0,0,0.0,0.0,0.821984993423506,0.8025546031906715,11.902911091960883,0.00011157136509741837,0.4744869643409599,0.5548987496303944,86,prediction_horizon,horizon_s=2,2.0,0.1,0.72,poisson,single,12000,1.2,18.0,70.0,ber,perfect,True,False
link_lifetime,synthetic-20260828-v5-slots120-dt0.100000,controlled_synthetic_motion,20260828,5,12.0,3506,1596,2098,1633,0,277,1.596,0.455219623502567,0.0,0.025,711.4661654135339,700.0000000000001,1300.0,1600.0,0.4657729606389047,0.07900741585852823,0.5447803764974329,0.47093537916789613,100,0,0,0.0,0.0,0,0,0.0,0.0,0.8137758296806512,0.7988844179334572,11.958913550303524,0.00010734880250170601,0.45962044386480316,0.5509551042360206,86,prediction_horizon,horizon_s=2,2.0,0.1,0.72,poisson,single,12000,1.2,18.0,70.0,ber,perfect,True,False
oracle,synthetic-20260828-v5-slots120-dt0.100000,controlled_synthetic_motion,20260828,5,12.0,3506,1596,2098,1633,0,277,1.596,0.455219623502567,0.0,0.025,711.4661654135339,700.0000000000001,1300.0,1600.0,0.4657729606389047,0.07900741585852823,0.5447803764974329,0.47093537916789613,100,0,0,0.0,0.0,0,0,0.0,0.0,0.8137758296806512,0.7988844179334572,11.958913550303524,0.00010734880250170601,0.45962044386480316,0.5509551042360206,86,prediction_horizon,horizon_s=2,2.0,0.1,0.72,poisson,single,12000,1.2,18.0,70.0,ber,perfect,True,False
reactive_greedy,synthetic-20260828-v5-slots240-dt0.050000,controlled_synthetic_motion,20260828,5,6.0,1740,1036,91,517,0,187,2.072,0.5954022988505747,0.0,0.0033333333333333335,152.5096525096525,100.0,450.0,950.0000000000001,0.2971264367816092,0.1074712643678161,0.4045977011494253,0.5937888198757764,1,0,0,0.0,0.0,0,0,0.0,0.0,0.5807658800803,0.775114325242428,14.076038919397295,4.936150051382978e-06,0.05229142454974662,0.6226496699453443,106,slot_duration,slot_s=0.05,1.0,0.05,0.72,poisson,single,12000,1.2,18.0,70.0,ber,perfect,True,False
proportional_fair,synthetic-20260828-v5-slots240-dt0.050000,controlled_synthetic_motion,20260828,5,6.0,1740,483,4,928,0,329,0.966,0.2775862068965517,0.0,0.0033333333333333335,210.66252587991718,50.0,894.9999999999989,1300.0,0.5333333333333333,0.18908045977011495,0.7224137931034482,0.26956521739130435,1,0,0,0.0,0.0,0,0,0.0,0.0,0.45684268243726195,0.5835860718148835,14.310427489354934,3.506936591809785e-07,0.0041626987999504,0.5388761747874639,43,slot_duration,slot_s=0.05,1.0,0.05,0.72,poisson,single,12000,1.2,18.0,70.0,ber,perfect,True,False
kalman_predictive,synthetic-20260828-v5-slots240-dt0.050000,controlled_synthetic_motion,20260828,5,6.0,1740,867,1331,584,0,289,1.734,0.4982758620689655,0.0,0.0033333333333333335,662.0530565167244,700.0000000000001,1250.0,1450.0000000000002,0.335632183908046,0.1660919540229885,0.5017241379310344,0.48198757763975153,1,0,0,0.0,0.0,0,0,0.0,0.0,0.6618641120351496,0.793817408676606,10.795050703937237,0.00018839889691496346,0.5621862129350962,0.3089967130128827,84,slot_duration,slot_s=0.05,1.0,0.05,0.72,poisson,single,12000,1.2,18.0,70.0,ber,perfect,True,False
link_lifetime,synthetic-20260828-v5-slots240-dt0.050000,controlled_synthetic_motion,20260828,5,6.0,1740,886,1330,571,0,283,1.772,0.5091954022988506,0.0,0.0033333333333333335,678.216704288939,700.0000000000001,1250.0,1450.0000000000002,0.3281609195402299,0.16264367816091954,0.4908045977011494,0.4968944099378882,1,0,0,0.0,0.0,0,0,0.0,0.0,0.6577535715781977,0.7920387967058936,10.781622754448021,0.0001888461944815233,0.5656539670518496,0.30979535913477513,85,slot_duration,slot_s=0.05,1.0,0.05,0.72,poisson,single,12000,1.2,18.0,70.0,ber,perfect,True,False
oracle,synthetic-20260828-v5-slots240-dt0.050000,controlled_synthetic_motion,20260828,5,6.0,1740,886,1330,571,0,283,1.772,0.5091954022988506,0.0,0.0033333333333333335,678.216704288939,700.0000000000001,1250.0,1450.0000000000002,0.3281609195402299,0.16264367816091954,0.4908045977011494,0.4968944099378882,1,0,0,0.0,0.0,0,0,0.0,0.0,0.6577535715781977,0.7920387967058936,10.781622754448021,0.0001888461944815233,0.5656539670518496,0.30979535913477513,85,slot_duration,slot_s=0.05,1.0,0.05,0.72,poisson,single,12000,1.2,18.0,70.0,ber,perfect,True,False
reactive_greedy,synthetic-20260828-v5-slots120-dt0.100000,controlled_synthetic_motion,20260828,5,12.0,3506,1622,287,1624,0,260,1.622,0.46263548203080435,0.0,0.025,274.5992601726264,200.0,900.0,1300.0,0.4632059326868226,0.07415858528237307,0.5373645179691957,0.4786072587784007,100,0,0,0.0,0.0,0,0,0.0,0.0,0.6698332599225495,0.7700148627258929,16.451540960014462,7.659610088770245e-06,0.06493553344162611,1.4265837850909222,111,slot_duration,slot_s=0.1,1.0,0.1,0.72,poisson,single,12000,1.2,18.0,70.0,ber,perfect,True,False
proportional_fair,synthetic-20260828-v5-slots120-dt0.100000,controlled_synthetic_motion,20260828,5,12.0,3506,625,8,2579,0,302,0.625,0.1782658300057045,0.0,0.025,289.6,100.0,1000.0,1375.9999999999993,0.735596120935539,0.08613804905875641,0.8217341699942955,0.1844201829448215,100,0,0,0.0,0.0,0,0,0.0,0.0,0.6710674374457778,0.5460481826778641,13.884125662355826,3.4619283443042447e-07,0.0040824036581440385,0.472607969667667,40,slot_duration,slot_s=0.1,1.0,0.1,0.72,poisson,single,12000,1.2,18.0,70.0,ber,perfect,True,False
kalman_predictive,synthetic-20260828-v5-slots120-dt0.100000,controlled_synthetic_motion,20260828,5,12.0,3506,1618,2122,1597,0,291,1.618,0.4614945807187678,0.0,0.025,701.9777503090235,700.0000000000001,1300.0,1600.0,0.4555048488305762,0.08300057045065602,0.5385054192812322,0.4774269696075539,100,0,0,0.0,0.0,0,0,0.0,0.0,0.7939093437169258,0.7927968677190801,12.105880893152165,0.0001099239049953467,0.45726820908206434,0.5717848999684646,96,slot_duration,slot_s=0.1,1.0,0.1,0.72,poisson,single,12000,1.2,18.0,70.0,ber,perfect,True,False
link_lifetime,synthetic-20260828-v5-slots120-dt0.100000,controlled_synthetic_motion,20260828,5,12.0,3506,1640,2146,1580,0,286,1.64,0.4677695379349686,0.0,0.025,697.0121951219512,700.0000000000001,1300.0,1600.0,0.450656018254421,0.08157444381061038,0.5322304620650313,0.48391856004721157,100,0,0,0.0,0.0,0,0,0.0,0.0,0.8036165133393289,0.7963789065131004,12.044331283639924,0.00011081032147075406,0.4632871106032679,0.5670917877918519,95,slot_duration,slot_s=0.1,1.0,0.1,0.72,poisson,single,12000,1.2,18.0,70.0,ber,perfect,True,False
oracle,synthetic-20260828-v5-slots120-dt0.100000,controlled_synthetic_motion,20260828,5,12.0,3506,1649,2211,1592,0,265,1.649,0.47033656588705075,0.0,0.025,738.9326864766525,800.0,1300.0,1600.0,0.4540787221905305,0.07558471192241871,0.5296634341129492,0.486574210681617,100,0,0,0.0,0.0,0,0,0.0,0.0,0.8022436970699175,0.8041661399549568,11.898600978957083,0.0001127132708568191,0.4752384941542089,0.5602825656924446,90,slot_duration,slot_s=0.1,1.0,0.1,0.72,poisson,single,12000,1.2,18.0,70.0,ber,perfect,True,False
reactive_greedy,synthetic-20260828-v5-slots60-dt0.200000,controlled_synthetic_motion,20260828,5,12.0,3603,1570,318,1749,0,284,1.57,0.4357479877879545,0.0,0.043333333333333335,469.5541401273885,400.0,1200.0000000000002,1600.0,0.48542880932556204,0.07882320288648349,0.5642520122120456,0.46340023612750886,147,0,0,0.0,0.0,0,0,0.0,0.0,0.6925860780335938,0.7730147100176482,17.01453175032247,8.525785487855044e-06,0.07188352417095033,1.645584645015421,51,slot_duration,slot_s=0.2,1.0,0.2,0.72,poisson,single,12000,1.2,18.0,70.0,ber,perfect,True,False
proportional_fair,synthetic-20260828-v5-slots60-dt0.200000,controlled_synthetic_motion,20260828,5,12.0,3603,627,3,2614,0,362,0.627,0.1740216486261449,0.0,0.043333333333333335,503.6682615629984,400.0,1200.0000000000002,1600.0,0.7255065223424924,0.10047182903136276,0.8259783513738551,0.18506493506493507,186,0,0,0.0,0.0,0,0,0.0,0.0,0.6615382026536982,0.5289293754408809,14.015835224774069,3.901704845038835e-07,0.004616457687427498,0.5141656537820694,23,slot_duration,slot_s=0.2,1.0,0.2,0.72,poisson,single,12000,1.2,18.0,70.0,ber,perfect,True,False
kalman_predictive,synthetic-20260828-v5-slots60-dt0.200000,controlled_synthetic_motion,20260828,5,12.0,3603,1519,1726,1779,0,305,1.519,0.4215931168470719,0.0,0.043333333333333335,745.4904542462147,800.0,1400.0000000000002,1600.0,0.49375520399666945,0.08465167915625868,0.5784068831529281,0.44834710743801653,186,0,0,0.0,0.0,0,0,0.0,0.0,0.8066158721502371,0.7773594139049786,12.669761209388897,7.613737051292734e-05,0.36493373308012494,0.6242398322785733,50,slot_duration,slot_s=0.2,1.0,0.2,0.72,poisson,single,12000,1.2,18.0,70.0,ber,perfect,True,False
link_lifetime,synthetic-20260828-v5-slots60-dt0.200000,controlled_synthetic_motion,20260828,5,12.0,3603,1553,1666,1759,0,291,1.553,0.43102969747432696,0.0,0.043333333333333335,746.2974887314874,800.0,1400.0000000000002,1600.0,0.48820427421593116,0.08076602830974189,0.568970302525673,0.45838252656434475,167,0,0,0.0,0.0,0,0,0.0,0.0,0.7676800825034973,0.7686302225757081,12.930693075623237,7.462180871107832e-05,0.3538636514834891,0.705632210112016,51,slot_duration,slot_s=0.2,1.0,0.2,0.72,poisson,single,12000,1.2,18.0,70.0,ber,perfect,True,False
oracle,synthetic-20260828-v5-slots60-dt0.200000,controlled_synthetic_motion,20260828,5,12.0,3603,1553,1666,1759,0,291,1.553,0.43102969747432696,0.0,0.043333333333333335,746.2974887314874,800.0,1400.0000000000002,1600.0,0.48820427421593116,0.08076602830974189,0.568970302525673,0.45838252656434475,167,0,0,0.0,0.0,0,0,0.0,0.0,0.7676800825034973,0.7686302225757081,12.930693075623237,7.462180871107832e-05,0.3538636514834891,0.705632210112016,51,slot_duration,slot_s=0.2,1.0,0.2,0.72,poisson,single,12000,1.2,18.0,70.0,ber,perfect,True,False
reactive_greedy,synthetic-20260828-v3-slots120-dt0.100000,controlled_synthetic_motion,20260828,3,12.0,3518,3409,90,71,0,38,3.409,0.9690164866401364,0.0,0.0,205.63215019067175,200.0,500.0,900.0,0.020181921546333144,0.010801591813530414,0.03098351335986356,0.9690164866401364,0,0,0,0.0,0.0,0,0,0.0,0.0,0.7212208886485084,0.9963316820341903,17.78866737798057,2.0853998815953035e-06,0.020607560864314933,1.6845907109078766,100,vehicle_count,vehicles=3,1.0,0.1,0.72,poisson,single,12000,1.2,18.0,70.0,ber,perfect,True,False
proportional_fair,synthetic-20260828-v3-slots120-dt0.100000,controlled_synthetic_motion,20260828,3,12.0,3518,1676,23,1607,0,235,1.676,0.4764070494599204,0.0,0.0,590.9307875894988,300.00000000000006,1500.0,1700.0000000000002,0.45679363274587836,0.06679931779420126,0.5235929505400796,0.4764070494599204,0,0,0,0.0,0.0,0,0,0.0,0.0,0.9997515726023731,0.8600641952089438,13.914009016011061,8.935552072449571e-07,0.010344995169187684,0.6399104477079012,42,vehicle_count,vehicles=3,1.0,0.1,0.72,poisson,single,12000,1.2,18.0,70.0,ber,perfect,True,False
kalman_predictive,synthetic-20260828-v3-slots120-dt0.100000,controlled_synthetic_motion,20260828,3,12.0,3518,3443,363,29,0,46,3.443,0.9786810687890847,0.0,0.0,300.697066511763,200.0,800.0,900.0,0.00824332006822058,0.013075611142694713,0.02131893121091529,0.9786810687890847,0,0,0,0.0,0.0,0,0,0.0,0.0,0.7418801842983425,0.9998666653664773,16.741653459791912,1.567367144262691e-05,0.08197862817713614,1.4541483629959846,95,vehicle_count,vehicles=3,1.0,0.1,0.72,poisson,single,12000,1.2,18.0,70.0,ber,perfect,True,False
link_lifetime,synthetic-20260828-v3-slots120-dt0.100000,controlled_synthetic_motion,20260828,3,12.0,3518,3440,369,32,0,46,3.44,0.9778283115406481,0.0,0.0,290.20348837209303,200.0,700.0000000000001,1000.0,0.009096077316657191,0.013075611142694713,0.022171688459351906,0.9778283115406481,0,0,0,0.0,0.0,0,0,0.0,0.0,0.7411401819405953,0.9998701014713154,16.819429660080356,1.552544735583526e-05,0.08106146988571993,1.4709526455721038,96,vehicle_count,vehicles=3,1.0,0.1,0.72,poisson,single,12000,1.2,18.0,70.0,ber,perfect,True,False
oracle,synthetic-20260828-v3-slots120-dt0.100000,controlled_synthetic_motion,20260828,3,12.0,3518,3440,369,32,0,46,3.44,0.9778283115406481,0.0,0.0,290.20348837209303,200.0,700.0000000000001,1000.0,0.009096077316657191,0.013075611142694713,0.022171688459351906,0.9778283115406481,0,0,0,0.0,0.0,0,0,0.0,0.0,0.7411401819405953,0.9998701014713154,16.819429660080356,1.552544735583526e-05,0.08106146988571993,1.4709526455721038,96,vehicle_count,vehicles=3,1.0,0.1,0.72,poisson,single,12000,1.2,18.0,70.0,ber,perfect,True,False
reactive_greedy,synthetic-20260828-v5-slots120-dt0.100000,controlled_synthetic_motion,20260828,5,12.0,3506,1622,287,1624,0,260,1.622,0.46263548203080435,0.0,0.025,274.5992601726264,200.0,900.0,1300.0,0.4632059326868226,0.07415858528237307,0.5373645179691957,0.4786072587784007,100,0,0,0.0,0.0,0,0,0.0,0.0,0.6698332599225495,0.7700148627258929,16.451540960014462,7.659610088770245e-06,0.06493553344162611,1.4265837850909222,111,vehicle_count,vehicles=5,1.0,0.1,0.72,poisson,single,12000,1.2,18.0,70.0,ber,perfect,True,False
proportional_fair,synthetic-20260828-v5-slots120-dt0.100000,controlled_synthetic_motion,20260828,5,12.0,3506,625,8,2579,0,302,0.625,0.1782658300057045,0.0,0.025,289.6,100.0,1000.0,1375.9999999999993,0.735596120935539,0.08613804905875641,0.8217341699942955,0.1844201829448215,100,0,0,0.0,0.0,0,0,0.0,0.0,0.6710674374457778,0.5460481826778641,13.884125662355826,3.4619283443042447e-07,0.0040824036581440385,0.472607969667667,40,vehicle_count,vehicles=5,1.0,0.1,0.72,poisson,single,12000,1.2,18.0,70.0,ber,perfect,True,False
kalman_predictive,synthetic-20260828-v5-slots120-dt0.100000,controlled_synthetic_motion,20260828,5,12.0,3506,1618,2122,1597,0,291,1.618,0.4614945807187678,0.0,0.025,701.9777503090235,700.0000000000001,1300.0,1600.0,0.4555048488305762,0.08300057045065602,0.5385054192812322,0.4774269696075539,100,0,0,0.0,0.0,0,0,0.0,0.0,0.7939093437169258,0.7927968677190801,12.105880893152165,0.0001099239049953467,0.45726820908206434,0.5717848999684646,96,vehicle_count,vehicles=5,1.0,0.1,0.72,poisson,single,12000,1.2,18.0,70.0,ber,perfect,True,False
link_lifetime,synthetic-20260828-v5-slots120-dt0.100000,controlled_synthetic_motion,20260828,5,12.0,3506,1640,2146,1580,0,286,1.64,0.4677695379349686,0.0,0.025,697.0121951219512,700.0000000000001,1300.0,1600.0,0.450656018254421,0.08157444381061038,0.5322304620650313,0.48391856004721157,100,0,0,0.0,0.0,0,0,0.0,0.0,0.8036165133393289,0.7963789065131004,12.044331283639924,0.00011081032147075406,0.4632871106032679,0.5670917877918519,95,vehicle_count,vehicles=5,1.0,0.1,0.72,poisson,single,12000,1.2,18.0,70.0,ber,perfect,True,False
oracle,synthetic-20260828-v5-slots120-dt0.100000,controlled_synthetic_motion,20260828,5,12.0,3506,1649,2211,1592,0,265,1.649,0.47033656588705075,0.0,0.025,738.9326864766525,800.0,1300.0,1600.0,0.4540787221905305,0.07558471192241871,0.5296634341129492,0.486574210681617,100,0,0,0.0,0.0,0,0,0.0,0.0,0.8022436970699175,0.8041661399549568,11.898600978957083,0.0001127132708568191,0.4752384941542089,0.5602825656924446,90,vehicle_count,vehicles=5,1.0,0.1,0.72,poisson,single,12000,1.2,18.0,70.0,ber,perfect,True,False
reactive_greedy,synthetic-20260828-v10-slots120-dt0.100000,controlled_synthetic_motion,20260828,10,12.0,3518,621,108,2557,0,340,0.621,0.17652075042637863,0.0,0.355,258.1320450885668,200.0,800.0,1359.9999999999911,0.7268334280841388,0.09664582148948266,0.8234792495736214,0.44073811213626685,81,0,0,0.0,0.0,0,0,0.0,0.0,0.3855446138465384,0.4270809908612177,16.620016258637442,4.178821583634017e-06,0.03820565812751865,1.4891707007785995,104,vehicle_count,vehicles=10,1.0,0.1,0.72,poisson,single,12000,1.2,18.0,70.0,ber,perfect,True,False
proportional_fair,synthetic-20260828-v10-slots120-dt0.100000,controlled_synthetic_motion,20260828,10,12.0,3518,313,27,2822,0,383,0.313,0.08897100625355316,0.0,0.355,316.9329073482428,100.0,1100.0,1500.0,0.8021603183627061,0.10886867538374076,0.9110289937464469,0.22214336408800567,81,0,0,0.0,0.0,0,0,0.0,0.0,0.30696851010496634,0.29787082206053733,14.608065765045433,1.0625519184043715e-06,0.007972631605585156,0.5882152449262197,50,vehicle_count,vehicles=10,1.0,0.1,0.72,poisson,single,12000,1.2,18.0,70.0,ber,perfect,True,False
kalman_predictive,synthetic-20260828-v10-slots120-dt0.100000,controlled_synthetic_motion,20260828,10,12.0,3518,619,1569,2556,0,343,0.619,0.17595224559408754,0.0,0.355,546.5266558966074,500.0,1200.0000000000002,1400.0000000000002,0.7265491756679932,0.09749857873791927,0.8240477544059125,0.42583392476933996,81,0,0,0.0,0.0,0,0,0.0,0.0,0.4696003333619306,0.4722315692957683,11.476794467326732,0.00017329146128475625,0.4169775276418113,0.4270215364903038,88,vehicle_count,vehicles=10,1.0,0.1,0.72,poisson,single,12000,1.2,18.0,70.0,ber,perfect,True,False
link_lifetime,synthetic-20260828-v10-slots120-dt0.100000,controlled_synthetic_motion,20260828,10,12.0,3518,633,1557,2534,0,351,0.633,0.17993177942012506,0.0,0.355,538.388625592417,500.0,1200.0000000000002,1500.0,0.7202956225127913,0.09977259806708356,0.8200682205798749,0.43718949609652236,81,0,0,0.0,0.0,0,0,0.0,0.0,0.4597746388369344,0.4759689047568467,11.472237373663834,0.00016944197744048412,0.4149174374344577,0.4266061032267269,90,vehicle_count,vehicles=10,1.0,0.1,0.72,poisson,single,12000,1.2,18.0,70.0,ber,perfect,True,False
oracle,synthetic-20260828-v10-slots120-dt0.100000,controlled_synthetic_motion,20260828,10,12.0,3518,633,1557,2534,0,351,0.633,0.17993177942012506,0.0,0.355,538.388625592417,500.0,1200.0000000000002,1500.0,0.7202956225127913,0.09977259806708356,0.8200682205798749,0.43718949609652236,81,0,0,0.0,0.0,0,0,0.0,0.0,0.4597746388369344,0.4759689047568467,11.472237373663834,0.00016944197744048412,0.4149174374344577,0.4266061032267269,90,vehicle_count,vehicles=10,1.0,0.1,0.72,poisson,single,12000,1.2,18.0,70.0,ber,perfect,True,False
reactive_greedy,synthetic-20260828-v5-slots120-dt0.100000,controlled_synthetic_motion,20260828,5,12.0,3506,1622,287,1624,0,260,1.622,0.46263548203080435,0.0,0.025,274.5992601726264,200.0,900.0,1300.0,0.4632059326868226,0.07415858528237307,0.5373645179691957,0.4786072587784007,100,0,0,0.0,0.0,0,0,0.0,0.0,0.6698332599225495,0.7700148627258929,16.451540960014462,7.659610088770245e-06,0.06493553344162611,1.4265837850909222,111,traffic_model,traffic=poisson,1.0,0.1,0.72,poisson,single,12000,1.2,18.0,70.0,ber,perfect,True,False
proportional_fair,synthetic-20260828-v5-slots120-dt0.100000,controlled_synthetic_motion,20260828,5,12.0,3506,625,8,2579,0,302,0.625,0.1782658300057045,0.0,0.025,289.6,100.0,1000.0,1375.9999999999993,0.735596120935539,0.08613804905875641,0.8217341699942955,0.1844201829448215,100,0,0,0.0,0.0,0,0,0.0,0.0,0.6710674374457778,0.5460481826778641,13.884125662355826,3.4619283443042447e-07,0.0040824036581440385,0.472607969667667,40,traffic_model,traffic=poisson,1.0,0.1,0.72,poisson,single,12000,1.2,18.0,70.0,ber,perfect,True,False
kalman_predictive,synthetic-20260828-v5-slots120-dt0.100000,controlled_synthetic_motion,20260828,5,12.0,3506,1618,2122,1597,0,291,1.618,0.4614945807187678,0.0,0.025,701.9777503090235,700.0000000000001,1300.0,1600.0,0.4555048488305762,0.08300057045065602,0.5385054192812322,0.4774269696075539,100,0,0,0.0,0.0,0,0,0.0,0.0,0.7939093437169258,0.7927968677190801,12.105880893152165,0.0001099239049953467,0.45726820908206434,0.5717848999684646,96,traffic_model,traffic=poisson,1.0,0.1,0.72,poisson,single,12000,1.2,18.0,70.0,ber,perfect,True,False
link_lifetime,synthetic-20260828-v5-slots120-dt0.100000,controlled_synthetic_motion,20260828,5,12.0,3506,1640,2146,1580,0,286,1.64,0.4677695379349686,0.0,0.025,697.0121951219512,700.0000000000001,1300.0,1600.0,0.450656018254421,0.08157444381061038,0.5322304620650313,0.48391856004721157,100,0,0,0.0,0.0,0,0,0.0,0.0,0.8036165133393289,0.7963789065131004,12.044331283639924,0.00011081032147075406,0.4632871106032679,0.5670917877918519,95,traffic_model,traffic=poisson,1.0,0.1,0.72,poisson,single,12000,1.2,18.0,70.0,ber,perfect,True,False
oracle,synthetic-20260828-v5-slots120-dt0.100000,controlled_synthetic_motion,20260828,5,12.0,3506,1649,2211,1592,0,265,1.649,0.47033656588705075,0.0,0.025,738.9326864766525,800.0,1300.0,1600.0,0.4540787221905305,0.07558471192241871,0.5296634341129492,0.486574210681617,100,0,0,0.0,0.0,0,0,0.0,0.0,0.8022436970699175,0.8041661399549568,11.898600978957083,0.0001127132708568191,0.4752384941542089,0.5602825656924446,90,traffic_model,traffic=poisson,1.0,0.1,0.72,poisson,single,12000,1.2,18.0,70.0,ber,perfect,True,False
reactive_greedy,synthetic-20260828-v5-slots120-dt0.100000,controlled_synthetic_motion,20260828,5,12.0,3519,1899,898,1461,0,159,1.899,0.5396419437340153,0.0,0.025,316.06108478146393,200.0,1000.0,1500.0,0.4151747655583973,0.045183290707587385,0.46035805626598464,0.5606731620903455,117,0,0,0.0,0.0,0,0,0.0,0.0,0.7391005651570194,0.8271071096847811,13.337709915136605,3.408642139308128e-05,0.21472781954361755,0.7304598094747577,103,traffic_model,traffic=periodic,1.0,0.1,0.72,periodic,single,12000,1.2,18.0,70.0,ber,perfect,True,False
proportional_fair,synthetic-20260828-v5-slots120-dt0.100000,controlled_synthetic_motion,20260828,5,12.0,3519,1902,897,1459,0,158,1.902,0.5404944586530265,0.0,0.025,387.1713985278654,300.00000000000006,1000.0,1500.0,0.41460642227905653,0.04489911906791702,0.4595055413469736,0.5615589016829052,117,0,0,0.0,0.0,0,0,0.0,0.0,0.7364978928724119,0.8270601853464339,13.309990203886219,3.413544248361768e-05,0.21839532007507215,0.7384960983617812,94,traffic_model,traffic=periodic,1.0,0.1,0.72,periodic,single,12000,1.2,18.0,70.0,ber,perfect,True,False
kalman_predictive,synthetic-20260828-v5-slots120-dt0.100000,controlled_synthetic_motion,20260828,5,12.0,3519,1588,2085,1748,0,183,1.588,0.4512645637965331,0.0,0.025,669.4584382871536,600.0000000000001,1400.0000000000002,1600.0,0.49673202614379086,0.05200341005967604,0.5487354362034669,0.4688514909949808,117,0,0,0.0,0.0,0,0,0.0,0.0,0.7418443263152011,0.7649862240894422,12.463621091711781,0.00011522125627641537,0.441345670574978,0.668678683500593,90,traffic_model,traffic=periodic,1.0,0.1,0.72,periodic,single,12000,1.2,18.0,70.0,ber,perfect,True,False
link_lifetime,synthetic-20260828-v5-slots120-dt0.100000,controlled_synthetic_motion,20260828,5,12.0,3519,1588,2085,1748,0,183,1.588,0.4512645637965331,0.0,0.025,669.4584382871536,600.0000000000001,1400.0000000000002,1600.0,0.49673202614379086,0.05200341005967604,0.5487354362034669,0.4688514909949808,117,0,0,0.0,0.0,0,0,0.0,0.0,0.7418443263152011,0.7649862240894422,12.463621091711781,0.00011522125627641537,0.441345670574978,0.668678683500593,90,traffic_model,traffic=periodic,1.0,0.1,0.72,periodic,single,12000,1.2,18.0,70.0,ber,perfect,True,False
oracle,synthetic-20260828-v5-slots120-dt0.100000,controlled_synthetic_motion,20260828,5,12.0,3519,1588,2085,1748,0,183,1.588,0.4512645637965331,0.0,0.025,669.4584382871536,600.0000000000001,1400.0000000000002,1600.0,0.49673202614379086,0.05200341005967604,0.5487354362034669,0.4688514909949808,117,0,0,0.0,0.0,0,0,0.0,0.0,0.7418443263152011,0.7649862240894422,12.463621091711781,0.00011522125627641537,0.441345670574978,0.668678683500593,90,traffic_model,traffic=periodic,1.0,0.1,0.72,periodic,single,12000,1.2,18.0,70.0,ber,perfect,True,False
reactive_greedy,synthetic-20260828-v5-slots120-dt0.100000,controlled_synthetic_motion,20260828,5,12.0,4290,1802,347,1876,0,612,1.802,0.42004662004662,0.0,0.025,235.0721420643729,100.0,1000.0,1200.0000000000002,0.4372960372960373,0.14265734265734265,0.5799533799533799,0.4462605250123824,268,0,0,0.0,0.0,0,0,0.0,0.0,0.6201344845300776,0.7514934612391134,16.131750046615274,9.628621296405757e-06,0.07719212881581597,1.3459432542263121,73,traffic_model,traffic=markov_modulated,1.0,0.1,0.72,markov_modulated,single,12000,1.2,18.0,70.0,ber,perfect,True,False
proportional_fair,synthetic-20260828-v5-slots120-dt0.100000,controlled_synthetic_motion,20260828,5,12.0,4290,993,13,2616,0,681,0.993,0.23146853146853147,0.0,0.025,294.4612286002014,200.0,1000.0,1400.0000000000002,0.6097902097902098,0.15874125874125875,0.7685314685314686,0.24591381872213966,268,0,0,0.0,0.0,0,0,0.0,0.0,0.6222012588537805,0.6114293766233233,14.533739333025585,8.137357625075507e-07,0.009310503870978086,0.5934374210355131,74,traffic_model,traffic=markov_modulated,1.0,0.1,0.72,markov_modulated,single,12000,1.2,18.0,70.0,ber,perfect,True,False
kalman_predictive,synthetic-20260828-v5-slots120-dt0.100000,controlled_synthetic_motion,20260828,5,12.0,4290,1658,1325,1974,0,658,1.658,0.3864801864801865,0.0,0.025,618.9384800965018,600.0000000000001,1300.0,1500.0,0.46013986013986014,0.1533799533799534,0.6135198135198136,0.4105993065874195,268,0,0,0.0,0.0,0,0,0.0,0.0,0.6723172381071173,0.7288425636114523,13.189677550915764,7.029554000305928e-05,0.29275499436757163,0.6815917381536102,91,traffic_model,traffic=markov_modulated,1.0,0.1,0.72,markov_modulated,single,12000,1.2,18.0,70.0,ber,perfect,True,False
link_lifetime,synthetic-20260828-v5-slots120-dt0.100000,controlled_synthetic_motion,20260828,5,12.0,4290,1701,1564,1975,0,614,1.701,0.3965034965034965,0.0,0.025,638.0364491475602,600.0000000000001,1300.0,1500.0,0.4603729603729604,0.1431235431235431,0.6034965034965035,0.4212481426448737,268,0,0,0.0,0.0,0,0,0.0,0.0,0.659972286374134,0.7302404002744862,12.89449961925854,0.00010651490843938459,0.3395044407560434,0.6948223501076872,89,traffic_model,traffic=markov_modulated,1.0,0.1,0.72,markov_modulated,single,12000,1.2,18.0,70.0,ber,perfect,True,False
oracle,synthetic-20260828-v5-slots120-dt0.100000,controlled_synthetic_motion,20260828,5,12.0,4290,1701,1564,1975,0,614,1.701,0.3965034965034965,0.0,0.025,638.0364491475602,600.0000000000001,1300.0,1500.0,0.4603729603729604,0.1431235431235431,0.6034965034965035,0.4212481426448737,268,0,0,0.0,0.0,0,0,0.0,0.0,0.659972286374134,0.7302404002744862,12.89449961925854,0.00010651490843938459,0.3395044407560434,0.6948223501076872,89,traffic_model,traffic=markov_modulated,1.0,0.1,0.72,markov_modulated,single,12000,1.2,18.0,70.0,ber,perfect,True,False
reactive_greedy,synthetic-20260828-v5-slots120-dt0.100000,controlled_synthetic_motion,20260828,5,12.0,5400,3547,249,1588,0,265,3.547,0.6568518518518518,0.0,0.025,318.2971525232591,300.00000000000006,800.0,1200.0000000000002,0.2940740740740741,0.049074074074074076,0.34314814814814815,0.6736942070275403,116,0,0,0.0,0.0,0,0,0.0,0.0,0.7361239775778758,0.7361239775778761,15.380204866389368,4.9889824196566384e-06,0.04883517138927173,1.0875917759665474,119,traffic_model,traffic=saturated,1.0,0.1,0.72,saturated,single,12000,1.2,18.0,70.0,ber,perfect,True,False
proportional_fair,synthetic-20260828-v5-slots120-dt0.100000,controlled_synthetic_motion,20260828,5,12.0,5400,2698,28,2338,0,364,2.698,0.49962962962962965,0.0,0.025,525.8710155670867,500.0,1100.0,1400.0000000000002,0.43296296296296294,0.0674074074074074,0.5003703703703704,0.5124406457739791,116,0,0,0.0,0.0,0,0,0.0,0.0,0.6318396965448998,0.6318396965448998,15.152275669749228,6.113871469337371e-07,0.007141723333878806,0.8773651044855141,76,traffic_model,traffic=saturated,1.0,0.1,0.72,saturated,single,12000,1.2,18.0,70.0,ber,perfect,True,False
kalman_predictive,synthetic-20260828-v5-slots120-dt0.100000,controlled_synthetic_motion,20260828,5,12.0,5400,3206,1614,1764,0,430,3.206,0.5937037037037037,0.0,0.025,840.8608858390518,800.0,1200.0000000000002,1500.0,0.32666666666666666,0.07962962962962963,0.4062962962962963,0.6089268755935423,116,0,0,0.0,0.0,0,0,0.0,0.0,0.7880876382526021,0.7880876382526023,13.170687540825446,7.469982476808388e-05,0.32461092696133864,0.7500241186620354,98,traffic_model,traffic=saturated,1.0,0.1,0.72,saturated,single,12000,1.2,18.0,70.0,ber,perfect,True,False
link_lifetime,synthetic-20260828-v5-slots120-dt0.100000,controlled_synthetic_motion,20260828,5,12.0,5400,3190,1630,1816,0,394,3.19,0.5907407407407408,0.0,0.025,891.0344827586207,900.0,1300.0,1500.0,0.3362962962962963,0.07296296296296297,0.40925925925925927,0.6058879392212726,116,0,0,0.0,0.0,0,0,0.0,0.0,0.7848507402251333,0.7848507402251332,13.21380039020628,8.954870265135773e-05,0.3318602588908066,0.7651204976587587,104,traffic_model,traffic=saturated,1.0,0.1,0.72,saturated,single,12000,1.2,18.0,70.0,ber,perfect,True,False
oracle,synthetic-20260828-v5-slots120-dt0.100000,controlled_synthetic_motion,20260828,5,12.0,5400,3190,1630,1816,0,394,3.19,0.5907407407407408,0.0,0.025,891.0344827586207,900.0,1300.0,1500.0,0.3362962962962963,0.07296296296296297,0.40925925925925927,0.6058879392212726,116,0,0,0.0,0.0,0,0,0.0,0.0,0.7848507402251333,0.7848507402251332,13.21380039020628,8.954870265135773e-05,0.3318602588908066,0.7651204976587587,104,traffic_model,traffic=saturated,1.0,0.1,0.72,saturated,single,12000,1.2,18.0,70.0,ber,perfect,True,False
reactive_greedy,synthetic-20260828-v5-slots120-dt0.100000,controlled_synthetic_motion,20260828,5,12.0,3506,1622,287,1624,0,260,1.622,0.46263548203080435,0.0,0.025,274.5992601726264,200.0,900.0,1300.0,0.4632059326868226,0.07415858528237307,0.5373645179691957,0.4786072587784007,100,0,0,0.0,0.0,0,0,0.0,0.0,0.6698332599225495,0.7700148627258929,16.451540960014462,7.659610088770245e-06,0.06493553344162611,1.4265837850909222,111,traffic_class,classes=single,1.0,0.1,0.72,poisson,single,12000,1.2,18.0,70.0,ber,perfect,True,False
proportional_fair,synthetic-20260828-v5-slots120-dt0.100000,controlled_synthetic_motion,20260828,5,12.0,3506,625,8,2579,0,302,0.625,0.1782658300057045,0.0,0.025,289.6,100.0,1000.0,1375.9999999999993,0.735596120935539,0.08613804905875641,0.8217341699942955,0.1844201829448215,100,0,0,0.0,0.0,0,0,0.0,0.0,0.6710674374457778,0.5460481826778641,13.884125662355826,3.4619283443042447e-07,0.0040824036581440385,0.472607969667667,40,traffic_class,classes=single,1.0,0.1,0.72,poisson,single,12000,1.2,18.0,70.0,ber,perfect,True,False
kalman_predictive,synthetic-20260828-v5-slots120-dt0.100000,controlled_synthetic_motion,20260828,5,12.0,3506,1618,2122,1597,0,291,1.618,0.4614945807187678,0.0,0.025,701.9777503090235,700.0000000000001,1300.0,1600.0,0.4555048488305762,0.08300057045065602,0.5385054192812322,0.4774269696075539,100,0,0,0.0,0.0,0,0,0.0,0.0,0.7939093437169258,0.7927968677190801,12.105880893152165,0.0001099239049953467,0.45726820908206434,0.5717848999684646,96,traffic_class,classes=single,1.0,0.1,0.72,poisson,single,12000,1.2,18.0,70.0,ber,perfect,True,False
link_lifetime,synthetic-20260828-v5-slots120-dt0.100000,controlled_synthetic_motion,20260828,5,12.0,3506,1640,2146,1580,0,286,1.64,0.4677695379349686,0.0,0.025,697.0121951219512,700.0000000000001,1300.0,1600.0,0.450656018254421,0.08157444381061038,0.5322304620650313,0.48391856004721157,100,0,0,0.0,0.0,0,0,0.0,0.0,0.8036165133393289,0.7963789065131004,12.044331283639924,0.00011081032147075406,0.4632871106032679,0.5670917877918519,95,traffic_class,classes=single,1.0,0.1,0.72,poisson,single,12000,1.2,18.0,70.0,ber,perfect,True,False
oracle,synthetic-20260828-v5-slots120-dt0.100000,controlled_synthetic_motion,20260828,5,12.0,3506,1649,2211,1592,0,265,1.649,0.47033656588705075,0.0,0.025,738.9326864766525,800.0,1300.0,1600.0,0.4540787221905305,0.07558471192241871,0.5296634341129492,0.486574210681617,100,0,0,0.0,0.0,0,0,0.0,0.0,0.8022436970699175,0.8041661399549568,11.898600978957083,0.0001127132708568191,0.4752384941542089,0.5602825656924446,90,traffic_class,classes=single,1.0,0.1,0.72,poisson,single,12000,1.2,18.0,70.0,ber,perfect,True,False
reactive_greedy,synthetic-20260828-v5-slots120-dt0.100000,controlled_synthetic_motion,20260828,5,12.0,3506,1420,121,1943,0,143,1.42,0.4050199657729606,0.0,0.025,200.2112676056338,200.0,600.0000000000001,800.0,0.5541928123217341,0.04078722190530519,0.5949800342270394,0.4190026556506344,64,1238,397,0.32067851373182554,0.6680129240710824,2268,1023,0.45105820105820105,0.49206349206349204,0.5776475272938744,0.7404097131126777,17.279351075427964,3.313890934062783e-06,0.03381961192734895,1.6810924645713607,103,traffic_class,classes=urgent_bulk,1.0,0.1,0.72,poisson,urgent_bulk,12000,1.2,18.0,70.0,ber,perfect,True,False
proportional_fair,synthetic-20260828-v5-slots120-dt0.100000,controlled_synthetic_motion,20260828,5,12.0,3506,591,1,2771,0,144,0.591,0.16856816885339418,0.0,0.025,220.47377326565143,100.0,800.0,1000.0,0.7903593839132915,0.04107244723331432,0.8314318311466058,0.1743877249926232,64,1238,156,0.1260096930533118,0.8610662358642972,2268,435,0.1917989417989418,0.7517636684303352,0.6726968077423082,0.5484243987927154,13.933825816629023,3.4619283441083683e-07,0.004082403657908987,0.4807061933865375,48,traffic_class,classes=urgent_bulk,1.0,0.1,0.72,poisson,urgent_bulk,12000,1.2,18.0,70.0,ber,perfect,True,False
kalman_predictive,synthetic-20260828-v5-slots120-dt0.100000,controlled_synthetic_motion,20260828,5,12.0,3506,1378,1792,1997,0,131,1.378,0.3930405019965773,0.0,0.025,470.3918722786647,400.0,1000.0,1100.0,0.569594980034227,0.03736451796919567,0.6069594980034227,0.4066096193567424,64,1238,158,0.12762520193861066,0.8554119547657512,2268,1220,0.5379188712522046,0.41358024691358025,0.8297758725414367,0.8174991184251548,12.382120226689313,9.28103521649051e-05,0.3947807944262659,0.5949038416373506,81,traffic_class,classes=urgent_bulk,1.0,0.1,0.72,poisson,urgent_bulk,12000,1.2,18.0,70.0,ber,perfect,True,False
link_lifetime,synthetic-20260828-v5-slots120-dt0.100000,controlled_synthetic_motion,20260828,5,12.0,3506,1368,1772,1995,0,143,1.368,0.390188248716486,0.0,0.025,470.17543859649123,400.0,1000.0,1100.0,0.5690245293782088,0.04078722190530519,0.609811751283514,0.40365889642962527,64,1238,162,0.1308562197092084,0.8521809369951535,2268,1206,0.5317460317460317,0.4144620811287478,0.8200051704269108,0.807067899914649,12.444338459911757,9.212125783207707e-05,0.3894718189221336,0.6004056179693237,82,traffic_class,classes=urgent_bulk,1.0,0.1,0.72,poisson,urgent_bulk,12000,1.2,18.0,70.0,ber,perfect,True,False
oracle,synthetic-20260828-v5-slots120-dt0.100000,controlled_synthetic_motion,20260828,5,12.0,3506,1368,1772,1995,0,143,1.368,0.390188248716486,0.0,0.025,470.17543859649123,400.0,1000.0,1100.0,0.5690245293782088,0.04078722190530519,0.609811751283514,0.40365889642962527,64,1238,162,0.1308562197092084,0.8521809369951535,2268,1206,0.5317460317460317,0.4144620811287478,0.8200051704269108,0.807067899914649,12.444338459911757,9.212125783207707e-05,0.3894718189221336,0.6004056179693237,82,traffic_class,classes=urgent_bulk,1.0,0.1,0.72,poisson,urgent_bulk,12000,1.2,18.0,70.0,ber,perfect,True,False
reactive_greedy,synthetic-20260828-v5-slots120-dt0.100000,controlled_synthetic_motion,20260828,5,12.0,18066,14708,5557,2591,0,767,2.9416,0.8141259825085797,0.0,0.025,444.75795485450095,400.0,1000.0,1300.0,0.14341857633122992,0.04245544116019041,0.18587401749142035,0.8445592879701407,533,0,0,0.0,0.0,0,0,0.0,0.0,0.6397883544554177,0.9306321239220186,12.833693270953287,0.00012691456728964917,0.22458083085370145,0.875749918491954,106,packet_size,packet_bits=2400,1.0,0.1,0.72,poisson,single,2400,1.2,18.0,70.0,ber,perfect,True,False
proportional_fair,synthetic-20260828-v5-slots120-dt0.100000,controlled_synthetic_motion,20260828,5,12.0,18066,3405,8,12874,0,1787,0.681,0.18847558950514778,0.0,0.025,470.54331864904555,200.0,1300.0,1600.0,0.7126093213771726,0.09891508911767961,0.8115244104948522,0.19552110249784668,533,0,0,0.0,0.0,0,0,0.0,0.0,0.7004866964305404,0.5503529586680509,13.245472851216809,1.2647136373950297e-06,0.0030065865982361662,0.44931945757137637,34,packet_size,packet_bits=2400,1.0,0.1,0.72,poisson,single,2400,1.2,18.0,70.0,ber,perfect,True,False
kalman_predictive,synthetic-20260828-v5-slots120-dt0.100000,controlled_synthetic_motion,20260828,5,12.0,18066,14216,4395,2940,0,910,2.8432,0.7868925052584966,0.0,0.025,679.3472144063028,700.0000000000001,1200.0000000000002,1400.0000000000002,0.16273663234805713,0.05037086239344625,0.21310749474150337,0.8163077806488659,533,0,0,0.0,0.0,0,0,0.0,0.0,0.7510101595297757,0.9691567739075196,12.317576768900334,0.00010633809328429972,0.19056820212786366,0.6151953767924305,103,packet_size,packet_bits=2400,1.0,0.1,0.72,poisson,single,2400,1.2,18.0,70.0,ber,perfect,True,False
link_lifetime,synthetic-20260828-v5-slots120-dt0.100000,controlled_synthetic_motion,20260828,5,12.0,18066,14243,5202,2830,0,993,2.8486,0.788387025351489,0.0,0.025,703.349013550516,700.0000000000001,1200.0000000000002,1500.0,0.15664784678401417,0.054965127864496845,0.211612974648511,0.8178581682457652,476,0,0,0.0,0.0,0,0,0.0,0.0,0.7606724279193933,0.9727402386580738,12.081988942483232,0.00013540551639004556,0.22265722567538698,0.6026427379596716,102,packet_size,packet_bits=2400,1.0,0.1,0.72,poisson,single,2400,1.2,18.0,70.0,ber,perfect,True,False
oracle,synthetic-20260828-v5-slots120-dt0.100000,controlled_synthetic_motion,20260828,5,12.0,18066,14243,5202,2830,0,993,2.8486,0.788387025351489,0.0,0.025,703.349013550516,700.0000000000001,1200.0000000000002,1500.0,0.15664784678401417,0.054965127864496845,0.211612974648511,0.8178581682457652,476,0,0,0.0,0.0,0,0,0.0,0.0,0.7606724279193933,0.9727402386580738,12.081988942483232,0.00013540551639004556,0.22265722567538698,0.6026427379596716,102,packet_size,packet_bits=2400,1.0,0.1,0.72,poisson,single,2400,1.2,18.0,70.0,ber,perfect,True,False
reactive_greedy,synthetic-20260828-v5-slots120-dt0.100000,controlled_synthetic_motion,20260828,5,12.0,4535,2230,454,2004,0,301,1.784,0.49173098125689085,0.0,0.025,328.8789237668162,200.0,1100.0,1500.0,0.44189636163175305,0.06637265711135612,0.5082690187431091,0.510064043915828,143,0,0,0.0,0.0,0,0,0.0,0.0,0.7355958327724667,0.7977167725886135,16.063742710865252,1.2293768836514646e-05,0.0819524881448181,1.364360509484214,107,packet_size,packet_bits=9600,1.0,0.1,0.72,poisson,single,9600,1.2,18.0,70.0,ber,perfect,True,False
proportional_fair,synthetic-20260828-v5-slots120-dt0.100000,controlled_synthetic_motion,20260828,5,12.0,4535,797,3,3285,0,453,0.6376,0.17574421168687981,0.0,0.025,436.26097867001255,200.0,1300.0,1600.0,0.7243660418963617,0.09988974641675855,0.8242557883131202,0.1822964318389753,143,0,0,0.0,0.0,0,0,0.0,0.0,0.7185662814834926,0.5666835257682079,13.622987106901551,4.057808214768303e-07,0.0038464466477004006,0.45079224421176295,32,packet_size,packet_bits=9600,1.0,0.1,0.72,poisson,single,9600,1.2,18.0,70.0,ber,perfect,True,False
kalman_predictive,synthetic-20260828-v5-slots120-dt0.100000,controlled_synthetic_motion,20260828,5,12.0,4535,2320,2369,1856,0,359,1.856,0.5115766262403528,0.0,0.025,671.3793103448276,600.0000000000001,1300.0,1600.0,0.40926130099228225,0.07916207276736494,0.4884233737596472,0.5306495882891126,143,0,0,0.0,0.0,0,0,0.0,0.0,0.8539710191835679,0.8306696531421983,12.152591830955988,0.00010325844076036726,0.4055445074551667,0.5729722423931953,89,packet_size,packet_bits=9600,1.0,0.1,0.72,poisson,single,9600,1.2,18.0,70.0,ber,perfect,True,False
link_lifetime,synthetic-20260828-v5-slots120-dt0.100000,controlled_synthetic_motion,20260828,5,12.0,4535,2361,2475,1827,0,347,1.8888,0.5206174200661522,0.0,0.025,686.8699703515459,700.0000000000001,1300.0,1500.0,0.40286659316427786,0.07651598676957001,0.47938257993384786,0.5400274473924978,143,0,0,0.0,0.0,0,0,0.0,0.0,0.8555719869261885,0.8422468175553725,11.963451067080317,0.0001119541997147185,0.42139439256941164,0.5581721289099787,88,packet_size,packet_bits=9600,1.0,0.1,0.72,poisson,single,9600,1.2,18.0,70.0,ber,perfect,True,False
oracle,synthetic-20260828-v5-slots120-dt0.100000,controlled_synthetic_motion,20260828,5,12.0,4535,2356,2431,1844,0,335,1.8848,0.5195148842337376,0.0,0.025,680.2631578947369,700.0000000000001,1300.0,1544.9999999999818,0.40661521499448733,0.07386990077177508,0.4804851157662624,0.5388838060384263,143,0,0,0.0,0.0,0,0,0.0,0.0,0.8313006857695701,0.8274192045050941,12.145894014171102,0.00011141546629274701,0.4144968767606467,0.6024380511172939,92,packet_size,packet_bits=9600,1.0,0.1,0.72,poisson,single,9600,1.2,18.0,70.0,ber,perfect,True,False
reactive_greedy,synthetic-20260828-v5-slots120-dt0.100000,controlled_synthetic_motion,20260828,5,12.0,3506,1622,287,1624,0,260,1.622,0.46263548203080435,0.0,0.025,274.5992601726264,200.0,900.0,1300.0,0.4632059326868226,0.07415858528237307,0.5373645179691957,0.4786072587784007,100,0,0,0.0,0.0,0,0,0.0,0.0,0.6698332599225495,0.7700148627258929,16.451540960014462,7.659610088770245e-06,0.06493553344162611,1.4265837850909222,111,packet_size,packet_bits=12000,1.0,0.1,0.72,poisson,single,12000,1.2,18.0,70.0,ber,perfect,True,False
proportional_fair,synthetic-20260828-v5-slots120-dt0.100000,controlled_synthetic_motion,20260828,5,12.0,3506,625,8,2579,0,302,0.625,0.1782658300057045,0.0,0.025,289.6,100.0,1000.0,1375.9999999999993,0.735596120935539,0.08613804905875641,0.8217341699942955,0.1844201829448215,100,0,0,0.0,0.0,0,0,0.0,0.0,0.6710674374457778,0.5460481826778641,13.884125662355826,3.4619283443042447e-07,0.0040824036581440385,0.472607969667667,40,packet_size,packet_bits=12000,1.0,0.1,0.72,poisson,single,12000,1.2,18.0,70.0,ber,perfect,True,False
kalman_predictive,synthetic-20260828-v5-slots120-dt0.100000,controlled_synthetic_motion,20260828,5,12.0,3506,1618,2122,1597,0,291,1.618,0.4614945807187678,0.0,0.025,701.9777503090235,700.0000000000001,1300.0,1600.0,0.4555048488305762,0.08300057045065602,0.5385054192812322,0.4774269696075539,100,0,0,0.0,0.0,0,0,0.0,0.0,0.7939093437169258,0.7927968677190801,12.105880893152165,0.0001099239049953467,0.45726820908206434,0.5717848999684646,96,packet_size,packet_bits=12000,1.0,0.1,0.72,poisson,single,12000,1.2,18.0,70.0,ber,perfect,True,False
link_lifetime,synthetic-20260828-v5-slots120-dt0.100000,controlled_synthetic_motion,20260828,5,12.0,3506,1640,2146,1580,0,286,1.64,0.4677695379349686,0.0,0.025,697.0121951219512,700.0000000000001,1300.0,1600.0,0.450656018254421,0.08157444381061038,0.5322304620650313,0.48391856004721157,100,0,0,0.0,0.0,0,0,0.0,0.0,0.8036165133393289,0.7963789065131004,12.044331283639924,0.00011081032147075406,0.4632871106032679,0.5670917877918519,95,packet_size,packet_bits=12000,1.0,0.1,0.72,poisson,single,12000,1.2,18.0,70.0,ber,perfect,True,False
oracle,synthetic-20260828-v5-slots120-dt0.100000,controlled_synthetic_motion,20260828,5,12.0,3506,1649,2211,1592,0,265,1.649,0.47033656588705075,0.0,0.025,738.9326864766525,800.0,1300.0,1600.0,0.4540787221905305,0.07558471192241871,0.5296634341129492,0.486574210681617,100,0,0,0.0,0.0,0,0,0.0,0.0,0.8022436970699175,0.8041661399549568,11.898600978957083,0.0001127132708568191,0.4752384941542089,0.5602825656924446,90,packet_size,packet_bits=12000,1.0,0.1,0.72,poisson,single,12000,1.2,18.0,70.0,ber,perfect,True,False
reactive_greedy,synthetic-20260828-v5-slots120-dt0.100000,controlled_synthetic_motion,20260828,5,12.0,3506,1183,87,2284,0,39,1.183,0.3374215630347975,0.0,0.025,135.16483516483515,100.0,200.0,200.0,0.6514546491728466,0.011123787792355962,0.6625784369652025,0.3490705222779581,15,0,0,0.0,0.0,0,0,0.0,0.0,0.42533457941084846,0.4922855741977215,18.41008090345565,4.396820666743725e-06,0.0438102432763995,2.067260833080953,77,deadline,deadline_s=0.05,1.0,0.1,0.72,poisson,single,12000,0.05,18.0,70.0,ber,perfect,True,False
proportional_fair,synthetic-20260828-v5-slots120-dt0.100000,controlled_synthetic_motion,20260828,5,12.0,3506,461,2,2997,0,48,0.461,0.13148887621220764,0.0,0.025,124.94577006507592,100.0,200.0,200.0,0.8548203080433543,0.013690815744438107,0.8685111237877924,0.13602832694010034,15,0,0,0.0,0.0,0,0,0.0,0.0,0.6901488950590222,0.5382421406143176,13.991464058094152,3.442209469933512e-07,0.004059074554871916,0.4610383153423616,56,deadline,deadline_s=0.05,1.0,0.1,0.72,poisson,single,12000,0.05,18.0,70.0,ber,perfect,True,False
kalman_predictive,synthetic-20260828-v5-slots120-dt0.100000,controlled_synthetic_motion,20260828,5,12.0,3506,931,127,2539,0,36,0.931,0.2655447803764974,0.0,0.025,152.7389903329753,200.0,200.0,200.0,0.724187107815174,0.01026811180832858,0.7344552196235026,0.2747123045146061,15,0,0,0.0,0.0,0,0,0.0,0.0,0.6285727753664966,0.6900588061335752,15.168478971301482,1.015219418188337e-05,0.07297362397783652,1.0800634126996664,114,deadline,deadline_s=0.05,1.0,0.1,0.72,poisson,single,12000,0.05,18.0,70.0,ber,perfect,True,False
link_lifetime,synthetic-20260828-v5-slots120-dt0.100000,controlled_synthetic_motion,20260828,5,12.0,3506,920,135,2550,0,36,0.92,0.26240730176839705,0.0,0.025,153.04347826086956,200.0,200.0,200.0,0.7273245864232744,0.01026811180832858,0.737592698231603,0.2714665092947772,15,0,0,0.0,0.0,0,0,0.0,0.0,0.6381663273769133,0.6888830537039714,15.095991006803438,1.0451225919486874e-05,0.07377317229720055,1.0471355503827906,115,deadline,deadline_s=0.05,1.0,0.1,0.72,poisson,single,12000,0.05,18.0,70.0,ber,perfect,True,False
oracle,synthetic-20260828-v5-slots120-dt0.100000,controlled_synthetic_motion,20260828,5,12.0,3506,920,135,2550,0,36,0.92,0.26240730176839705,0.0,0.025,153.04347826086956,200.0,200.0,200.0,0.7273245864232744,0.01026811180832858,0.737592698231603,0.2714665092947772,15,0,0,0.0,0.0,0,0,0.0,0.0,0.6381663273769133,0.6888830537039714,15.095991006803438,1.0451225919486874e-05,0.07377317229720055,1.0471355503827906,115,deadline,deadline_s=0.05,1.0,0.1,0.72,poisson,single,12000,0.05,18.0,70.0,ber,perfect,True,False
reactive_greedy,synthetic-20260828-v5-slots120-dt0.100000,controlled_synthetic_motion,20260828,5,12.0,3506,1183,87,2284,0,39,1.183,0.3374215630347975,0.0,0.025,135.16483516483515,100.0,200.0,200.0,0.6514546491728466,0.011123787792355962,0.6625784369652025,0.3490705222779581,15,0,0,0.0,0.0,0,0,0.0,0.0,0.42533457941084846,0.4922855741977215,18.41008090345565,4.396820666743725e-06,0.0438102432763995,2.067260833080953,77,deadline,deadline_s=0.1,1.0,0.1,0.72,poisson,single,12000,0.1,18.0,70.0,ber,perfect,True,False
proportional_fair,synthetic-20260828-v5-slots120-dt0.100000,controlled_synthetic_motion,20260828,5,12.0,3506,461,2,2997,0,48,0.461,0.13148887621220764,0.0,0.025,124.94577006507592,100.0,200.0,200.0,0.8548203080433543,0.013690815744438107,0.8685111237877924,0.13602832694010034,15,0,0,0.0,0.0,0,0,0.0,0.0,0.6901488950590222,0.5382421406143176,13.991464058094152,3.442209469933512e-07,0.004059074554871916,0.4610383153423616,56,deadline,deadline_s=0.1,1.0,0.1,0.72,poisson,single,12000,0.1,18.0,70.0,ber,perfect,True,False
kalman_predictive,synthetic-20260828-v5-slots120-dt0.100000,controlled_synthetic_motion,20260828,5,12.0,3506,931,127,2539,0,36,0.931,0.2655447803764974,0.0,0.025,152.7389903329753,200.0,200.0,200.0,0.724187107815174,0.01026811180832858,0.7344552196235026,0.2747123045146061,15,0,0,0.0,0.0,0,0,0.0,0.0,0.6285727753664966,0.6900588061335752,15.168478971301482,1.015219418188337e-05,0.07297362397783652,1.0800634126996664,114,deadline,deadline_s=0.1,1.0,0.1,0.72,poisson,single,12000,0.1,18.0,70.0,ber,perfect,True,False
link_lifetime,synthetic-20260828-v5-slots120-dt0.100000,controlled_synthetic_motion,20260828,5,12.0,3506,920,135,2550,0,36,0.92,0.26240730176839705,0.0,0.025,153.04347826086956,200.0,200.0,200.0,0.7273245864232744,0.01026811180832858,0.737592698231603,0.2714665092947772,15,0,0,0.0,0.0,0,0,0.0,0.0,0.6381663273769133,0.6888830537039714,15.095991006803438,1.0451225919486874e-05,0.07377317229720055,1.0471355503827906,115,deadline,deadline_s=0.1,1.0,0.1,0.72,poisson,single,12000,0.1,18.0,70.0,ber,perfect,True,False
oracle,synthetic-20260828-v5-slots120-dt0.100000,controlled_synthetic_motion,20260828,5,12.0,3506,920,135,2550,0,36,0.92,0.26240730176839705,0.0,0.025,153.04347826086956,200.0,200.0,200.0,0.7273245864232744,0.01026811180832858,0.737592698231603,0.2714665092947772,15,0,0,0.0,0.0,0,0,0.0,0.0,0.6381663273769133,0.6888830537039714,15.095991006803438,1.0451225919486874e-05,0.07377317229720055,1.0471355503827906,115,deadline,deadline_s=0.1,1.0,0.1,0.72,poisson,single,12000,0.1,18.0,70.0,ber,perfect,True,False
reactive_greedy,synthetic-20260828-v5-slots120-dt0.100000,controlled_synthetic_motion,20260828,5,12.0,3506,1318,88,2126,0,62,1.318,0.37592698231602967,0.0,0.025,154.17298937784523,100.0,300.00000000000006,300.00000000000006,0.6063890473474044,0.017683970336565887,0.6240730176839704,0.38890528179403955,18,0,0,0.0,0.0,0,0,0.0,0.0,0.4960901066074942,0.6566782573095706,17.610120741204696,3.5338394564710498e-06,0.03654160206968253,1.8084474593222708,91,deadline,deadline_s=0.25,1.0,0.1,0.72,poisson,single,12000,0.25,18.0,70.0,ber,perfect,True,False
proportional_fair,synthetic-20260828-v5-slots120-dt0.100000,controlled_synthetic_motion,20260828,5,12.0,3506,505,3,2929,0,72,0.505,0.14403879064460925,0.0,0.025,140.59405940594058,100.0,300.00000000000006,300.00000000000006,0.8354249857387336,0.02053622361665716,0.8559612093553908,0.14901150781941574,18,0,0,0.0,0.0,0,0,0.0,0.0,0.6957535909642745,0.5399323772295105,14.011586100251657,3.4422340534026765e-07,0.004059104054939102,0.46489265032568866,53,deadline,deadline_s=0.25,1.0,0.1,0.72,poisson,single,12000,0.25,18.0,70.0,ber,perfect,True,False
kalman_predictive,synthetic-20260828-v5-slots120-dt0.100000,controlled_synthetic_motion,20260828,5,12.0,3506,1232,248,2212,0,62,1.232,0.35139760410724474,0.0,0.025,203.6525974025974,200.0,300.00000000000006,300.00000000000006,0.6309184255561894,0.017683970336565887,0.6486023958927553,0.3635290646208321,18,0,0,0.0,0.0,0,0,0.0,0.0,0.6339269604731197,0.693669364205107,14.941885450326593,1.4974166159331556e-05,0.09551993015642876,0.9963061131287828,116,deadline,deadline_s=0.25,1.0,0.1,0.72,poisson,single,12000,0.25,18.0,70.0,ber,perfect,True,False
link_lifetime,synthetic-20260828-v5-slots120-dt0.100000,controlled_synthetic_motion,20260828,5,12.0,3506,1232,248,2212,0,62,1.232,0.35139760410724474,0.0,0.025,203.6525974025974,200.0,300.00000000000006,300.00000000000006,0.6309184255561894,0.017683970336565887,0.6486023958927553,0.3635290646208321,18,0,0,0.0,0.0,0,0,0.0,0.0,0.6339269604731197,0.693669364205107,14.941885450326593,1.4974166159331556e-05,0.09551993015642876,0.9963061131287828,116,deadline,deadline_s=0.25,1.0,0.1,0.72,poisson,single,12000,0.25,18.0,70.0,ber,perfect,True,False
oracle,synthetic-20260828-v5-slots120-dt0.100000,controlled_synthetic_motion,20260828,5,12.0,3506,1232,248,2212,0,62,1.232,0.35139760410724474,0.0,0.025,203.6525974025974,200.0,300.00000000000006,300.00000000000006,0.6309184255561894,0.017683970336565887,0.6486023958927553,0.3635290646208321,18,0,0,0.0,0.0,0,0,0.0,0.0,0.6339269604731197,0.693669364205107,14.941885450326593,1.4974166159331556e-05,0.09551993015642876,0.9963061131287828,116,deadline,deadline_s=0.25,1.0,0.1,0.72,poisson,single,12000,0.25,18.0,70.0,ber,perfect,True,False
reactive_greedy,synthetic-20260828-v5-slots120-dt0.100000,controlled_synthetic_motion,20260828,5,12.0,3506,1516,134,1884,0,106,1.516,0.43240159726183686,0.0,0.025,196.70184696569922,200.0,500.0,600.0000000000001,0.5373645179691957,0.030233884768967486,0.5675984027381632,0.447329595750959,41,0,0,0.0,0.0,0,0,0.0,0.0,0.5888721203440598,0.7504619536760164,17.034514379844502,3.824866230642014e-06,0.038322328514363985,1.5943557082324442,107,deadline,deadline_s=0.5,1.0,0.1,0.72,poisson,single,12000,0.5,18.0,70.0,ber,perfect,True,False
proportional_fair,synthetic-20260828-v5-slots120-dt0.100000,controlled_synthetic_motion,20260828,5,12.0,3506,553,3,2810,0,143,0.553,0.15772960638904734,0.0,0.025,170.70524412296564,100.0,500.0,600.0000000000001,0.8014831717056474,0.04078722190530519,0.8422703936109527,0.16317497786957805,41,0,0,0.0,0.0,0,0,0.0,0.0,0.6876361796615886,0.53914336740338,13.906159277529158,3.4619283438010033e-07,0.004082403657540149,0.4519043506575389,52,deadline,deadline_s=0.5,1.0,0.1,0.72,poisson,single,12000,0.5,18.0,70.0,ber,perfect,True,False
kalman_predictive,synthetic-20260828-v5-slots120-dt0.100000,controlled_synthetic_motion,20260828,5,12.0,3506,1596,1505,1805,0,105,1.596,0.455219623502567,0.0,0.025,334.1478696741855,300.00000000000006,600.0000000000001,600.0000000000001,0.5148317170564746,0.029948659440958356,0.5447803764974329,0.47093537916789613,41,0,0,0.0,0.0,0,0,0.0,0.0,0.7494368666956962,0.769473661582584,13.014753155936443,7.749996096870592e-05,0.3284510247337263,0.729204120186465,104,deadline,deadline_s=0.5,1.0,0.1,0.72,poisson,single,12000,0.5,18.0,70.0,ber,perfect,True,False
link_lifetime,synthetic-20260828-v5-slots120-dt0.100000,controlled_synthetic_motion,20260828,5,12.0,3506,1584,1517,1817,0,105,1.584,0.4517969195664575,0.0,0.025,333.3333333333333,300.00000000000006,600.0000000000001,600.0000000000001,0.5182544209925841,0.029948659440958356,0.5482030804335425,0.46739451165535556,41,0,0,0.0,0.0,0,0,0.0,0.0,0.7462076308362157,0.7659694826326049,13.011197009492465,7.824752140047016e-05,0.33063601410985916,0.7291050404350254,104,deadline,deadline_s=0.5,1.0,0.1,0.72,poisson,single,12000,0.5,18.0,70.0,ber,perfect,True,False
oracle,synthetic-20260828-v5-slots120-dt0.100000,controlled_synthetic_motion,20260828,5,12.0,3506,1584,1517,1817,0,105,1.584,0.4517969195664575,0.0,0.025,333.3333333333333,300.00000000000006,600.0000000000001,600.0000000000001,0.5182544209925841,0.029948659440958356,0.5482030804335425,0.46739451165535556,41,0,0,0.0,0.0,0,0,0.0,0.0,0.7462076308362157,0.7659694826326049,13.011197009492465,7.824752140047016e-05,0.33063601410985916,0.7291050404350254,104,deadline,deadline_s=0.5,1.0,0.1,0.72,poisson,single,12000,0.5,18.0,70.0,ber,perfect,True,False
reactive_greedy,synthetic-20260828-v5-slots120-dt0.100000,controlled_synthetic_motion,20260828,5,12.0,3506,1596,214,1704,0,206,1.596,0.455219623502567,0.0,0.025,241.35338345864662,200.0,700.0000000000001,1000.0,0.4860239589275528,0.058756417569880204,0.5447803764974329,0.47093537916789613,89,0,0,0.0,0.0,0,0,0.0,0.0,0.6383296077625525,0.7557709597838606,16.69539841271263,5.1268448721510725e-06,0.047042855504860114,1.4969695789221669,111,deadline,deadline_s=1,1.0,0.1,0.72,poisson,single,12000,1.0,18.0,70.0,ber,perfect,True,False
proportional_fair,synthetic-20260828-v5-slots120-dt0.100000,controlled_synthetic_motion,20260828,5,12.0,3506,619,4,2641,0,246,0.619,0.17655447803764973,0.0,0.025,265.2665589660743,100.0,900.0,1100.0,0.7532800912721049,0.07016543069024529,0.8234455219623502,0.1826497491885512,89,0,0,0.0,0.0,0,0,0.0,0.0,0.6722653542823557,0.5485783166695244,13.884084040742408,3.4619283443042447e-07,0.0040824036581440385,0.472662808361112,40,deadline,deadline_s=1,1.0,0.1,0.72,poisson,single,12000,1.0,18.0,70.0,ber,perfect,True,False
kalman_predictive,synthetic-20260828-v5-slots120-dt0.100000,controlled_synthetic_motion,20260828,5,12.0,3506,1703,2248,1577,0,226,1.703,0.4857387335995436,0.0,0.025,636.1127422196124,700.0000000000001,1100.0,1100.0,0.4498003422703936,0.06446092413006276,0.5142612664004563,0.5025081144880496,89,0,0,0.0,0.0,0,0,0.0,0.0,0.809841659441445,0.8014587089682845,11.872837582070757,0.00011296230088003865,0.47544964839815945,0.5553095963035279,87,deadline,deadline_s=1,1.0,0.1,0.72,poisson,single,12000,1.0,18.0,70.0,ber,perfect,True,False
link_lifetime,synthetic-20260828-v5-slots120-dt0.100000,controlled_synthetic_motion,20260828,5,12.0,3506,1703,2248,1577,0,226,1.703,0.4857387335995436,0.0,0.025,636.1127422196124,700.0000000000001,1100.0,1100.0,0.4498003422703936,0.06446092413006276,0.5142612664004563,0.5025081144880496,89,0,0,0.0,0.0,0,0,0.0,0.0,0.809841659441445,0.8014587089682845,11.872837582070757,0.00011296230088003865,0.47544964839815945,0.5553095963035279,87,deadline,deadline_s=1,1.0,0.1,0.72,poisson,single,12000,1.0,18.0,70.0,ber,perfect,True,False
oracle,synthetic-20260828-v5-slots120-dt0.100000,controlled_synthetic_motion,20260828,5,12.0,3506,1702,2249,1578,0,226,1.702,0.4854535082715345,0.0,0.025,636.2514688601646,700.0000000000001,1100.0,1100.0,0.45008556759840274,0.06446092413006276,0.5145464917284654,0.5022130421953379,89,0,0,0.0,0.0,0,0,0.0,0.0,0.8096946319511411,0.801187674612699,11.872562758010472,0.00011299986437001008,0.4755563065100184,0.5552999642816819,87,deadline,deadline_s=1,1.0,0.1,0.72,poisson,single,12000,1.0,18.0,70.0,ber,perfect,True,False
reactive_greedy,synthetic-20260828-v5-slots120-dt0.100000,controlled_synthetic_motion,20260828,5,12.0,3506,802,25,2447,0,257,0.802,0.22875071306332,0.0,0.66,157.85536159600997,100.0,500.0,1100.0,0.6979463776383343,0.0733029092983457,0.7712492869366799,0.9914772727272727,22,0,0,0.0,0.0,0,0,0.0,0.0,0.26101198326482083,0.39044947741060315,14.859168931275407,1.9113938829033395e-06,0.020496241243051754,2.408841882430766,15,reference_snr,snr_offset_db=-6,1.0,0.1,0.72,poisson,single,12000,1.2,12.0,70.0,ber,perfect,True,False
proportional_fair,synthetic-20260828-v5-slots120-dt0.100000,controlled_synthetic_motion,20260828,5,12.0,3506,711,13,2485,0,310,0.711,0.20279520821448946,0.0,0.66,131.64556962025316,100.0,300.00000000000006,789.9999999999977,0.7087849401026811,0.08841985168282944,0.7972047917855105,0.9431818181818182,22,0,0,0.0,0.0,0,0,0.0,0.0,0.22817210367745794,0.29141090606146886,14.501901669821839,1.452964544383198e-06,0.015771324701714554,2.196187114479978,5,reference_snr,snr_offset_db=-6,1.0,0.1,0.72,poisson,single,12000,1.2,12.0,70.0,ber,perfect,True,False
kalman_predictive,synthetic-20260828-v5-slots120-dt0.100000,controlled_synthetic_motion,20260828,5,12.0,3506,807,497,2419,0,280,0.807,0.23017683970336567,0.0,0.66,362.3296158612144,100.0,1100.0,1300.0,0.6899600684540788,0.07986309184255562,0.7698231602966343,0.9403409090909091,22,0,0,0.0,0.0,0,0,0.0,0.0,0.29004406895154194,0.46084207496591834,12.27714792328137,6.583806339860421e-05,0.23170352313506537,1.3540955213080361,22,reference_snr,snr_offset_db=-6,1.0,0.1,0.72,poisson,single,12000,1.2,12.0,70.0,ber,perfect,True,False
link_lifetime,synthetic-20260828-v5-slots120-dt0.100000,controlled_synthetic_motion,20260828,5,12.0,3506,808,490,2418,0,280,0.808,0.23046206503137479,0.0,0.66,368.44059405940595,100.0,1100.0,1300.0,0.6896748431260696,0.07986309184255562,0.7695379349686252,0.9403409090909091,22,0,0,0.0,0.0,0,0,0.0,0.0,0.29068501079721276,0.4623745749879239,12.287330522078951,6.576989192613648e-05,0.22869787460912153,1.355769061520869,23,reference_snr,snr_offset_db=-6,1.0,0.1,0.72,poisson,single,12000,1.2,12.0,70.0,ber,perfect,True,False
oracle,synthetic-20260828-v5-slots120-dt0.100000,controlled_synthetic_motion,20260828,5,12.0,3506,808,490,2418,0,280,0.808,0.23046206503137479,0.0,0.66,368.44059405940595,100.0,1100.0,1300.0,0.6896748431260696,0.07986309184255562,0.7695379349686252,0.9403409090909091,22,0,0,0.0,0.0,0,0,0.0,0.0,0.29068501079721276,0.4623745749879239,12.287330522078951,6.576989192613648e-05,0.22869787460912153,1.355769061520869,23,reference_snr,snr_offset_db=-6,1.0,0.1,0.72,poisson,single,12000,1.2,12.0,70.0,ber,perfect,True,False
reactive_greedy,synthetic-20260828-v5-slots120-dt0.100000,controlled_synthetic_motion,20260828,5,12.0,3506,957,18,2294,0,255,0.957,0.27296063890473476,0.0,0.5033333333333333,192.1630094043887,100.0,600.0000000000001,1200.0000000000002,0.6543069024529378,0.07273245864232744,0.7270393610952652,0.9887640449438202,31,0,0,0.0,0.0,0,0,0.0,0.0,0.3471353766907162,0.5537760880683673,16.621346806584324,7.318042971285009e-07,0.007775176753631916,1.9795752591053355,46,reference_snr,snr_offset_db=-3,1.0,0.1,0.72,poisson,single,12000,1.2,15.0,70.0,ber,perfect,True,False
proportional_fair,synthetic-20260828-v5-slots120-dt0.100000,controlled_synthetic_motion,20260828,5,12.0,3506,641,0,2535,0,330,0.641,0.18282943525385054,0.0,0.5033333333333333,230.26521060842433,100.0,800.0,1100.0,0.7230462065031374,0.09412435824301198,0.8171705647461495,0.6179775280898876,31,0,0,0.0,0.0,0,0,0.0,0.0,0.3842074011735278,0.5805105191440135,14.365955757226542,2.4001261561863507e-07,0.002835272715402572,1.0376185197395587,14,reference_snr,snr_offset_db=-3,1.0,0.1,0.72,poisson,single,12000,1.2,15.0,70.0,ber,perfect,True,False
kalman_predictive,synthetic-20260828-v5-slots120-dt0.100000,controlled_synthetic_motion,20260828,5,12.0,3506,982,568,2248,0,276,0.982,0.28009127210496293,0.0,0.5033333333333333,402.0366598778004,300.00000000000006,900.0,1100.0,0.6411865373645179,0.07872219053051911,0.7199087278950371,0.9648876404494382,31,0,0,0.0,0.0,0,0,0.0,0.0,0.3741416837702673,0.5776225466920089,12.371442420632965,9.636452306563268e-05,0.2541384097425906,0.8200753681400095,58,reference_snr,snr_offset_db=-3,1.0,0.1,0.72,poisson,single,12000,1.2,15.0,70.0,ber,perfect,True,False
link_lifetime,synthetic-20260828-v5-slots120-dt0.100000,controlled_synthetic_motion,20260828,5,12.0,3506,982,566,2248,0,276,0.982,0.28009127210496293,0.0,0.5033333333333333,396.84317718940935,300.00000000000006,900.0,1100.0,0.6411865373645179,0.07872219053051911,0.7199087278950371,0.9648876404494382,31,0,0,0.0,0.0,0,0,0.0,0.0,0.3741416837702673,0.5776225466920089,12.361011750206972,9.642738098735915e-05,0.2548209485259228,0.8183335697892293,56,reference_snr,snr_offset_db=-3,1.0,0.1,0.72,poisson,single,12000,1.2,15.0,70.0,ber,perfect,True,False
oracle,synthetic-20260828-v5-slots120-dt0.100000,controlled_synthetic_motion,20260828,5,12.0,3506,982,566,2248,0,276,0.982,0.28009127210496293,0.0,0.5033333333333333,396.84317718940935,300.00000000000006,900.0,1100.0,0.6411865373645179,0.07872219053051911,0.7199087278950371,0.9648876404494382,31,0,0,0.0,0.0,0,0,0.0,0.0,0.3741416837702673,0.5776225466920089,12.361011750206972,9.642738098735915e-05,0.2548209485259228,0.8183335697892293,56,reference_snr,snr_offset_db=-3,1.0,0.1,0.72,poisson,single,12000,1.2,15.0,70.0,ber,perfect,True,False
reactive_greedy,synthetic-20260828-v5-slots120-dt0.100000,controlled_synthetic_motion,20260828,5,12.0,3506,1622,287,1624,0,260,1.622,0.46263548203080435,0.0,0.025,274.5992601726264,200.0,900.0,1300.0,0.4632059326868226,0.07415858528237307,0.5373645179691957,0.4786072587784007,100,0,0,0.0,0.0,0,0,0.0,0.0,0.6698332599225495,0.7700148627258929,16.451540960014462,7.659610088770245e-06,0.06493553344162611,1.4265837850909222,111,reference_snr,snr_offset_db=0,1.0,0.1,0.72,poisson,single,12000,1.2,18.0,70.0,ber,perfect,True,False
proportional_fair,synthetic-20260828-v5-slots120-dt0.100000,controlled_synthetic_motion,20260828,5,12.0,3506,625,8,2579,0,302,0.625,0.1782658300057045,0.0,0.025,289.6,100.0,1000.0,1375.9999999999993,0.735596120935539,0.08613804905875641,0.8217341699942955,0.1844201829448215,100,0,0,0.0,0.0,0,0,0.0,0.0,0.6710674374457778,0.5460481826778641,13.884125662355826,3.4619283443042447e-07,0.0040824036581440385,0.472607969667667,40,reference_snr,snr_offset_db=0,1.0,0.1,0.72,poisson,single,12000,1.2,18.0,70.0,ber,perfect,True,False
kalman_predictive,synthetic-20260828-v5-slots120-dt0.100000,controlled_synthetic_motion,20260828,5,12.0,3506,1618,2122,1597,0,291,1.618,0.4614945807187678,0.0,0.025,701.9777503090235,700.0000000000001,1300.0,1600.0,0.4555048488305762,0.08300057045065602,0.5385054192812322,0.4774269696075539,100,0,0,0.0,0.0,0,0,0.0,0.0,0.7939093437169258,0.7927968677190801,12.105880893152165,0.0001099239049953467,0.45726820908206434,0.5717848999684646,96,reference_snr,snr_offset_db=0,1.0,0.1,0.72,poisson,single,12000,1.2,18.0,70.0,ber,perfect,True,False
link_lifetime,synthetic-20260828-v5-slots120-dt0.100000,controlled_synthetic_motion,20260828,5,12.0,3506,1640,2146,1580,0,286,1.64,0.4677695379349686,0.0,0.025,697.0121951219512,700.0000000000001,1300.0,1600.0,0.450656018254421,0.08157444381061038,0.5322304620650313,0.48391856004721157,100,0,0,0.0,0.0,0,0,0.0,0.0,0.8036165133393289,0.7963789065131004,12.044331283639924,0.00011081032147075406,0.4632871106032679,0.5670917877918519,95,reference_snr,snr_offset_db=0,1.0,0.1,0.72,poisson,single,12000,1.2,18.0,70.0,ber,perfect,True,False
oracle,synthetic-20260828-v5-slots120-dt0.100000,controlled_synthetic_motion,20260828,5,12.0,3506,1649,2211,1592,0,265,1.649,0.47033656588705075,0.0,0.025,738.9326864766525,800.0,1300.0,1600.0,0.4540787221905305,0.07558471192241871,0.5296634341129492,0.486574210681617,100,0,0,0.0,0.0,0,0,0.0,0.0,0.8022436970699175,0.8041661399549568,11.898600978957083,0.0001127132708568191,0.4752384941542089,0.5602825656924446,90,reference_snr,snr_offset_db=0,1.0,0.1,0.72,poisson,single,12000,1.2,18.0,70.0,ber,perfect,True,False
reactive_greedy,synthetic-20260828-v5-slots120-dt0.100000,controlled_synthetic_motion,20260828,5,12.0,3506,3366,11,88,0,52,3.366,0.9600684540787222,0.0,0.0,259.47712418300654,200.0,700.0000000000001,1200.0000000000002,0.025099828864803195,0.014831717056474614,0.03993154592127781,0.9600684540787222,0,0,0,0.0,0.0,0,0,0.0,0.0,0.6839051680010817,0.9799714941635275,15.249450964242707,2.3482814559923329e-07,0.0027670820124263158,0.7223509728448737,119,reference_snr,snr_offset_db=3,1.0,0.1,0.72,poisson,single,12000,1.2,21.0,70.0,ber,perfect,True,False
proportional_fair,synthetic-20260828-v5-slots120-dt0.100000,controlled_synthetic_motion,20260828,5,12.0,3506,1017,0,2146,0,343,1.017,0.29007415858528235,0.0,0.0,689.6755162241888,700.0000000000001,1500.0,1700.0000000000002,0.612093553907587,0.09783228750713063,0.7099258414147176,0.29007415858528235,0,0,0,0.0,0.0,0,0,0.0,0.0,0.9717792967373687,0.6517693421417728,16.308881473130995,1.816972076460409e-08,0.00021769015577769888,0.47138661406381516,59,reference_snr,snr_offset_db=3,1.0,0.1,0.72,poisson,single,12000,1.2,21.0,70.0,ber,perfect,True,False
kalman_predictive,synthetic-20260828-v5-slots120-dt0.100000,controlled_synthetic_motion,20260828,5,12.0,3506,3426,9,0,0,80,3.426,0.9771819737592699,0.0,0.0,360.5954465849387,400.0,700.0000000000001,700.0000000000001,0.0,0.022818026240730177,0.022818026240730177,0.9771819737592699,0,0,0,0.0,0.0,0,0,0.0,0.0,0.7171966855210601,0.9997013174533298,15.348684696865854,1.9005442203102453e-07,0.0022291103692512622,0.6193187792603428,119,reference_snr,snr_offset_db=3,1.0,0.1,0.72,poisson,single,12000,1.2,21.0,70.0,ber,perfect,True,False
link_lifetime,synthetic-20260828-v5-slots120-dt0.100000,controlled_synthetic_motion,20260828,5,12.0,3506,3426,9,0,0,80,3.426,0.9771819737592699,0.0,0.0,360.5954465849387,400.0,700.0000000000001,700.0000000000001,0.0,0.022818026240730177,0.022818026240730177,0.9771819737592699,0,0,0,0.0,0.0,0,0,0.0,0.0,0.7171966855210601,0.9997013174533298,15.348684696865854,1.9005442203102453e-07,0.0022291103692512622,0.6193187792603428,119,reference_snr,snr_offset_db=3,1.0,0.1,0.72,poisson,single,12000,1.2,21.0,70.0,ber,perfect,True,False
oracle,synthetic-20260828-v5-slots120-dt0.100000,controlled_synthetic_motion,20260828,5,12.0,3506,3426,9,0,0,80,3.426,0.9771819737592699,0.0,0.0,360.5954465849387,400.0,700.0000000000001,700.0000000000001,0.0,0.022818026240730177,0.022818026240730177,0.9771819737592699,0,0,0,0.0,0.0,0,0,0.0,0.0,0.7171966855210601,0.9997013174533298,15.348684696865854,1.9005442203102453e-07,0.0022291103692512622,0.6193187792603428,119,reference_snr,snr_offset_db=3,1.0,0.1,0.72,poisson,single,12000,1.2,21.0,70.0,ber,perfect,True,False
reactive_greedy,synthetic-20260828-v5-slots120-dt0.100000,controlled_synthetic_motion,20260828,5,12.0,3506,3381,0,91,0,34,3.381,0.9643468339988591,0.0,0.0,258.2667849748595,200.0,700.0000000000001,1200.0000000000002,0.025955504848830576,0.009697661152310326,0.0356531660011409,0.9643468339988591,0,0,0,0.0,0.0,0,0,0.0,0.0,0.6830631584010775,0.9787161828269222,18.24919372696464,1.9383013158886305e-12,2.325960338960824e-08,0.7224776606134284,119,reference_snr,snr_offset_db=6,1.0,0.1,0.72,poisson,single,12000,1.2,24.0,70.0,ber,perfect,True,False
proportional_fair,synthetic-20260828-v5-slots120-dt0.100000,controlled_synthetic_motion,20260828,5,12.0,3506,1072,0,2098,0,336,1.072,0.3057615516257844,0.0,0.0,721.9216417910447,800.0,1500.0,1600.0,0.5984027381631489,0.09583571021106674,0.6942384483742157,0.3057615516257844,0,0,0,0.0,0.0,0,0,0.0,0.0,0.9982921426399687,0.6701666037237745,19.26224194088554,1.3576230998315697e-13,1.6291475876602985e-09,0.4668861413127761,66,reference_snr,snr_offset_db=6,1.0,0.1,0.72,poisson,single,12000,1.2,24.0,70.0,ber,perfect,True,False
kalman_predictive,synthetic-20260828-v5-slots120-dt0.100000,controlled_synthetic_motion,20260828,5,12.0,3506,3433,0,1,0,72,3.433,0.9791785510553337,0.0,0.0,331.022429362074,300.00000000000006,600.0000000000001,700.0000000000001,0.0002852253280091272,0.02053622361665716,0.020821448944666286,0.9791785510553337,0,0,0,0.0,0.0,0,0,0.0,0.0,0.7220011927687704,0.9998937226190958,18.512633337484576,1.2206679620858955e-12,1.4648010271567116e-08,0.6721784575352391,117,reference_snr,snr_offset_db=6,1.0,0.1,0.72,poisson,single,12000,1.2,24.0,70.0,ber,perfect,True,False
link_lifetime,synthetic-20260828-v5-slots120-dt0.100000,controlled_synthetic_motion,20260828,5,12.0,3506,3433,0,1,0,72,3.433,0.9791785510553337,0.0,0.0,331.022429362074,300.00000000000006,600.0000000000001,700.0000000000001,0.0002852253280091272,0.02053622361665716,0.020821448944666286,0.9791785510553337,0,0,0,0.0,0.0,0,0,0.0,0.0,0.7220011927687704,0.9998937226190958,18.512633337484576,1.2206679620858955e-12,1.4648010271567116e-08,0.6721784575352391,117,reference_snr,snr_offset_db=6,1.0,0.1,0.72,poisson,single,12000,1.2,24.0,70.0,ber,perfect,True,False
oracle,synthetic-20260828-v5-slots120-dt0.100000,controlled_synthetic_motion,20260828,5,12.0,3506,3433,0,1,0,72,3.433,0.9791785510553337,0.0,0.0,331.022429362074,300.00000000000006,600.0000000000001,700.0000000000001,0.0002852253280091272,0.02053622361665716,0.020821448944666286,0.9791785510553337,0,0,0,0.0,0.0,0,0,0.0,0.0,0.7220011927687704,0.9998937226190958,18.512633337484576,1.2206679620858955e-12,1.4648010271567116e-08,0.6721784575352391,117,reference_snr,snr_offset_db=6,1.0,0.1,0.72,poisson,single,12000,1.2,24.0,70.0,ber,perfect,True,False
reactive_greedy,synthetic-20260828-v5-slots120-dt0.100000,controlled_synthetic_motion,20260828,5,12.0,3506,1607,379,1607,0,292,1.607,0.45835710211066744,0.0,0.045,293.71499688861235,200.0,1000.0,1400.0000000000002,0.45835710211066744,0.08328579577866514,0.5416428978893326,0.4844739222188725,106,0,0,0.0,0.0,0,0,0.0,0.0,0.7171347920684575,0.7855738098788106,15.98199734519699,1.0207858332265861e-05,0.08256562301078378,1.2635619191573035,105,field_of_view,fov_deg=50,1.0,0.1,0.72,poisson,single,12000,1.2,18.0,50.0,ber,perfect,True,False
proportional_fair,synthetic-20260828-v5-slots120-dt0.100000,controlled_synthetic_motion,20260828,5,12.0,3506,592,8,2584,0,330,0.592,0.1688533941814033,0.0,0.045,240.70945945945945,100.0,900.0,1200.0000000000002,0.7370222475755848,0.09412435824301198,0.8311466058185967,0.1784745251733494,176,0,0,0.0,0.0,0,0,0.0,0.0,0.6806051307944769,0.5220480921545343,13.824374132566303,3.4619283443042447e-07,0.0040824036581440385,0.438798715897256,40,field_of_view,fov_deg=50,1.0,0.1,0.72,poisson,single,12000,1.2,18.0,50.0,ber,perfect,True,False
kalman_predictive,synthetic-20260828-v5-slots120-dt0.100000,controlled_synthetic_motion,20260828,5,12.0,3506,1527,2211,1669,0,310,1.527,0.43553907586993723,0.0,0.045,708.0550098231827,700.0000000000001,1300.0,1600.0,0.4760410724472333,0.08841985168282944,0.5644609241300628,0.4603557431413928,176,0,0,0.0,0.0,0,0,0.0,0.0,0.8739695836730105,0.8065681769268956,11.697135959804898,0.00011264113166957602,0.4753533555741725,0.447172282185964,93,field_of_view,fov_deg=50,1.0,0.1,0.72,poisson,single,12000,1.2,18.0,50.0,ber,perfect,True,False
link_lifetime,synthetic-20260828-v5-slots120-dt0.100000,controlled_synthetic_motion,20260828,5,12.0,3506,1590,2238,1608,0,308,1.59,0.4535082715345123,0.0,0.045,706.7924528301887,700.0000000000001,1300.0,1600.0,0.45864232743867656,0.08784940102681119,0.5464917284654878,0.4793488091649081,159,0,0,0.0,0.0,0,0,0.0,0.0,0.858184509160282,0.807863067653154,11.714749476008032,0.00011352995135358772,0.48148660598886583,0.477524791913009,91,field_of_view,fov_deg=50,1.0,0.1,0.72,poisson,single,12000,1.2,18.0,50.0,ber,perfect,True,False
oracle,synthetic-20260828-v5-slots120-dt0.100000,controlled_synthetic_motion,20260828,5,12.0,3506,1530,2211,1671,0,305,1.53,0.43639475185396465,0.0,0.045,731.6339869281046,800.0,1300.0,1600.0,0.47661152310325156,0.0869937250427838,0.5636052481460354,0.4612601748567983,175,0,0,0.0,0.0,0,0,0.0,0.0,0.8728415730462764,0.8061087471360795,11.699332198987126,0.0001127132708568191,0.4752384941542089,0.45308941907760597,89,field_of_view,fov_deg=50,1.0,0.1,0.72,poisson,single,12000,1.2,18.0,50.0,ber,perfect,True,False
reactive_greedy,synthetic-20260828-v5-slots120-dt0.100000,controlled_synthetic_motion,20260828,5,12.0,3506,1622,287,1624,0,260,1.622,0.46263548203080435,0.0,0.025,274.5992601726264,200.0,900.0,1300.0,0.4632059326868226,0.07415858528237307,0.5373645179691957,0.4786072587784007,100,0,0,0.0,0.0,0,0,0.0,0.0,0.6698332599225495,0.7700148627258929,16.451540960014462,7.659610088770245e-06,0.06493553344162611,1.4265837850909222,111,field_of_view,fov_deg=70,1.0,0.1,0.72,poisson,single,12000,1.2,18.0,70.0,ber,perfect,True,False
proportional_fair,synthetic-20260828-v5-slots120-dt0.100000,controlled_synthetic_motion,20260828,5,12.0,3506,625,8,2579,0,302,0.625,0.1782658300057045,0.0,0.025,289.6,100.0,1000.0,1375.9999999999993,0.735596120935539,0.08613804905875641,0.8217341699942955,0.1844201829448215,100,0,0,0.0,0.0,0,0,0.0,0.0,0.6710674374457778,0.5460481826778641,13.884125662355826,3.4619283443042447e-07,0.0040824036581440385,0.472607969667667,40,field_of_view,fov_deg=70,1.0,0.1,0.72,poisson,single,12000,1.2,18.0,70.0,ber,perfect,True,False
kalman_predictive,synthetic-20260828-v5-slots120-dt0.100000,controlled_synthetic_motion,20260828,5,12.0,3506,1618,2122,1597,0,291,1.618,0.4614945807187678,0.0,0.025,701.9777503090235,700.0000000000001,1300.0,1600.0,0.4555048488305762,0.08300057045065602,0.5385054192812322,0.4774269696075539,100,0,0,0.0,0.0,0,0,0.0,0.0,0.7939093437169258,0.7927968677190801,12.105880893152165,0.0001099239049953467,0.45726820908206434,0.5717848999684646,96,field_of_view,fov_deg=70,1.0,0.1,0.72,poisson,single,12000,1.2,18.0,70.0,ber,perfect,True,False
link_lifetime,synthetic-20260828-v5-slots120-dt0.100000,controlled_synthetic_motion,20260828,5,12.0,3506,1640,2146,1580,0,286,1.64,0.4677695379349686,0.0,0.025,697.0121951219512,700.0000000000001,1300.0,1600.0,0.450656018254421,0.08157444381061038,0.5322304620650313,0.48391856004721157,100,0,0,0.0,0.0,0,0,0.0,0.0,0.8036165133393289,0.7963789065131004,12.044331283639924,0.00011081032147075406,0.4632871106032679,0.5670917877918519,95,field_of_view,fov_deg=70,1.0,0.1,0.72,poisson,single,12000,1.2,18.0,70.0,ber,perfect,True,False
oracle,synthetic-20260828-v5-slots120-dt0.100000,controlled_synthetic_motion,20260828,5,12.0,3506,1649,2211,1592,0,265,1.649,0.47033656588705075,0.0,0.025,738.9326864766525,800.0,1300.0,1600.0,0.4540787221905305,0.07558471192241871,0.5296634341129492,0.486574210681617,100,0,0,0.0,0.0,0,0,0.0,0.0,0.8022436970699175,0.8041661399549568,11.898600978957083,0.0001127132708568191,0.4752384941542089,0.5602825656924446,90,field_of_view,fov_deg=70,1.0,0.1,0.72,poisson,single,12000,1.2,18.0,70.0,ber,perfect,True,False
reactive_greedy,synthetic-20260828-v5-slots120-dt0.100000,controlled_synthetic_motion,20260828,5,12.0,3506,1622,287,1624,0,260,1.622,0.46263548203080435,0.0,0.025,274.5992601726264,200.0,900.0,1300.0,0.4632059326868226,0.07415858528237307,0.5373645179691957,0.4786072587784007,100,0,0,0.0,0.0,0,0,0.0,0.0,0.6698332599225495,0.7700148627258929,16.451540960014462,7.659610088770245e-06,0.06493553344162611,1.4265837850909222,111,field_of_view,fov_deg=90,1.0,0.1,0.72,poisson,single,12000,1.2,18.0,90.0,ber,perfect,True,False
proportional_fair,synthetic-20260828-v5-slots120-dt0.100000,controlled_synthetic_motion,20260828,5,12.0,3506,625,8,2579,0,302,0.625,0.1782658300057045,0.0,0.025,289.6,100.0,1000.0,1375.9999999999993,0.735596120935539,0.08613804905875641,0.8217341699942955,0.1844201829448215,100,0,0,0.0,0.0,0,0,0.0,0.0,0.6710674374457778,0.5460481826778641,13.884125662355826,3.4619283443042447e-07,0.0040824036581440385,0.472607969667667,40,field_of_view,fov_deg=90,1.0,0.1,0.72,poisson,single,12000,1.2,18.0,90.0,ber,perfect,True,False
kalman_predictive,synthetic-20260828-v5-slots120-dt0.100000,controlled_synthetic_motion,20260828,5,12.0,3506,1618,2122,1597,0,291,1.618,0.4614945807187678,0.0,0.025,701.9777503090235,700.0000000000001,1300.0,1600.0,0.4555048488305762,0.08300057045065602,0.5385054192812322,0.4774269696075539,100,0,0,0.0,0.0,0,0,0.0,0.0,0.7939093437169258,0.7927968677190801,12.105880893152165,0.0001099239049953467,0.45726820908206434,0.5717848999684646,96,field_of_view,fov_deg=90,1.0,0.1,0.72,poisson,single,12000,1.2,18.0,90.0,ber,perfect,True,False
link_lifetime,synthetic-20260828-v5-slots120-dt0.100000,controlled_synthetic_motion,20260828,5,12.0,3506,1640,2146,1580,0,286,1.64,0.4677695379349686,0.0,0.025,697.0121951219512,700.0000000000001,1300.0,1600.0,0.450656018254421,0.08157444381061038,0.5322304620650313,0.48391856004721157,100,0,0,0.0,0.0,0,0,0.0,0.0,0.8036165133393289,0.7963789065131004,12.044331283639924,0.00011081032147075406,0.4632871106032679,0.5670917877918519,95,field_of_view,fov_deg=90,1.0,0.1,0.72,poisson,single,12000,1.2,18.0,90.0,ber,perfect,True,False
oracle,synthetic-20260828-v5-slots120-dt0.100000,controlled_synthetic_motion,20260828,5,12.0,3506,1649,2211,1592,0,265,1.649,0.47033656588705075,0.0,0.025,738.9326864766525,800.0,1300.0,1600.0,0.4540787221905305,0.07558471192241871,0.5296634341129492,0.486574210681617,100,0,0,0.0,0.0,0,0,0.0,0.0,0.8022436970699175,0.8041661399549568,11.898600978957083,0.0001127132708568191,0.4752384941542089,0.5602825656924446,90,field_of_view,fov_deg=90,1.0,0.1,0.72,poisson,single,12000,1.2,18.0,90.0,ber,perfect,True,False
reactive_greedy,synthetic-20260828-v5-slots120-dt0.100000,controlled_synthetic_motion,20260828,5,12.0,3506,1622,287,1624,0,260,1.622,0.46263548203080435,0.0,0.025,274.5992601726264,200.0,900.0,1300.0,0.4632059326868226,0.07415858528237307,0.5373645179691957,0.4786072587784007,100,0,0,0.0,0.0,0,0,0.0,0.0,0.6698332599225495,0.7700148627258929,16.451540960014462,7.659610088770245e-06,0.06493553344162611,1.4265837850909222,111,outage_definition,outage=ber,1.0,0.1,0.72,poisson,single,12000,1.2,18.0,70.0,ber,perfect,True,False
proportional_fair,synthetic-20260828-v5-slots120-dt0.100000,controlled_synthetic_motion,20260828,5,12.0,3506,625,8,2579,0,302,0.625,0.1782658300057045,0.0,0.025,289.6,100.0,1000.0,1375.9999999999993,0.735596120935539,0.08613804905875641,0.8217341699942955,0.1844201829448215,100,0,0,0.0,0.0,0,0,0.0,0.0,0.6710674374457778,0.5460481826778641,13.884125662355826,3.4619283443042447e-07,0.0040824036581440385,0.472607969667667,40,outage_definition,outage=ber,1.0,0.1,0.72,poisson,single,12000,1.2,18.0,70.0,ber,perfect,True,False
kalman_predictive,synthetic-20260828-v5-slots120-dt0.100000,controlled_synthetic_motion,20260828,5,12.0,3506,1618,2122,1597,0,291,1.618,0.4614945807187678,0.0,0.025,701.9777503090235,700.0000000000001,1300.0,1600.0,0.4555048488305762,0.08300057045065602,0.5385054192812322,0.4774269696075539,100,0,0,0.0,0.0,0,0,0.0,0.0,0.7939093437169258,0.7927968677190801,12.105880893152165,0.0001099239049953467,0.45726820908206434,0.5717848999684646,96,outage_definition,outage=ber,1.0,0.1,0.72,poisson,single,12000,1.2,18.0,70.0,ber,perfect,True,False
link_lifetime,synthetic-20260828-v5-slots120-dt0.100000,controlled_synthetic_motion,20260828,5,12.0,3506,1640,2146,1580,0,286,1.64,0.4677695379349686,0.0,0.025,697.0121951219512,700.0000000000001,1300.0,1600.0,0.450656018254421,0.08157444381061038,0.5322304620650313,0.48391856004721157,100,0,0,0.0,0.0,0,0,0.0,0.0,0.8036165133393289,0.7963789065131004,12.044331283639924,0.00011081032147075406,0.4632871106032679,0.5670917877918519,95,outage_definition,outage=ber,1.0,0.1,0.72,poisson,single,12000,1.2,18.0,70.0,ber,perfect,True,False
oracle,synthetic-20260828-v5-slots120-dt0.100000,controlled_synthetic_motion,20260828,5,12.0,3506,1649,2211,1592,0,265,1.649,0.47033656588705075,0.0,0.025,738.9326864766525,800.0,1300.0,1600.0,0.4540787221905305,0.07558471192241871,0.5296634341129492,0.486574210681617,100,0,0,0.0,0.0,0,0,0.0,0.0,0.8022436970699175,0.8041661399549568,11.898600978957083,0.0001127132708568191,0.4752384941542089,0.5602825656924446,90,outage_definition,outage=ber,1.0,0.1,0.72,poisson,single,12000,1.2,18.0,70.0,ber,perfect,True,False
reactive_greedy,synthetic-20260828-v5-slots120-dt0.100000,controlled_synthetic_motion,20260828,5,12.0,3506,1314,18,1937,0,255,1.314,0.37478608100399313,0.0,0.43166666666666664,200.0,200.0,500.0,900.0,0.5524814603536794,0.07273245864232744,0.6252139189960069,0.9828326180257511,37,0,0,0.0,0.0,0,0,0.0,0.0,0.5571515697150989,0.6751268412378936,17.69748068760619,6.526447224647757e-07,0.007590191137613141,1.6588314933424226,99,outage_definition,outage=per,1.0,0.1,0.72,poisson,single,12000,1.2,18.0,70.0,per,perfect,True,False
proportional_fair,synthetic-20260828-v5-slots120-dt0.100000,controlled_synthetic_motion,20260828,5,12.0,3506,625,8,2579,0,302,0.625,0.1782658300057045,0.0,0.43166666666666664,289.6,100.0,1000.0,1375.9999999999993,0.735596120935539,0.08613804905875641,0.8217341699942955,0.2811158798283262,127,0,0,0.0,0.0,0,0,0.0,0.0,0.6710674374457778,0.5460481826778641,13.884125662355826,3.4619283443042447e-07,0.0040824036581440385,0.472607969667667,40,outage_definition,outage=per,1.0,0.1,0.72,poisson,single,12000,1.2,18.0,70.0,per,perfect,True,False
kalman_predictive,synthetic-20260828-v5-slots120-dt0.100000,controlled_synthetic_motion,20260828,5,12.0,3506,1177,18,2047,0,282,1.177,0.3357102110667427,0.0,0.43166666666666664,371.02803738317755,300.00000000000006,900.0,1100.0,0.5838562464346834,0.08043354249857387,0.6642897889332573,0.8293991416309013,119,0,0,0.0,0.0,0,0,0.0,0.0,0.5152306550801393,0.6392882086084141,14.58962602744506,8.14459598420515e-07,0.009510493972790015,0.7395155895425216,67,outage_definition,outage=per,1.0,0.1,0.72,poisson,single,12000,1.2,18.0,70.0,per,perfect,True,False
link_lifetime,synthetic-20260828-v5-slots120-dt0.100000,controlled_synthetic_motion,20260828,5,12.0,3506,1212,24,2012,0,282,1.212,0.3456930975470622,0.0,0.43166666666666664,391.08910891089107,300.00000000000006,900.0,1100.0,0.573873359954364,0.08043354249857387,0.6543069024529378,0.8669527896995708,101,0,0,0.0,0.0,0,0,0.0,0.0,0.5376847561109525,0.6523973793616661,14.526304459061022,8.739586170706529e-07,0.010194752933492444,0.7325126881915115,67,outage_definition,outage=per,1.0,0.1,0.72,poisson,single,12000,1.2,18.0,70.0,per,perfect,True,False
oracle,synthetic-20260828-v5-slots120-dt0.100000,controlled_synthetic_motion,20260828,5,12.0,3506,1212,24,2012,0,282,1.212,0.3456930975470622,0.0,0.43166666666666664,391.08910891089107,300.00000000000006,900.0,1100.0,0.573873359954364,0.08043354249857387,0.6543069024529378,0.8669527896995708,101,0,0,0.0,0.0,0,0,0.0,0.0,0.5376847561109525,0.6523973793616661,14.526304459061022,8.739586170706529e-07,0.010194752933492444,0.7325126881915115,67,outage_definition,outage=per,1.0,0.1,0.72,poisson,single,12000,1.2,18.0,70.0,per,perfect,True,False
reactive_greedy,synthetic-20260828-v5-slots120-dt0.100000,controlled_synthetic_motion,20260828,5,12.0,3506,1622,287,1624,0,260,1.622,0.46263548203080435,0.0,0.21666666666666667,274.5992601726264,200.0,900.0,1300.0,0.4632059326868226,0.07415858528237307,0.5373645179691957,0.8604651162790697,143,0,0,0.0,0.0,0,0,0.0,0.0,0.6698332599225495,0.7700148627258929,16.451540960014462,7.659610088770245e-06,0.06493553344162611,1.4265837850909222,111,outage_definition,outage=goodput,1.0,0.1,0.72,poisson,single,12000,1.2,18.0,70.0,goodput,perfect,True,False
proportional_fair,synthetic-20260828-v5-slots120-dt0.100000,controlled_synthetic_motion,20260828,5,12.0,3506,625,8,2579,0,302,0.625,0.1782658300057045,0.0,0.21666666666666667,289.6,100.0,1000.0,1375.9999999999993,0.735596120935539,0.08613804905875641,0.8217341699942955,0.28032683846637335,143,0,0,0.0,0.0,0,0,0.0,0.0,0.6710674374457778,0.5460481826778641,13.884125662355826,3.4619283443042447e-07,0.0040824036581440385,0.472607969667667,40,outage_definition,outage=goodput,1.0,0.1,0.72,poisson,single,12000,1.2,18.0,70.0,goodput,perfect,True,False
kalman_predictive,synthetic-20260828-v5-slots120-dt0.100000,controlled_synthetic_motion,20260828,5,12.0,3506,1697,1105,1524,0,285,1.697,0.4840273816314889,0.0,0.21666666666666667,614.4372421921037,600.0000000000001,1219.999999999982,1500.0,0.43468339988590987,0.08128921848260126,0.5159726183685112,0.7800125707102451,143,0,0,0.0,0.0,0,0,0.0,0.0,0.8113360745915229,0.8064179521710145,12.593430723044552,4.3325221127680975e-05,0.26604817161443894,0.5743551624653463,85,outage_definition,outage=goodput,1.0,0.1,0.72,poisson,single,12000,1.2,18.0,70.0,goodput,perfect,True,False
link_lifetime,synthetic-20260828-v5-slots120-dt0.100000,controlled_synthetic_motion,20260828,5,12.0,3506,1709,1134,1512,0,285,1.709,0.4874500855675984,0.0,0.21666666666666667,618.1977764774722,600.0000000000001,1259.999999999991,1500.0,0.4312606959498003,0.08128921848260126,0.5125499144324016,0.7875549968573224,141,0,0,0.0,0.0,0,0,0.0,0.0,0.8115741840648997,0.8093286835371223,12.551622938559053,4.441706405003655e-05,0.272651876150568,0.5719865129684851,86,outage_definition,outage=goodput,1.0,0.1,0.72,poisson,single,12000,1.2,18.0,70.0,goodput,perfect,True,False
oracle,synthetic-20260828-v5-slots120-dt0.100000,controlled_synthetic_motion,20260828,5,12.0,3506,1709,1134,1512,0,285,1.709,0.4874500855675984,0.0,0.21666666666666667,618.1977764774722,600.0000000000001,1259.999999999991,1500.0,0.4312606959498003,0.08128921848260126,0.5125499144324016,0.7875549968573224,141,0,0,0.0,0.0,0,0,0.0,0.0,0.8115741840648997,0.8093286835371223,12.551622938559053,4.441706405003655e-05,0.272651876150568,0.5719865129684851,86,outage_definition,outage=goodput,1.0,0.1,0.72,poisson,single,12000,1.2,18.0,70.0,goodput,perfect,True,False
reactive_greedy,synthetic-20260828-v5-slots120-dt0.100000,controlled_synthetic_motion,20260828,5,12.0,3506,1622,287,1624,0,260,1.622,0.46263548203080435,0.0,0.025,274.5992601726264,200.0,900.0,1300.0,0.4632059326868226,0.07415858528237307,0.5373645179691957,0.4786072587784007,100,0,0,0.0,0.0,0,0,0.0,0.0,0.6698332599225495,0.7700148627258929,16.451540960014462,7.659610088770245e-06,0.06493553344162611,1.4265837850909222,111,sensing_uncertainty,perfect,1.0,0.1,0.72,poisson,single,12000,1.2,18.0,70.0,ber,perfect,True,False
proportional_fair,synthetic-20260828-v5-slots120-dt0.100000,controlled_synthetic_motion,20260828,5,12.0,3506,625,8,2579,0,302,0.625,0.1782658300057045,0.0,0.025,289.6,100.0,1000.0,1375.9999999999993,0.735596120935539,0.08613804905875641,0.8217341699942955,0.1844201829448215,100,0,0,0.0,0.0,0,0,0.0,0.0,0.6710674374457778,0.5460481826778641,13.884125662355826,3.4619283443042447e-07,0.0040824036581440385,0.472607969667667,40,sensing_uncertainty,perfect,1.0,0.1,0.72,poisson,single,12000,1.2,18.0,70.0,ber,perfect,True,False
kalman_predictive,synthetic-20260828-v5-slots120-dt0.100000,controlled_synthetic_motion,20260828,5,12.0,3506,1618,2122,1597,0,291,1.618,0.4614945807187678,0.0,0.025,701.9777503090235,700.0000000000001,1300.0,1600.0,0.4555048488305762,0.08300057045065602,0.5385054192812322,0.4774269696075539,100,0,0,0.0,0.0,0,0,0.0,0.0,0.7939093437169258,0.7927968677190801,12.105880893152165,0.0001099239049953467,0.45726820908206434,0.5717848999684646,96,sensing_uncertainty,perfect,1.0,0.1,0.72,poisson,single,12000,1.2,18.0,70.0,ber,perfect,True,False
link_lifetime,synthetic-20260828-v5-slots120-dt0.100000,controlled_synthetic_motion,20260828,5,12.0,3506,1640,2146,1580,0,286,1.64,0.4677695379349686,0.0,0.025,697.0121951219512,700.0000000000001,1300.0,1600.0,0.450656018254421,0.08157444381061038,0.5322304620650313,0.48391856004721157,100,0,0,0.0,0.0,0,0,0.0,0.0,0.8036165133393289,0.7963789065131004,12.044331283639924,0.00011081032147075406,0.4632871106032679,0.5670917877918519,95,sensing_uncertainty,perfect,1.0,0.1,0.72,poisson,single,12000,1.2,18.0,70.0,ber,perfect,True,False
oracle,synthetic-20260828-v5-slots120-dt0.100000,controlled_synthetic_motion,20260828,5,12.0,3506,1649,2211,1592,0,265,1.649,0.47033656588705075,0.0,0.025,738.9326864766525,800.0,1300.0,1600.0,0.4540787221905305,0.07558471192241871,0.5296634341129492,0.486574210681617,100,0,0,0.0,0.0,0,0,0.0,0.0,0.8022436970699175,0.8041661399549568,11.898600978957083,0.0001127132708568191,0.4752384941542089,0.5602825656924446,90,sensing_uncertainty,perfect,1.0,0.1,0.72,poisson,single,12000,1.2,18.0,70.0,ber,perfect,True,False
reactive_greedy,synthetic-20260828-v5-slots120-dt0.100000,controlled_synthetic_motion,20260828,5,12.0,3506,1622,287,1624,0,260,1.622,0.46263548203080435,0.0,0.025,274.5992601726264,200.0,900.0,1300.0,0.4632059326868226,0.07415858528237307,0.5373645179691957,0.4786072587784007,100,0,0,0.0,0.0,0,0,0.0,0.0,0.6698332599225495,0.7700148627258929,16.451540960014462,7.659610088770245e-06,0.06493553344162611,1.4265837850909222,111,sensing_uncertainty,cartesian_0.75m,1.0,0.1,0.72,poisson,single,12000,1.2,18.0,70.0,ber,cartesian_iid,False,False
proportional_fair,synthetic-20260828-v5-slots120-dt0.100000,controlled_synthetic_motion,20260828,5,12.0,3506,625,8,2579,0,302,0.625,0.1782658300057045,0.0,0.025,289.6,100.0,1000.0,1375.9999999999993,0.735596120935539,0.08613804905875641,0.8217341699942955,0.1844201829448215,100,0,0,0.0,0.0,0,0,0.0,0.0,0.6710674374457778,0.5460481826778641,13.884125662355826,3.4619283443042447e-07,0.0040824036581440385,0.472607969667667,40,sensing_uncertainty,cartesian_0.75m,1.0,0.1,0.72,poisson,single,12000,1.2,18.0,70.0,ber,cartesian_iid,False,False
kalman_predictive,synthetic-20260828-v5-slots120-dt0.100000,controlled_synthetic_motion,20260828,5,12.0,3506,1610,2134,1614,0,282,1.61,0.4592127780946948,0.0,0.025,681.1180124223603,700.0000000000001,1300.0,1600.0,0.46035367940673133,0.08043354249857387,0.5407872219053051,0.47506639126586014,100,0,0,0.0,0.0,0,0,0.0,0.0,0.7912030889916518,0.7941080578148293,12.05288549097336,0.00011000378750668552,0.46377791591490164,0.569304224698411,93,sensing_uncertainty,cartesian_0.75m,1.0,0.1,0.72,poisson,single,12000,1.2,18.0,70.0,ber,cartesian_iid,False,False
link_lifetime,synthetic-20260828-v5-slots120-dt0.100000,controlled_synthetic_motion,20260828,5,12.0,3506,1631,2297,1621,0,254,1.631,0.4652025099828865,0.0,0.025,720.4782342121398,700.0000000000001,1300.0,1600.0,0.4623502567027952,0.07244723331431831,0.5347974900171135,0.48126290941280614,100,0,0,0.0,0.0,0,0,0.0,0.0,0.7809406242156205,0.7898433503642532,11.97665484098316,0.00012668310040680073,0.5026617289905309,0.5818243479443754,90,sensing_uncertainty,cartesian_0.75m,1.0,0.1,0.72,poisson,single,12000,1.2,18.0,70.0,ber,cartesian_iid,False,False
oracle,synthetic-20260828-v5-slots120-dt0.100000,controlled_synthetic_motion,20260828,5,12.0,3506,1649,2211,1592,0,265,1.649,0.47033656588705075,0.0,0.025,738.9326864766525,800.0,1300.0,1600.0,0.4540787221905305,0.07558471192241871,0.5296634341129492,0.486574210681617,100,0,0,0.0,0.0,0,0,0.0,0.0,0.8022436970699175,0.8041661399549568,11.898600978957083,0.0001127132708568191,0.4752384941542089,0.5602825656924446,90,sensing_uncertainty,cartesian_0.75m,1.0,0.1,0.72,poisson,single,12000,1.2,18.0,70.0,ber,cartesian_iid,False,False
reactive_greedy,synthetic-20260828-v5-slots120-dt0.100000,controlled_synthetic_motion,20260828,5,12.0,3506,1622,287,1624,0,260,1.622,0.46263548203080435,0.0,0.025,274.5992601726264,200.0,900.0,1300.0,0.4632059326868226,0.07415858528237307,0.5373645179691957,0.4786072587784007,100,0,0,0.0,0.0,0,0,0.0,0.0,0.6698332599225495,0.7700148627258929,16.451540960014462,7.659610088770245e-06,0.06493553344162611,1.4265837850909222,111,sensing_uncertainty,range_bearing_exact_R,1.0,0.1,0.72,poisson,single,12000,1.2,18.0,70.0,ber,range_bearing_assumed,False,False
proportional_fair,synthetic-20260828-v5-slots120-dt0.100000,controlled_synthetic_motion,20260828,5,12.0,3506,625,8,2579,0,302,0.625,0.1782658300057045,0.0,0.025,289.6,100.0,1000.0,1375.9999999999993,0.735596120935539,0.08613804905875641,0.8217341699942955,0.1844201829448215,100,0,0,0.0,0.0,0,0,0.0,0.0,0.6710674374457778,0.5460481826778641,13.884125662355826,3.4619283443042447e-07,0.0040824036581440385,0.472607969667667,40,sensing_uncertainty,range_bearing_exact_R,1.0,0.1,0.72,poisson,single,12000,1.2,18.0,70.0,ber,range_bearing_assumed,False,False
kalman_predictive,synthetic-20260828-v5-slots120-dt0.100000,controlled_synthetic_motion,20260828,5,12.0,3506,1642,2100,1587,0,277,1.642,0.46833998859098686,0.0,0.025,715.4689403166869,700.0000000000001,1300.0,1600.0,0.45265259555048487,0.07900741585852823,0.5316600114090131,0.484508704632635,100,0,0,0.0,0.0,0,0,0.0,0.0,0.8028742101282258,0.7981692082509442,12.071120191980715,0.00010876501381818182,0.45473277664050293,0.5720295037180114,94,sensing_uncertainty,range_bearing_exact_R,1.0,0.1,0.72,poisson,single,12000,1.2,18.0,70.0,ber,range_bearing_assumed,False,False
link_lifetime,synthetic-20260828-v5-slots120-dt0.100000,controlled_synthetic_motion,20260828,5,12.0,3506,1660,2327,1599,0,247,1.66,0.4734740444951512,0.0,0.025,728.5542168674699,700.0000000000001,1400.0000000000002,1600.0,0.4560752994865944,0.07045065601825443,0.5265259555048488,0.48982000590144587,100,0,0,0.0,0.0,0,0,0.0,0.0,0.7963379321107175,0.8025210711572659,11.853162009332658,0.00012501653470315232,0.5052685654698249,0.5824606886772973,89,sensing_uncertainty,range_bearing_exact_R,1.0,0.1,0.72,poisson,single,12000,1.2,18.0,70.0,ber,range_bearing_assumed,False,False
oracle,synthetic-20260828-v5-slots120-dt0.100000,controlled_synthetic_motion,20260828,5,12.0,3506,1649,2211,1592,0,265,1.649,0.47033656588705075,0.0,0.025,738.9326864766525,800.0,1300.0,1600.0,0.4540787221905305,0.07558471192241871,0.5296634341129492,0.486574210681617,100,0,0,0.0,0.0,0,0,0.0,0.0,0.8022436970699175,0.8041661399549568,11.898600978957083,0.0001127132708568191,0.4752384941542089,0.5602825656924446,90,sensing_uncertainty,range_bearing_exact_R,1.0,0.1,0.72,poisson,single,12000,1.2,18.0,70.0,ber,range_bearing_assumed,False,False
reactive_greedy,synthetic-20260828-v5-slots120-dt0.100000,controlled_synthetic_motion,20260828,5,12.0,3506,1622,287,1624,0,260,1.622,0.46263548203080435,0.0,0.025,274.5992601726264,200.0,900.0,1300.0,0.4632059326868226,0.07415858528237307,0.5373645179691957,0.4786072587784007,100,0,0,0.0,0.0,0,0,0.0,0.0,0.6698332599225495,0.7700148627258929,16.451540960014462,7.659610088770245e-06,0.06493553344162611,1.4265837850909222,111,sensing_uncertainty,range_bearing_covariance_R,1.0,0.1,0.72,poisson,single,12000,1.2,18.0,70.0,ber,range_bearing_assumed,True,False
proportional_fair,synthetic-20260828-v5-slots120-dt0.100000,controlled_synthetic_motion,20260828,5,12.0,3506,625,8,2579,0,302,0.625,0.1782658300057045,0.0,0.025,289.6,100.0,1000.0,1375.9999999999993,0.735596120935539,0.08613804905875641,0.8217341699942955,0.1844201829448215,100,0,0,0.0,0.0,0,0,0.0,0.0,0.6710674374457778,0.5460481826778641,13.884125662355826,3.4619283443042447e-07,0.0040824036581440385,0.472607969667667,40,sensing_uncertainty,range_bearing_covariance_R,1.0,0.1,0.72,poisson,single,12000,1.2,18.0,70.0,ber,range_bearing_assumed,True,False
kalman_predictive,synthetic-20260828-v5-slots120-dt0.100000,controlled_synthetic_motion,20260828,5,12.0,3506,1621,2199,1609,0,276,1.621,0.4623502567027952,0.0,0.025,724.9228871067243,700.0000000000001,1400.0000000000002,1600.0,0.4589275527666857,0.07872219053051911,0.5376497432972048,0.478312186485689,100,0,0,0.0,0.0,0,0,0.0,0.0,0.7950442129787217,0.7954650358892359,11.966825192413596,0.00011230433972865433,0.4707584494820024,0.562539391115768,91,sensing_uncertainty,range_bearing_covariance_R,1.0,0.1,0.72,poisson,single,12000,1.2,18.0,70.0,ber,range_bearing_assumed,True,False
link_lifetime,synthetic-20260828-v5-slots120-dt0.100000,controlled_synthetic_motion,20260828,5,12.0,3506,1660,2327,1599,0,247,1.66,0.4734740444951512,0.0,0.025,728.5542168674699,700.0000000000001,1400.0000000000002,1600.0,0.4560752994865944,0.07045065601825443,0.5265259555048488,0.48982000590144587,100,0,0,0.0,0.0,0,0,0.0,0.0,0.7963379321107175,0.8025210711572659,11.853162009332658,0.00012501653470315232,0.5052685654698249,0.5824606886772973,89,sensing_uncertainty,range_bearing_covariance_R,1.0,0.1,0.72,poisson,single,12000,1.2,18.0,70.0,ber,range_bearing_assumed,True,False
oracle,synthetic-20260828-v5-slots120-dt0.100000,controlled_synthetic_motion,20260828,5,12.0,3506,1649,2211,1592,0,265,1.649,0.47033656588705075,0.0,0.025,738.9326864766525,800.0,1300.0,1600.0,0.4540787221905305,0.07558471192241871,0.5296634341129492,0.486574210681617,100,0,0,0.0,0.0,0,0,0.0,0.0,0.8022436970699175,0.8041661399549568,11.898600978957083,0.0001127132708568191,0.4752384941542089,0.5602825656924446,90,sensing_uncertainty,range_bearing_covariance_R,1.0,0.1,0.72,poisson,single,12000,1.2,18.0,70.0,ber,range_bearing_assumed,True,False
reactive_greedy,synthetic-20260829-v5-slots120-dt0.100000,controlled_synthetic_motion,20260829,5,12.0,1446,925,41,430,0,91,0.925,0.6396957123098201,0.0,0.18666666666666668,218.9189189189189,200.0,500.0,1000.0,0.29737206085753803,0.06293222683264177,0.3603042876901798,0.7823529411764706,30,0,0,0.0,0.0,0,0,0.0,0.0,0.6156350619682334,0.7559044918411537,13.170857636773588,2.3118877904319354e-06,0.023097455997562858,0.4051390631326056,108,offered_load,load=0.3,1.0,0.1,0.3,poisson,single,12000,1.2,18.0,70.0,ber,perfect,True,False
proportional_fair,synthetic-20260829-v5-slots120-dt0.100000,controlled_synthetic_motion,20260829,5,12.0,1446,633,4,667,0,146,0.633,0.43775933609958506,0.0,0.18666666666666668,400.4739336492891,200.0,1200.0000000000002,1500.0,0.4612724757952974,0.10096818810511757,0.5622406639004149,0.5568627450980392,30,0,0,0.0,0.0,0,0,0.0,0.0,0.6149734097658678,0.6941737950923155,14.550160477087974,1.875514908163106e-07,0.0022337074955205995,0.5996247827021686,43,offered_load,load=0.3,1.0,0.1,0.3,poisson,single,12000,1.2,18.0,70.0,ber,perfect,True,False
kalman_predictive,synthetic-20260829-v5-slots120-dt0.100000,controlled_synthetic_motion,20260829,5,12.0,1446,930,735,409,0,107,0.93,0.6431535269709544,0.0,0.18666666666666668,329.4623655913978,300.00000000000006,900.0,1100.0,0.28284923928077454,0.0739972337482711,0.35684647302904565,0.7705882352941177,44,0,0,0.0,0.0,0,0,0.0,0.0,0.6551826011862828,0.7926181784767758,11.5853093208535,9.42886316140065e-05,0.2543188891265518,0.2882058192446426,92,offered_load,load=0.3,1.0,0.1,0.3,poisson,single,12000,1.2,18.0,70.0,ber,perfect,True,False
link_lifetime,synthetic-20260829-v5-slots120-dt0.100000,controlled_synthetic_motion,20260829,5,12.0,1446,914,914,425,0,107,0.914,0.632088520055325,0.0,0.18666666666666668,342.4507658643326,300.00000000000006,1000.0,1200.0000000000002,0.2939142461964039,0.0739972337482711,0.367911479944675,0.7588235294117647,47,0,0,0.0,0.0,0,0,0.0,0.0,0.6509291797505046,0.7907330141822366,11.370072852813022,0.0001309175378540172,0.2762275585281928,0.2680935846217046,85,offered_load,load=0.3,1.0,0.1,0.3,poisson,single,12000,1.2,18.0,70.0,ber,perfect,True,False
oracle,synthetic-20260829-v5-slots120-dt0.100000,controlled_synthetic_motion,20260829,5,12.0,1446,914,914,425,0,107,0.914,0.632088520055325,0.0,0.18666666666666668,342.4507658643326,300.00000000000006,1000.0,1200.0000000000002,0.2939142461964039,0.0739972337482711,0.367911479944675,0.7588235294117647,47,0,0,0.0,0.0,0,0,0.0,0.0,0.6509291797505046,0.7907330141822366,11.370072852813022,0.0001309175378540172,0.2762275585281928,0.2680935846217046,85,offered_load,load=0.3,1.0,0.1,0.3,poisson,single,12000,1.2,18.0,70.0,ber,perfect,True,False
reactive_greedy,synthetic-20260829-v5-slots120-dt0.100000,controlled_synthetic_motion,20260829,5,12.0,2431,1559,61,731,0,141,1.559,0.6412998765939942,0.0,0.18666666666666668,227.26106478511866,200.0,600.0000000000001,1142.0000000000073,0.3006993006993007,0.05800082270670506,0.35870012340600577,0.7908878504672897,78,0,0,0.0,0.0,0,0,0.0,0.0,0.6171388452646507,0.7472811249085002,13.179033350125003,2.1056544536743647e-06,0.02127116661847309,0.404104852613175,114,offered_load,load=0.5,1.0,0.1,0.5,poisson,single,12000,1.2,18.0,70.0,ber,perfect,True,False
proportional_fair,synthetic-20260829-v5-slots120-dt0.100000,controlled_synthetic_motion,20260829,5,12.0,2431,1107,2,1103,0,221,1.107,0.4553681612505142,0.0,0.18666666666666668,488.256549232159,300.00000000000006,1300.0,1500.0,0.4537227478403949,0.09090909090909091,0.5446318387494858,0.5741822429906542,72,0,0,0.0,0.0,0,0,0.0,0.0,0.6389318887466664,0.7088551452826184,14.271567727898606,3.10642368431321e-07,0.0036818186104459584,0.5681145357422144,42,offered_load,load=0.5,1.0,0.1,0.5,poisson,single,12000,1.2,18.0,70.0,ber,perfect,True,False
kalman_predictive,synthetic-20260829-v5-slots120-dt0.100000,controlled_synthetic_motion,20260829,5,12.0,2431,1576,1109,694,0,161,1.576,0.6482928835870012,0.0,0.18666666666666668,355.52030456852793,300.00000000000006,900.0,1300.0,0.28547922665569725,0.06622788975730153,0.3517071164129988,0.7733644859813084,103,0,0,0.0,0.0,0,0,0.0,0.0,0.6620277895499991,0.7959955127838346,11.505577949425911,9.183297681622064e-05,0.26686476348732513,0.2773956371751218,89,offered_load,load=0.5,1.0,0.1,0.5,poisson,single,12000,1.2,18.0,70.0,ber,perfect,True,False
link_lifetime,synthetic-20260829-v5-slots120-dt0.100000,controlled_synthetic_motion,20260829,5,12.0,2431,1552,1198,718,0,161,1.552,0.6384204031262855,0.0,0.18666666666666668,360.88917525773195,300.00000000000006,1000.0,1300.0,0.295351707116413,0.06622788975730153,0.36157959687371455,0.7610981308411215,105,0,0,0.0,0.0,0,0,0.0,0.0,0.6571552512038413,0.795350067165595,11.456581752206073,0.0001100839437763038,0.2777369186009574,0.2760213085554649,89,offered_load,load=0.5,1.0,0.1,0.5,poisson,single,12000,1.2,18.0,70.0,ber,perfect,True,False
oracle,synthetic-20260829-v5-slots120-dt0.100000,controlled_synthetic_motion,20260829,5,12.0,2431,1552,1198,718,0,161,1.552,0.6384204031262855,0.0,0.18666666666666668,360.88917525773195,300.00000000000006,1000.0,1300.0,0.295351707116413,0.06622788975730153,0.36157959687371455,0.7610981308411215,105,0,0,0.0,0.0,0,0,0.0,0.0,0.6571552512038413,0.795350067165595,11.456581752206073,0.0001100839437763038,0.2777369186009574,0.2760213085554649,89,offered_load,load=0.5,1.0,0.1,0.5,poisson,single,12000,1.2,18.0,70.0,ber,perfect,True,False
reactive_greedy,synthetic-20260829-v5-slots120-dt0.100000,controlled_synthetic_motion,20260829,5,12.0,3380,2078,88,1128,0,174,2.078,0.6147928994082841,0.0,0.18666666666666668,227.3339749759384,200.0,500.0,1000.0,0.3337278106508876,0.051479289940828406,0.385207100591716,0.7775876817792986,101,0,0,0.0,0.0,0,0,0.0,0.0,0.6218322525643961,0.7385727903735975,13.128716584839289,2.0926049050947313e-06,0.021280118198263268,0.39892380227584656,113,offered_load,load=0.7,1.0,0.1,0.7,poisson,single,12000,1.2,18.0,70.0,ber,perfect,True,False
proportional_fair,synthetic-20260829-v5-slots120-dt0.100000,controlled_synthetic_motion,20260829,5,12.0,3380,1414,7,1697,0,269,1.414,0.41834319526627217,0.0,0.18666666666666668,553.8189533239038,400.0,1300.0,1500.0,0.5020710059171598,0.07958579881656805,0.5816568047337278,0.5316509837467921,91,0,0,0.0,0.0,0,0,0.0,0.0,0.6648298518976651,0.7016948287217105,14.033358913228934,3.986710953218483e-07,0.00470920947098767,0.5387334867451367,46,offered_load,load=0.7,1.0,0.1,0.7,poisson,single,12000,1.2,18.0,70.0,ber,perfect,True,False
kalman_predictive,synthetic-20260829-v5-slots120-dt0.100000,controlled_synthetic_motion,20260829,5,12.0,3380,2082,1149,1107,0,191,2.082,0.6159763313609468,0.0,0.18666666666666668,406.628242074928,300.00000000000006,1000.0,1300.0,0.32751479289940827,0.05650887573964497,0.38402366863905324,0.7523524379811805,145,0,0,0.0,0.0,0,0,0.0,0.0,0.6562801760487147,0.7839544236731991,11.58660490816407,9.090264778265356e-05,0.2549994577376303,0.2843760181095274,93,offered_load,load=0.7,1.0,0.1,0.7,poisson,single,12000,1.2,18.0,70.0,ber,perfect,True,False
link_lifetime,synthetic-20260829-v5-slots120-dt0.100000,controlled_synthetic_motion,20260829,5,12.0,3380,2093,1206,1115,0,172,2.093,0.6192307692307693,0.0,0.18666666666666668,430.3870043000478,400.0,1000.0,1307.9999999999927,0.32988165680473375,0.05088757396449704,0.38076923076923075,0.7621899059024807,139,0,0,0.0,0.0,0,0,0.0,0.0,0.6482824909006017,0.7787893212654646,11.54102005252055,0.00011122722598294005,0.2645518911026544,0.28286056500703904,93,offered_load,load=0.7,1.0,0.1,0.7,poisson,single,12000,1.2,18.0,70.0,ber,perfect,True,False
oracle,synthetic-20260829-v5-slots120-dt0.100000,controlled_synthetic_motion,20260829,5,12.0,3380,2093,1206,1115,0,172,2.093,0.6192307692307693,0.0,0.18666666666666668,430.3870043000478,400.0,1000.0,1307.9999999999927,0.32988165680473375,0.05088757396449704,0.38076923076923075,0.7621899059024807,139,0,0,0.0,0.0,0,0,0.0,0.0,0.6482824909006017,0.7787893212654646,11.54102005252055,0.00011122722598294005,0.2645518911026544,0.28286056500703904,93,offered_load,load=0.7,1.0,0.1,0.7,poisson,single,12000,1.2,18.0,70.0,ber,perfect,True,False
reactive_greedy,synthetic-20260829-v5-slots120-dt0.100000,controlled_synthetic_motion,20260829,5,12.0,4428,2796,115,1393,0,239,2.796,0.6314363143631436,0.0,0.18666666666666668,237.08869814020028,200.0,600.0000000000001,1100.0,0.31458897922312556,0.053974706413730804,0.3685636856368564,0.7769646834234808,125,0,0,0.0,0.0,0,0,0.0,0.0,0.5998618822684456,0.7475805702120277,13.071152888759139,2.502360321095498e-06,0.025070540311444938,0.39291728860402986,113,offered_load,load=0.9,1.0,0.1,0.9,poisson,single,12000,1.2,18.0,70.0,ber,perfect,True,False
proportional_fair,synthetic-20260829-v5-slots120-dt0.100000,controlled_synthetic_motion,20260829,5,12.0,4428,1767,11,2277,0,384,1.767,0.3990514905149051,0.0,0.18666666666666668,559.0831918505942,400.0,1400.0000000000002,1600.0,0.5142276422764228,0.08672086720867209,0.6009485094850948,0.4890232262169901,119,0,0,0.0,0.0,0,0,0.0,0.0,0.6886169277780044,0.7024425952998453,13.912029903266989,4.556525619998336e-07,0.00537163435584421,0.5213803268971468,51,offered_load,load=0.9,1.0,0.1,0.9,poisson,single,12000,1.2,18.0,70.0,ber,perfect,True,False
kalman_predictive,synthetic-20260829-v5-slots120-dt0.100000,controlled_synthetic_motion,20260829,5,12.0,4428,2664,1217,1515,0,249,2.664,0.6016260162601627,0.0,0.18666666666666668,498.0105105105105,400.0,1100.0,1400.0000000000002,0.3421409214092141,0.05623306233062331,0.3983739837398374,0.725739739102768,194,0,0,0.0,0.0,0,0,0.0,0.0,0.6200653537665787,0.7831743406713891,11.646955468681915,9.338889120678481e-05,0.2535413255953639,0.2900487348106898,95,offered_load,load=0.9,1.0,0.1,0.9,poisson,single,12000,1.2,18.0,70.0,ber,perfect,True,False
link_lifetime,synthetic-20260829-v5-slots120-dt0.100000,controlled_synthetic_motion,20260829,5,12.0,4428,2648,1262,1529,0,251,2.648,0.5980126467931346,0.0,0.18666666666666668,509.9320241691843,400.0,1165.0000000000093,1400.0000000000002,0.3453026196928636,0.05668473351400181,0.4019873532068654,0.7203308940502704,187,0,0,0.0,0.0,0,0,0.0,0.0,0.6166962324902749,0.7837211503336153,11.622154502689956,0.00010027430737053493,0.2606676060936106,0.2885917730767115,95,offered_load,load=0.9,1.0,0.1,0.9,poisson,single,12000,1.2,18.0,70.0,ber,perfect,True,False
oracle,synthetic-20260829-v5-slots120-dt0.100000,controlled_synthetic_motion,20260829,5,12.0,4428,2648,1262,1529,0,251,2.648,0.5980126467931346,0.0,0.18666666666666668,509.9320241691843,400.0,1165.0000000000093,1400.0000000000002,0.3453026196928636,0.05668473351400181,0.4019873532068654,0.7203308940502704,187,0,0,0.0,0.0,0,0,0.0,0.0,0.6166962324902749,0.7837211503336153,11.622154502689956,0.00010027430737053493,0.2606676060936106,0.2885917730767115,95,offered_load,load=0.9,1.0,0.1,0.9,poisson,single,12000,1.2,18.0,70.0,ber,perfect,True,False
reactive_greedy,synthetic-20260829-v5-slots120-dt0.100000,controlled_synthetic_motion,20260829,5,12.0,5316,3299,131,1693,0,324,3.299,0.6205793829947329,0.0,0.18666666666666668,251.37920581994544,200.0,600.0000000000001,1200.0000000000002,0.31847253574115875,0.060948081264108354,0.37942061700526714,0.7760064847338557,132,0,0,0.0,0.0,0,0,0.0,0.0,0.6077516613714422,0.7429437634286354,13.06271322381563,2.58598664952576e-06,0.025799860600978282,0.3932786939954135,116,offered_load,load=1.1,1.0,0.1,1.1,poisson,single,12000,1.2,18.0,70.0,ber,perfect,True,False
proportional_fair,synthetic-20260829-v5-slots120-dt0.100000,controlled_synthetic_motion,20260829,5,12.0,5316,2151,10,2667,0,498,2.151,0.404627539503386,0.0,0.18666666666666668,525.6159925615992,300.00000000000006,1400.0000000000002,1600.0,0.5016930022573364,0.09367945823927765,0.595372460496614,0.502296676573899,136,0,0,0.0,0.0,0,0,0.0,0.0,0.7011212816205735,0.7109060339503207,14.029448762268803,4.964960850342792e-07,0.005837619259391524,0.5323966931841979,65,offered_load,load=1.1,1.0,0.1,1.1,poisson,single,12000,1.2,18.0,70.0,ber,perfect,True,False
kalman_predictive,synthetic-20260829-v5-slots120-dt0.100000,controlled_synthetic_motion,20260829,5,12.0,5316,3100,1276,1878,0,338,3.1,0.5831452219714071,0.0,0.18666666666666668,567.9677419354839,500.0,1200.0000000000002,1500.0,0.35327313769751695,0.063581640331076,0.41685477802859294,0.7027830316130775,218,0,0,0.0,0.0,0,0,0.0,0.0,0.6463911063040957,0.7841776191609899,11.675930919104047,8.784454511738187e-05,0.2580774128568359,0.2952144499302603,90,offered_load,load=1.1,1.0,0.1,1.1,poisson,single,12000,1.2,18.0,70.0,ber,perfect,True,False
link_lifetime,synthetic-20260829-v5-slots120-dt0.100000,controlled_synthetic_motion,20260829,5,12.0,5316,3185,1264,1797,0,334,3.185,0.5991346877351392,0.0,0.18666666666666668,582.574568288854,500.0,1200.0000000000002,1400.0000000000002,0.33803611738148986,0.06282919488337095,0.4008653122648608,0.7298027560118887,186,0,0,0.0,0.0,0,0,0.0,0.0,0.6443508598088397,0.7795048175998875,11.744625367628636,9.80014041016579e-05,0.2569359436504522,0.30355500807120034,96,offered_load,load=1.1,1.0,0.1,1.1,poisson,single,12000,1.2,18.0,70.0,ber,perfect,True,False
oracle,synthetic-20260829-v5-slots120-dt0.100000,controlled_synthetic_motion,20260829,5,12.0,5316,3181,1260,1802,0,333,3.181,0.5983822422874342,0.0,0.18666666666666668,579.5347375039296,500.0,1200.0000000000002,1419.999999999982,0.33897667419112115,0.0626410835214447,0.40161775771256586,0.7298027560118887,186,0,0,0.0,0.0,0,0,0.0,0.0,0.6435214984439437,0.7787343315840486,11.74501661412985,9.797145984949755e-05,0.25667426701747226,0.30371264485899313,92,offered_load,load=1.1,1.0,0.1,1.1,poisson,single,12000,1.2,18.0,70.0,ber,perfect,True,False
reactive_greedy,synthetic-20260829-v5-slots120-dt0.100000,controlled_synthetic_motion,20260829,5,12.0,3487,2224,124,1073,0,190,2.224,0.6377975336965873,0.0,0.18666666666666668,234.3974820143885,200.0,600.0000000000001,1100.0,0.3077143676512762,0.05448809865213651,0.3622024663034127,0.7854560064282845,90,0,0,0.0,0.0,0,0,0.0,0.0,0.6021773060524823,0.7427078682484751,13.07132058220172,2.865956589317804e-06,0.027363915238337137,0.3933588618659398,110,prediction_horizon,horizon_s=0.1,0.1,0.1,0.72,poisson,single,12000,1.2,18.0,70.0,ber,perfect,True,False
proportional_fair,synthetic-20260829-v5-slots120-dt0.100000,controlled_synthetic_motion,20260829,5,12.0,3487,1441,4,1751,0,295,1.441,0.41324921135646686,0.0,0.18666666666666668,528.2442748091603,300.00000000000006,1400.0000000000002,1500.0,0.5021508459994264,0.08459994264410668,0.5867507886435331,0.5130574527922861,80,0,0,0.0,0.0,0,0,0.0,0.0,0.6743167872805771,0.6951681663685317,14.217337845253331,3.9104966488965495e-07,0.0046180358609130955,0.5601622612734161,50,prediction_horizon,horizon_s=0.1,0.1,0.1,0.72,poisson,single,12000,1.2,18.0,70.0,ber,perfect,True,False
kalman_predictive,synthetic-20260829-v5-slots120-dt0.100000,controlled_synthetic_motion,20260829,5,12.0,3487,2286,1245,997,0,204,2.286,0.6555778606251792,0.0,0.18666666666666668,401.4435695538058,300.00000000000006,900.0,1300.0,0.2859191281904216,0.0585030111843992,0.34442213937482075,0.7926878264363199,96,0,0,0.0,0.0,0,0,0.0,0.0,0.6441627406459629,0.7852035671368696,11.645208521867358,9.219303361602208e-05,0.26552079862280636,0.29414534942464116,91,prediction_horizon,horizon_s=0.1,0.1,0.1,0.72,poisson,single,12000,1.2,18.0,70.0,ber,perfect,True,False
link_lifetime,synthetic-20260829-v5-slots120-dt0.100000,controlled_synthetic_motion,20260829,5,12.0,3487,2302,1274,988,0,197,2.302,0.6601663320906224,0.0,0.18666666666666668,413.5968722849696,300.00000000000006,900.0,1300.0,0.28333811299110984,0.056495554918267854,0.3398336679093777,0.8031337886701486,83,0,0,0.0,0.0,0,0,0.0,0.0,0.6392184441016003,0.7808318828797371,11.693843825596968,9.986366622996406e-05,0.269363337795594,0.3014680510850851,96,prediction_horizon,horizon_s=0.1,0.1,0.1,0.72,poisson,single,12000,1.2,18.0,70.0,ber,perfect,True,False
oracle,synthetic-20260829-v5-slots120-dt0.100000,controlled_synthetic_motion,20260829,5,12.0,3487,2302,1274,988,0,197,2.302,0.6601663320906224,0.0,0.18666666666666668,413.5968722849696,300.00000000000006,900.0,1300.0,0.28333811299110984,0.056495554918267854,0.3398336679093777,0.8031337886701486,83,0,0,0.0,0.0,0,0,0.0,0.0,0.6392184441016003,0.7808318828797371,11.693843825596968,9.986366622996406e-05,0.269363337795594,0.3014680510850851,96,prediction_horizon,horizon_s=0.1,0.1,0.1,0.72,poisson,single,12000,1.2,18.0,70.0,ber,perfect,True,False
reactive_greedy,synthetic-20260829-v5-slots120-dt0.100000,controlled_synthetic_motion,20260829,5,12.0,3487,2224,124,1073,0,190,2.224,0.6377975336965873,0.0,0.18666666666666668,234.3974820143885,200.0,600.0000000000001,1100.0,0.3077143676512762,0.05448809865213651,0.3622024663034127,0.7854560064282845,90,0,0,0.0,0.0,0,0,0.0,0.0,0.6021773060524823,0.7427078682484751,13.07132058220172,2.865956589317804e-06,0.027363915238337137,0.3933588618659398,110,prediction_horizon,horizon_s=0.3,0.30000000000000004,0.1,0.72,poisson,single,12000,1.2,18.0,70.0,ber,perfect,True,False
proportional_fair,synthetic-20260829-v5-slots120-dt0.100000,controlled_synthetic_motion,20260829,5,12.0,3487,1441,4,1751,0,295,1.441,0.41324921135646686,0.0,0.18666666666666668,528.2442748091603,300.00000000000006,1400.0000000000002,1500.0,0.5021508459994264,0.08459994264410668,0.5867507886435331,0.5130574527922861,80,0,0,0.0,0.0,0,0,0.0,0.0,0.6743167872805771,0.6951681663685317,14.217337845253331,3.9104966488965495e-07,0.0046180358609130955,0.5601622612734161,50,prediction_horizon,horizon_s=0.3,0.30000000000000004,0.1,0.72,poisson,single,12000,1.2,18.0,70.0,ber,perfect,True,False
kalman_predictive,synthetic-20260829-v5-slots120-dt0.100000,controlled_synthetic_motion,20260829,5,12.0,3487,2267,1235,1006,0,214,2.267,0.6501290507599656,0.0,0.18666666666666668,417.5562417291575,400.0,1000.0,1300.0,0.2885001433897333,0.06137080585030112,0.3498709492400344,0.7826436319807152,90,0,0,0.0,0.0,0,0,0.0,0.0,0.6468082080493455,0.7916791855672964,11.651933493290697,8.836254637860019e-05,0.259020752412161,0.29276128852633393,95,prediction_horizon,horizon_s=0.3,0.30000000000000004,0.1,0.72,poisson,single,12000,1.2,18.0,70.0,ber,perfect,True,False
link_lifetime,synthetic-20260829-v5-slots120-dt0.100000,controlled_synthetic_motion,20260829,5,12.0,3487,2282,1270,1004,0,201,2.282,0.6544307427588185,0.0,0.18666666666666668,414.4609991235758,300.00000000000006,1000.0,1300.0,0.2879265844565529,0.05764267278462862,0.34556925724118154,0.7938931297709924,101,0,0,0.0,0.0,0,0,0.0,0.0,0.6381245657525669,0.7821258571384899,11.629189754170465,9.995142494842114e-05,0.2701899161033158,0.2941043536584802,93,prediction_horizon,horizon_s=0.3,0.30000000000000004,0.1,0.72,poisson,single,12000,1.2,18.0,70.0,ber,perfect,True,False
oracle,synthetic-20260829-v5-slots120-dt0.100000,controlled_synthetic_motion,20260829,5,12.0,3487,2282,1270,1004,0,201,2.282,0.6544307427588185,0.0,0.18666666666666668,414.4609991235758,300.00000000000006,1000.0,1300.0,0.2879265844565529,0.05764267278462862,0.34556925724118154,0.7938931297709924,101,0,0,0.0,0.0,0,0,0.0,0.0,0.6381245657525669,0.7821258571384899,11.629189754170465,9.995142494842114e-05,0.2701899161033158,0.2941043536584802,93,prediction_horizon,horizon_s=0.3,0.30000000000000004,0.1,0.72,poisson,single,12000,1.2,18.0,70.0,ber,perfect,True,False
reactive_greedy,synthetic-20260829-v5-slots120-dt0.100000,controlled_synthetic_motion,20260829,5,12.0,3487,2224,124,1073,0,190,2.224,0.6377975336965873,0.0,0.18666666666666668,234.3974820143885,200.0,600.0000000000001,1100.0,0.3077143676512762,0.05448809865213651,0.3622024663034127,0.7854560064282845,90,0,0,0.0,0.0,0,0,0.0,0.0,0.6021773060524823,0.7427078682484751,13.07132058220172,2.865956589317804e-06,0.027363915238337137,0.3933588618659398,110,prediction_horizon,horizon_s=0.5,0.5,0.1,0.72,poisson,single,12000,1.2,18.0,70.0,ber,perfect,True,False
proportional_fair,synthetic-20260829-v5-slots120-dt0.100000,controlled_synthetic_motion,20260829,5,12.0,3487,1441,4,1751,0,295,1.441,0.41324921135646686,0.0,0.18666666666666668,528.2442748091603,300.00000000000006,1400.0000000000002,1500.0,0.5021508459994264,0.08459994264410668,0.5867507886435331,0.5130574527922861,80,0,0,0.0,0.0,0,0,0.0,0.0,0.6743167872805771,0.6951681663685317,14.217337845253331,3.9104966488965495e-07,0.0046180358609130955,0.5601622612734161,50,prediction_horizon,horizon_s=0.5,0.5,0.1,0.72,poisson,single,12000,1.2,18.0,70.0,ber,perfect,True,False
kalman_predictive,synthetic-20260829-v5-slots120-dt0.100000,controlled_synthetic_motion,20260829,5,12.0,3487,2251,1232,1032,0,204,2.251,0.6455405792945225,0.0,0.18666666666666668,413.8605064415815,300.00000000000006,1000.0,1300.0,0.29595640952107827,0.0585030111843992,0.3544594207054775,0.7770188830855765,118,0,0,0.0,0.0,0,0,0.0,0.0,0.6415439847508304,0.7887819832134614,11.616311655803845,8.97203418026153e-05,0.2596276385332125,0.2878757725342593,91,prediction_horizon,horizon_s=0.5,0.5,0.1,0.72,poisson,single,12000,1.2,18.0,70.0,ber,perfect,True,False
link_lifetime,synthetic-20260829-v5-slots120-dt0.100000,controlled_synthetic_motion,20260829,5,12.0,3487,2247,1239,1036,0,204,2.247,0.6443934614281618,0.0,0.18666666666666668,422.65242545616377,400.0,1000.0,1400.0000000000002,0.29710352738743906,0.0585030111843992,0.35560653857183827,0.7762153475291281,108,0,0,0.0,0.0,0,0,0.0,0.0,0.6387031401899661,0.7886614313670135,11.606340311931323,9.63553860842542e-05,0.2614392557545202,0.28724695476449574,91,prediction_horizon,horizon_s=0.5,0.5,0.1,0.72,poisson,single,12000,1.2,18.0,70.0,ber,perfect,True,False
oracle,synthetic-20260829-v5-slots120-dt0.100000,controlled_synthetic_motion,20260829,5,12.0,3487,2247,1239,1036,0,204,2.247,0.6443934614281618,0.0,0.18666666666666668,422.65242545616377,400.0,1000.0,1400.0000000000002,0.29710352738743906,0.0585030111843992,0.35560653857183827,0.7762153475291281,108,0,0,0.0,0.0,0,0,0.0,0.0,0.6387031401899661,0.7886614313670135,11.606340311931323,9.63553860842542e-05,0.2614392557545202,0.28724695476449574,91,prediction_horizon,horizon_s=0.5,0.5,0.1,0.72,poisson,single,12000,1.2,18.0,70.0,ber,perfect,True,False
reactive_greedy,synthetic-20260829-v5-slots120-dt0.100000,controlled_synthetic_motion,20260829,5,12.0,3487,2224,124,1073,0,190,2.224,0.6377975336965873,0.0,0.18666666666666668,234.3974820143885,200.0,600.0000000000001,1100.0,0.3077143676512762,0.05448809865213651,0.3622024663034127,0.7854560064282845,90,0,0,0.0,0.0,0,0,0.0,0.0,0.6021773060524823,0.7427078682484751,13.07132058220172,2.865956589317804e-06,0.027363915238337137,0.3933588618659398,110,prediction_horizon,horizon_s=1,1.0,0.1,0.72,poisson,single,12000,1.2,18.0,70.0,ber,perfect,True,False
proportional_fair,synthetic-20260829-v5-slots120-dt0.100000,controlled_synthetic_motion,20260829,5,12.0,3487,1441,4,1751,0,295,1.441,0.41324921135646686,0.0,0.18666666666666668,528.2442748091603,300.00000000000006,1400.0000000000002,1500.0,0.5021508459994264,0.08459994264410668,0.5867507886435331,0.5130574527922861,80,0,0,0.0,0.0,0,0,0.0,0.0,0.6743167872805771,0.6951681663685317,14.217337845253331,3.9104966488965495e-07,0.0046180358609130955,0.5601622612734161,50,prediction_horizon,horizon_s=1,1.0,0.1,0.72,poisson,single,12000,1.2,18.0,70.0,ber,perfect,True,False
kalman_predictive,synthetic-20260829-v5-slots120-dt0.100000,controlled_synthetic_motion,20260829,5,12.0,3487,2242,1229,1048,0,197,2.242,0.6429595640952108,0.0,0.18666666666666668,431.08831400535234,400.0,1000.0,1300.0,0.3005448809865214,0.056495554918267854,0.35704043590478923,0.7754118119726798,118,0,0,0.0,0.0,0,0,0.0,0.0,0.6311076290668666,0.7862674132534756,11.612419779498838,9.07991266269142e-05,0.26031476168721873,0.2878836805449725,91,prediction_horizon,horizon_s=1,1.0,0.1,0.72,poisson,single,12000,1.2,18.0,70.0,ber,perfect,True,False
link_lifetime,synthetic-20260829-v5-slots120-dt0.100000,controlled_synthetic_motion,20260829,5,12.0,3487,2235,1260,1051,0,201,2.235,0.6409521078290794,0.0,0.18666666666666668,442.0134228187919,400.0,1100.0,1400.0000000000002,0.30140521938629194,0.05764267278462862,0.35904789217092054,0.7725994375251105,116,0,0,0.0,0.0,0,0,0.0,0.0,0.6425094426626347,0.7886336809833184,11.579289223067024,0.00010242517459896236,0.26997508716187835,0.286347982488336,92,prediction_horizon,horizon_s=1,1.0,0.1,0.72,poisson,single,12000,1.2,18.0,70.0,ber,perfect,True,False
oracle,synthetic-20260829-v5-slots120-dt0.100000,controlled_synthetic_motion,20260829,5,12.0,3487,2235,1260,1051,0,201,2.235,0.6409521078290794,0.0,0.18666666666666668,442.0134228187919,400.0,1100.0,1400.0000000000002,0.30140521938629194,0.05764267278462862,0.35904789217092054,0.7725994375251105,116,0,0,0.0,0.0,0,0,0.0,0.0,0.6425094426626347,0.7886336809833184,11.579289223067024,0.00010242517459896236,0.26997508716187835,0.286347982488336,92,prediction_horizon,horizon_s=1,1.0,0.1,0.72,poisson,single,12000,1.2,18.0,70.0,ber,perfect,True,False
reactive_greedy,synthetic-20260829-v5-slots120-dt0.100000,controlled_synthetic_motion,20260829,5,12.0,3487,2224,124,1073,0,190,2.224,0.6377975336965873,0.0,0.18666666666666668,234.3974820143885,200.0,600.0000000000001,1100.0,0.3077143676512762,0.05448809865213651,0.3622024663034127,0.7854560064282845,90,0,0,0.0,0.0,0,0,0.0,0.0,0.6021773060524823,0.7427078682484751,13.07132058220172,2.865956589317804e-06,0.027363915238337137,0.3933588618659398,110,prediction_horizon,horizon_s=2,2.0,0.1,0.72,poisson,single,12000,1.2,18.0,70.0,ber,perfect,True,False
proportional_fair,synthetic-20260829-v5-slots120-dt0.100000,controlled_synthetic_motion,20260829,5,12.0,3487,1441,4,1751,0,295,1.441,0.41324921135646686,0.0,0.18666666666666668,528.2442748091603,300.00000000000006,1400.0000000000002,1500.0,0.5021508459994264,0.08459994264410668,0.5867507886435331,0.5130574527922861,80,0,0,0.0,0.0,0,0,0.0,0.0,0.6743167872805771,0.6951681663685317,14.217337845253331,3.9104966488965495e-07,0.0046180358609130955,0.5601622612734161,50,prediction_horizon,horizon_s=2,2.0,0.1,0.72,poisson,single,12000,1.2,18.0,70.0,ber,perfect,True,False
kalman_predictive,synthetic-20260829-v5-slots120-dt0.100000,controlled_synthetic_motion,20260829,5,12.0,3487,2178,1264,1105,0,204,2.178,0.6246056782334385,0.0,0.18666666666666668,453.9485766758494,300.00000000000006,1100.0,1400.0000000000002,0.3168913105821623,0.0585030111843992,0.3753943217665615,0.74568099638409,126,0,0,0.0,0.0,0,0,0.0,0.0,0.639619977859908,0.7930903742017494,11.509401022199082,9.518857838548932e-05,0.2698349681420108,0.2771594119212896,87,prediction_horizon,horizon_s=2,2.0,0.1,0.72,poisson,single,12000,1.2,18.0,70.0,ber,perfect,True,False
link_lifetime,synthetic-20260829-v5-slots120-dt0.100000,controlled_synthetic_motion,20260829,5,12.0,3487,2191,1309,1082,0,214,2.191,0.628333811299111,0.0,0.18666666666666668,474.2126882701963,400.0,1100.0,1400.0000000000002,0.3102953828505879,0.06137080585030112,0.371666188700889,0.7557251908396947,110,0,0,0.0,0.0,0,0,0.0,0.0,0.6397847606545142,0.7905032296031695,11.545639976055643,0.00011350942478516963,0.2775103563200824,0.2854547606792811,88,prediction_horizon,horizon_s=2,2.0,0.1,0.72,poisson,single,12000,1.2,18.0,70.0,ber,perfect,True,False
oracle,synthetic-20260829-v5-slots120-dt0.100000,controlled_synthetic_motion,20260829,5,12.0,3487,2191,1309,1082,0,214,2.191,0.628333811299111,0.0,0.18666666666666668,474.2126882701963,400.0,1100.0,1400.0000000000002,0.3102953828505879,0.06137080585030112,0.371666188700889,0.7557251908396947,110,0,0,0.0,0.0,0,0,0.0,0.0,0.6397847606545142,0.7905032296031695,11.545639976055643,0.00011350942478516963,0.2775103563200824,0.2854547606792811,88,prediction_horizon,horizon_s=2,2.0,0.1,0.72,poisson,single,12000,1.2,18.0,70.0,ber,perfect,True,False
reactive_greedy,synthetic-20260829-v5-slots240-dt0.050000,controlled_synthetic_motion,20260829,5,6.0,1725,1015,0,548,0,162,2.03,0.5884057971014492,0.0,0.16333333333333333,95.91133004926108,100.0,200.0,250.0,0.31768115942028985,0.09391304347826086,0.4115942028985507,0.7317952415284787,2,0,0,0.0,0.0,0,0,0.0,0.0,0.5398922023577132,0.5999677371352429,13.692929657505204,1.6339420930801597e-08,0.00019587499879359768,0.406778261800814,113,slot_duration,slot_s=0.05,1.0,0.05,0.72,poisson,single,12000,1.2,18.0,70.0,ber,perfect,True,False
proportional_fair,synthetic-20260829-v5-slots240-dt0.050000,controlled_synthetic_motion,20260829,5,6.0,1725,804,0,680,0,241,1.608,0.46608695652173915,0.0,0.16333333333333333,490.85820895522386,400.0,1250.0,1450.0000000000002,0.39420289855072466,0.13971014492753622,0.5339130434782609,0.5796683489545782,2,0,0,0.0,0.0,0,0,0.0,0.0,0.592949723437629,0.5699020324889577,12.855713756613529,4.2982388709908496e-08,0.0005152488676242915,0.3256195559179212,58,slot_duration,slot_s=0.05,1.0,0.05,0.72,poisson,single,12000,1.2,18.0,70.0,ber,perfect,True,False
kalman_predictive,synthetic-20260829-v5-slots240-dt0.050000,controlled_synthetic_motion,20260829,5,6.0,1725,940,856,494,0,291,1.88,0.5449275362318841,0.0,0.16333333333333333,252.5,150.00000000000003,900.0,1180.500000000001,0.2863768115942029,0.16869565217391305,0.45507246376811594,0.6777217015140591,2,0,0,0.0,0.0,0,0,0.0,0.0,0.6020591020897638,0.6649344334184807,11.581146650453883,0.0001577689291788783,0.3596747884275729,0.2744480945226007,94,slot_duration,slot_s=0.05,1.0,0.05,0.72,poisson,single,12000,1.2,18.0,70.0,ber,perfect,True,False
link_lifetime,synthetic-20260829-v5-slots240-dt0.050000,controlled_synthetic_motion,20260829,5,6.0,1725,940,856,494,0,291,1.88,0.5449275362318841,0.0,0.16333333333333333,252.5,150.00000000000003,900.0,1180.500000000001,0.2863768115942029,0.16869565217391305,0.45507246376811594,0.6777217015140591,2,0,0,0.0,0.0,0,0,0.0,0.0,0.6020591020897638,0.6649344334184807,11.581146650453883,0.0001577689291788783,0.3596747884275729,0.2744480945226007,94,slot_duration,slot_s=0.05,1.0,0.05,0.72,poisson,single,12000,1.2,18.0,70.0,ber,perfect,True,False
oracle,synthetic-20260829-v5-slots240-dt0.050000,controlled_synthetic_motion,20260829,5,6.0,1725,940,856,494,0,291,1.88,0.5449275362318841,0.0,0.16333333333333333,252.5,150.00000000000003,900.0,1180.500000000001,0.2863768115942029,0.16869565217391305,0.45507246376811594,0.6777217015140591,2,0,0,0.0,0.0,0,0,0.0,0.0,0.6020591020897638,0.6649344334184807,11.581146650453883,0.0001577689291788783,0.3596747884275729,0.2744480945226007,94,slot_duration,slot_s=0.05,1.0,0.05,0.72,poisson,single,12000,1.2,18.0,70.0,ber,perfect,True,False
reactive_greedy,synthetic-20260829-v5-slots120-dt0.100000,controlled_synthetic_motion,20260829,5,12.0,3487,2224,124,1073,0,190,2.224,0.6377975336965873,0.0,0.18666666666666668,234.3974820143885,200.0,600.0000000000001,1100.0,0.3077143676512762,0.05448809865213651,0.3622024663034127,0.7854560064282845,90,0,0,0.0,0.0,0,0,0.0,0.0,0.6021773060524823,0.7427078682484751,13.07132058220172,2.865956589317804e-06,0.027363915238337137,0.3933588618659398,110,slot_duration,slot_s=0.1,1.0,0.1,0.72,poisson,single,12000,1.2,18.0,70.0,ber,perfect,True,False
proportional_fair,synthetic-20260829-v5-slots120-dt0.100000,controlled_synthetic_motion,20260829,5,12.0,3487,1441,4,1751,0,295,1.441,0.41324921135646686,0.0,0.18666666666666668,528.2442748091603,300.00000000000006,1400.0000000000002,1500.0,0.5021508459994264,0.08459994264410668,0.5867507886435331,0.5130574527922861,80,0,0,0.0,0.0,0,0,0.0,0.0,0.6743167872805771,0.6951681663685317,14.217337845253331,3.9104966488965495e-07,0.0046180358609130955,0.5601622612734161,50,slot_duration,slot_s=0.1,1.0,0.1,0.72,poisson,single,12000,1.2,18.0,70.0,ber,perfect,True,False
kalman_predictive,synthetic-20260829-v5-slots120-dt0.100000,controlled_synthetic_motion,20260829,5,12.0,3487,2242,1229,1048,0,197,2.242,0.6429595640952108,0.0,0.18666666666666668,431.08831400535234,400.0,1000.0,1300.0,0.3005448809865214,0.056495554918267854,0.35704043590478923,0.7754118119726798,118,0,0,0.0,0.0,0,0,0.0,0.0,0.6311076290668666,0.7862674132534756,11.612419779498838,9.07991266269142e-05,0.26031476168721873,0.2878836805449725,91,slot_duration,slot_s=0.1,1.0,0.1,0.72,poisson,single,12000,1.2,18.0,70.0,ber,perfect,True,False
link_lifetime,synthetic-20260829-v5-slots120-dt0.100000,controlled_synthetic_motion,20260829,5,12.0,3487,2235,1260,1051,0,201,2.235,0.6409521078290794,0.0,0.18666666666666668,442.0134228187919,400.0,1100.0,1400.0000000000002,0.30140521938629194,0.05764267278462862,0.35904789217092054,0.7725994375251105,116,0,0,0.0,0.0,0,0,0.0,0.0,0.6425094426626347,0.7886336809833184,11.579289223067024,0.00010242517459896236,0.26997508716187835,0.286347982488336,92,slot_duration,slot_s=0.1,1.0,0.1,0.72,poisson,single,12000,1.2,18.0,70.0,ber,perfect,True,False
oracle,synthetic-20260829-v5-slots120-dt0.100000,controlled_synthetic_motion,20260829,5,12.0,3487,2235,1260,1051,0,201,2.235,0.6409521078290794,0.0,0.18666666666666668,442.0134228187919,400.0,1100.0,1400.0000000000002,0.30140521938629194,0.05764267278462862,0.35904789217092054,0.7725994375251105,116,0,0,0.0,0.0,0,0,0.0,0.0,0.6425094426626347,0.7886336809833184,11.579289223067024,0.00010242517459896236,0.26997508716187835,0.286347982488336,92,slot_duration,slot_s=0.1,1.0,0.1,0.72,poisson,single,12000,1.2,18.0,70.0,ber,perfect,True,False
reactive_greedy,synthetic-20260829-v5-slots60-dt0.200000,controlled_synthetic_motion,20260829,5,12.0,3601,2148,73,1229,0,224,2.148,0.5965009719522355,0.0,0.2,408.7523277467412,400.0,1000.0,1200.0000000000002,0.34129408497639546,0.06220494307136906,0.4034990280477645,0.7677606979642708,126,0,0,0.0,0.0,0,0,0.0,0.0,0.5760179775280899,0.7386977065630752,13.022024125323716,2.1176212135971168e-06,0.02166117539430941,0.3933362873936873,57,slot_duration,slot_s=0.2,1.0,0.2,0.72,poisson,single,12000,1.2,18.0,70.0,ber,perfect,True,False
proportional_fair,synthetic-20260829-v5-slots60-dt0.200000,controlled_synthetic_motion,20260829,5,12.0,3601,1321,12,1915,0,365,1.321,0.3668425437378506,0.0,0.2,581.0749432248297,400.0,1400.0000000000002,1800.0,0.5317967231324632,0.1013607331296862,0.6331574562621494,0.4428749480681346,126,0,0,0.0,0.0,0,0,0.0,0.0,0.7459623864250859,0.7424537705667229,13.649943154924953,7.529973688500522e-07,0.008812681908493677,0.49629923098849654,25,slot_duration,slot_s=0.2,1.0,0.2,0.72,poisson,single,12000,1.2,18.0,70.0,ber,perfect,True,False
kalman_predictive,synthetic-20260829-v5-slots60-dt0.200000,controlled_synthetic_motion,20260829,5,12.0,3601,2072,925,1298,0,231,2.072,0.5753957234101639,0.0,0.2,581.7567567567568,600.0000000000001,1400.0000000000002,1600.0,0.3604554290474868,0.06414884754234934,0.4246042765898362,0.705442459493145,154,0,0,0.0,0.0,0,0,0.0,0.0,0.6079206126240427,0.7785869951079294,11.684897185549826,7.873544917642535e-05,0.2147795394379118,0.2907274649382384,45,slot_duration,slot_s=0.2,1.0,0.2,0.72,poisson,single,12000,1.2,18.0,70.0,ber,perfect,True,False
link_lifetime,synthetic-20260829-v5-slots60-dt0.200000,controlled_synthetic_motion,20260829,5,12.0,3601,2072,925,1298,0,231,2.072,0.5753957234101639,0.0,0.2,581.7567567567568,600.0000000000001,1400.0000000000002,1600.0,0.3604554290474868,0.06414884754234934,0.4246042765898362,0.705442459493145,154,0,0,0.0,0.0,0,0,0.0,0.0,0.6079206126240427,0.7785869951079294,11.684897185549826,7.873544917642535e-05,0.2147795394379118,0.2907274649382384,45,slot_duration,slot_s=0.2,1.0,0.2,0.72,poisson,single,12000,1.2,18.0,70.0,ber,perfect,True,False
oracle,synthetic-20260829-v5-slots60-dt0.200000,controlled_synthetic_motion,20260829,5,12.0,3601,2072,925,1298,0,231,2.072,0.5753957234101639,0.0,0.2,581.7567567567568,600.0000000000001,1400.0000000000002,1600.0,0.3604554290474868,0.06414884754234934,0.4246042765898362,0.705442459493145,154,0,0,0.0,0.0,0,0,0.0,0.0,0.6079206126240427,0.7785869951079294,11.684897185549826,7.873544917642535e-05,0.2147795394379118,0.2907274649382384,45,slot_duration,slot_s=0.2,1.0,0.2,0.72,poisson,single,12000,1.2,18.0,70.0,ber,perfect,True,False
reactive_greedy,synthetic-20260829-v3-slots120-dt0.100000,controlled_synthetic_motion,20260829,3,12.0,3427,3092,34,136,0,199,3.092,0.9022468631456084,0.0,0.058333333333333334,190.58861578266493,200.0,400.0,509.00000000001455,0.039684855558797784,0.05806828129559381,0.09775313685439159,0.9510919717010151,33,0,0,0.0,0.0,0,0,0.0,0.0,0.8332556769760493,0.9894723257271689,13.224214495691472,1.2071621705859309e-06,0.012564107569582003,0.40607137492494105,97,vehicle_count,vehicles=3,1.0,0.1,0.72,poisson,single,12000,1.2,18.0,70.0,ber,perfect,True,False
proportional_fair,synthetic-20260829-v3-slots120-dt0.100000,controlled_synthetic_motion,20260829,3,12.0,3427,2459,0,769,0,199,2.459,0.7175372045520864,0.0,0.058333333333333334,562.545750305002,400.0,1400.0000000000002,1500.0,0.2243945141523198,0.05806828129559381,0.28246279544791364,0.7563826514918487,17,0,0,0.0,0.0,0,0,0.0,0.0,0.8509827631363585,0.9723804292464866,14.039437629209507,1.1619322142266926e-07,0.0013900704240607,0.5244226607587154,66,vehicle_count,vehicles=3,1.0,0.1,0.72,poisson,single,12000,1.2,18.0,70.0,ber,perfect,True,False
kalman_predictive,synthetic-20260829-v3-slots120-dt0.100000,controlled_synthetic_motion,20260829,3,12.0,3427,3077,56,155,0,195,3.077,0.8978698570177999,0.0,0.058333333333333334,192.85017874553137,200.0,400.0,500.0,0.04522906332068865,0.056901079661511526,0.10213014298220018,0.9464780067671485,67,0,0,0.0,0.0,0,0,0.0,0.0,0.8311900706630986,0.9875074339103976,13.221117756353829,1.7303755354751928e-06,0.01673370776803195,0.4079679386047483,99,vehicle_count,vehicles=3,1.0,0.1,0.72,poisson,single,12000,1.2,18.0,70.0,ber,perfect,True,False
link_lifetime,synthetic-20260829-v3-slots120-dt0.100000,controlled_synthetic_motion,20260829,3,12.0,3427,3128,60,106,0,193,3.128,0.912751677852349,0.0,0.058333333333333334,196.3235294117647,200.0,400.0,600.0000000000001,0.030930843303180626,0.05631747884447038,0.087248322147651,0.9621654875422947,24,0,0,0.0,0.0,0,0,0.0,0.0,0.8419694634548479,0.9916284223304623,13.31539904992681,2.1315459988485805e-06,0.02004947841679269,0.42204551929480477,103,vehicle_count,vehicles=3,1.0,0.1,0.72,poisson,single,12000,1.2,18.0,70.0,ber,perfect,True,False
oracle,synthetic-20260829-v3-slots120-dt0.100000,controlled_synthetic_motion,20260829,3,12.0,3427,3128,60,106,0,193,3.128,0.912751677852349,0.0,0.058333333333333334,196.3235294117647,200.0,400.0,600.0000000000001,0.030930843303180626,0.05631747884447038,0.087248322147651,0.9621654875422947,24,0,0,0.0,0.0,0,0,0.0,0.0,0.8419694634548479,0.9916284223304623,13.31539904992681,2.1315459988485805e-06,0.02004947841679269,0.42204551929480477,103,vehicle_count,vehicles=3,1.0,0.1,0.72,poisson,single,12000,1.2,18.0,70.0,ber,perfect,True,False
reactive_greedy,synthetic-20260829-v5-slots120-dt0.100000,controlled_synthetic_motion,20260829,5,12.0,3487,2224,124,1073,0,190,2.224,0.6377975336965873,0.0,0.18666666666666668,234.3974820143885,200.0,600.0000000000001,1100.0,0.3077143676512762,0.05448809865213651,0.3622024663034127,0.7854560064282845,90,0,0,0.0,0.0,0,0,0.0,0.0,0.6021773060524823,0.7427078682484751,13.07132058220172,2.865956589317804e-06,0.027363915238337137,0.3933588618659398,110,vehicle_count,vehicles=5,1.0,0.1,0.72,poisson,single,12000,1.2,18.0,70.0,ber,perfect,True,False
proportional_fair,synthetic-20260829-v5-slots120-dt0.100000,controlled_synthetic_motion,20260829,5,12.0,3487,1441,4,1751,0,295,1.441,0.41324921135646686,0.0,0.18666666666666668,528.2442748091603,300.00000000000006,1400.0000000000002,1500.0,0.5021508459994264,0.08459994264410668,0.5867507886435331,0.5130574527922861,80,0,0,0.0,0.0,0,0,0.0,0.0,0.6743167872805771,0.6951681663685317,14.217337845253331,3.9104966488965495e-07,0.0046180358609130955,0.5601622612734161,50,vehicle_count,vehicles=5,1.0,0.1,0.72,poisson,single,12000,1.2,18.0,70.0,ber,perfect,True,False
kalman_predictive,synthetic-20260829-v5-slots120-dt0.100000,controlled_synthetic_motion,20260829,5,12.0,3487,2242,1229,1048,0,197,2.242,0.6429595640952108,0.0,0.18666666666666668,431.08831400535234,400.0,1000.0,1300.0,0.3005448809865214,0.056495554918267854,0.35704043590478923,0.7754118119726798,118,0,0,0.0,0.0,0,0,0.0,0.0,0.6311076290668666,0.7862674132534756,11.612419779498838,9.07991266269142e-05,0.26031476168721873,0.2878836805449725,91,vehicle_count,vehicles=5,1.0,0.1,0.72,poisson,single,12000,1.2,18.0,70.0,ber,perfect,True,False
link_lifetime,synthetic-20260829-v5-slots120-dt0.100000,controlled_synthetic_motion,20260829,5,12.0,3487,2235,1260,1051,0,201,2.235,0.6409521078290794,0.0,0.18666666666666668,442.0134228187919,400.0,1100.0,1400.0000000000002,0.30140521938629194,0.05764267278462862,0.35904789217092054,0.7725994375251105,116,0,0,0.0,0.0,0,0,0.0,0.0,0.6425094426626347,0.7886336809833184,11.579289223067024,0.00010242517459896236,0.26997508716187835,0.286347982488336,92,vehicle_count,vehicles=5,1.0,0.1,0.72,poisson,single,12000,1.2,18.0,70.0,ber,perfect,True,False
oracle,synthetic-20260829-v5-slots120-dt0.100000,controlled_synthetic_motion,20260829,5,12.0,3487,2235,1260,1051,0,201,2.235,0.6409521078290794,0.0,0.18666666666666668,442.0134228187919,400.0,1100.0,1400.0000000000002,0.30140521938629194,0.05764267278462862,0.35904789217092054,0.7725994375251105,116,0,0,0.0,0.0,0,0,0.0,0.0,0.6425094426626347,0.7886336809833184,11.579289223067024,0.00010242517459896236,0.26997508716187835,0.286347982488336,92,vehicle_count,vehicles=5,1.0,0.1,0.72,poisson,single,12000,1.2,18.0,70.0,ber,perfect,True,False
reactive_greedy,synthetic-20260829-v10-slots120-dt0.100000,controlled_synthetic_motion,20260829,10,12.0,3446,1803,76,1399,0,244,1.803,0.5232153221125944,0.0,0.39416666666666667,261.9523017193566,200.0,689.9999999999865,1000.0,0.405977945443993,0.07080673244341265,0.4767846778874057,0.8076728924785462,71,0,0,0.0,0.0,0,0,0.0,0.0,0.37829532508428065,0.4728140706109018,12.936079574111586,2.4612482125988966e-06,0.02459820598198535,0.3785116990876435,118,vehicle_count,vehicles=10,1.0,0.1,0.72,poisson,single,12000,1.2,18.0,70.0,ber,perfect,True,False
proportional_fair,synthetic-20260829-v10-slots120-dt0.100000,controlled_synthetic_motion,20260829,10,12.0,3446,969,3,2146,0,331,0.969,0.2811955890887986,0.0,0.39416666666666667,555.6243550051599,400.0,1400.0000000000002,1600.0,0.6227510156703424,0.09605339524085897,0.7188044109112014,0.4416961130742049,85,0,0,0.0,0.0,0,0,0.0,0.0,0.415784066705339,0.42437146748988913,12.432268646498294,2.3817104290990555e-07,0.00284112531165318,0.30363110262950715,44,vehicle_count,vehicles=10,1.0,0.1,0.72,poisson,single,12000,1.2,18.0,70.0,ber,perfect,True,False
kalman_predictive,synthetic-20260829-v10-slots120-dt0.100000,controlled_synthetic_motion,20260829,10,12.0,3446,1703,1880,1438,0,305,1.703,0.4941961694718514,0.0,0.39416666666666667,478.33235466823254,400.0,1100.0,1400.0000000000002,0.4172954149738828,0.08850841555426582,0.5058038305281486,0.7536597677940434,104,0,0,0.0,0.0,0,0,0.0,0.0,0.3976162566715885,0.4903493527295303,11.028112782323374,0.00017906815935862,0.4088658296432295,0.2545309563454566,101,vehicle_count,vehicles=10,1.0,0.1,0.72,poisson,single,12000,1.2,18.0,70.0,ber,perfect,True,False
link_lifetime,synthetic-20260829-v10-slots120-dt0.100000,controlled_synthetic_motion,20260829,10,12.0,3446,1712,1769,1426,0,308,1.712,0.4968078932095183,0.0,0.39416666666666667,485.33878504672896,400.0,1100.0,1300.0,0.4138131166569936,0.0893789901334881,0.5031921067904818,0.7592125189298334,85,0,0,0.0,0.0,0,0,0.0,0.0,0.39616559524646267,0.4877474110120652,11.185548757127988,0.00016942267228032206,0.3942214139189771,0.26894025550359296,105,vehicle_count,vehicles=10,1.0,0.1,0.72,poisson,single,12000,1.2,18.0,70.0,ber,perfect,True,False
oracle,synthetic-20260829-v10-slots120-dt0.100000,controlled_synthetic_motion,20260829,10,12.0,3446,1712,1769,1426,0,308,1.712,0.4968078932095183,0.0,0.39416666666666667,485.33878504672896,400.0,1100.0,1300.0,0.4138131166569936,0.0893789901334881,0.5031921067904818,0.7592125189298334,85,0,0,0.0,0.0,0,0,0.0,0.0,0.39616559524646267,0.4877474110120652,11.185548757127988,0.00016942267228032206,0.3942214139189771,0.26894025550359296,105,vehicle_count,vehicles=10,1.0,0.1,0.72,poisson,single,12000,1.2,18.0,70.0,ber,perfect,True,False
reactive_greedy,synthetic-20260829-v5-slots120-dt0.100000,controlled_synthetic_motion,20260829,5,12.0,3487,2224,124,1073,0,190,2.224,0.6377975336965873,0.0,0.18666666666666668,234.3974820143885,200.0,600.0000000000001,1100.0,0.3077143676512762,0.05448809865213651,0.3622024663034127,0.7854560064282845,90,0,0,0.0,0.0,0,0,0.0,0.0,0.6021773060524823,0.7427078682484751,13.07132058220172,2.865956589317804e-06,0.027363915238337137,0.3933588618659398,110,traffic_model,traffic=poisson,1.0,0.1,0.72,poisson,single,12000,1.2,18.0,70.0,ber,perfect,True,False
proportional_fair,synthetic-20260829-v5-slots120-dt0.100000,controlled_synthetic_motion,20260829,5,12.0,3487,1441,4,1751,0,295,1.441,0.41324921135646686,0.0,0.18666666666666668,528.2442748091603,300.00000000000006,1400.0000000000002,1500.0,0.5021508459994264,0.08459994264410668,0.5867507886435331,0.5130574527922861,80,0,0,0.0,0.0,0,0,0.0,0.0,0.6743167872805771,0.6951681663685317,14.217337845253331,3.9104966488965495e-07,0.0046180358609130955,0.5601622612734161,50,traffic_model,traffic=poisson,1.0,0.1,0.72,poisson,single,12000,1.2,18.0,70.0,ber,perfect,True,False
kalman_predictive,synthetic-20260829-v5-slots120-dt0.100000,controlled_synthetic_motion,20260829,5,12.0,3487,2242,1229,1048,0,197,2.242,0.6429595640952108,0.0,0.18666666666666668,431.08831400535234,400.0,1000.0,1300.0,0.3005448809865214,0.056495554918267854,0.35704043590478923,0.7754118119726798,118,0,0,0.0,0.0,0,0,0.0,0.0,0.6311076290668666,0.7862674132534756,11.612419779498838,9.07991266269142e-05,0.26031476168721873,0.2878836805449725,91,traffic_model,traffic=poisson,1.0,0.1,0.72,poisson,single,12000,1.2,18.0,70.0,ber,perfect,True,False
link_lifetime,synthetic-20260829-v5-slots120-dt0.100000,controlled_synthetic_motion,20260829,5,12.0,3487,2235,1260,1051,0,201,2.235,0.6409521078290794,0.0,0.18666666666666668,442.0134228187919,400.0,1100.0,1400.0000000000002,0.30140521938629194,0.05764267278462862,0.35904789217092054,0.7725994375251105,116,0,0,0.0,0.0,0,0,0.0,0.0,0.6425094426626347,0.7886336809833184,11.579289223067024,0.00010242517459896236,0.26997508716187835,0.286347982488336,92,traffic_model,traffic=poisson,1.0,0.1,0.72,poisson,single,12000,1.2,18.0,70.0,ber,perfect,True,False
oracle,synthetic-20260829-v5-slots120-dt0.100000,controlled_synthetic_motion,20260829,5,12.0,3487,2235,1260,1051,0,201,2.235,0.6409521078290794,0.0,0.18666666666666668,442.0134228187919,400.0,1100.0,1400.0000000000002,0.30140521938629194,0.05764267278462862,0.35904789217092054,0.7725994375251105,116,0,0,0.0,0.0,0,0,0.0,0.0,0.6425094426626347,0.7886336809833184,11.579289223067024,0.00010242517459896236,0.26997508716187835,0.286347982488336,92,traffic_model,traffic=poisson,1.0,0.1,0.72,poisson,single,12000,1.2,18.0,70.0,ber,perfect,True,False
reactive_greedy,synthetic-20260829-v5-slots120-dt0.100000,controlled_synthetic_motion,20260829,5,12.0,3561,2354,881,1060,0,147,2.354,0.6610502667789947,0.0,0.18666666666666668,246.89889549702633,200.0,700.0000000000001,1093.99999999996,0.2976691940466161,0.041280539174389216,0.33894973322100536,0.8245895074088907,90,0,0,0.0,0.0,0,0,0.0,0.0,0.638631486505487,0.7672666044617131,12.064462753054308,4.605749776433273e-05,0.21568380193068337,0.32648365831885745,105,traffic_model,traffic=periodic,1.0,0.1,0.72,periodic,single,12000,1.2,18.0,70.0,ber,perfect,True,False
proportional_fair,synthetic-20260829-v5-slots120-dt0.100000,controlled_synthetic_motion,20260829,5,12.0,3561,2270,864,1146,0,145,2.27,0.6374613872507723,0.0,0.18666666666666668,291.4537444933921,300.00000000000006,900.0,1400.0000000000002,0.3218197135636057,0.040718899185622014,0.3625386127492277,0.8137765318382059,90,0,0,0.0,0.0,0,0,0.0,0.0,0.6124110423906481,0.7486716408614259,12.11364299371978,4.414929079523771e-05,0.1998688995131695,0.32924524662569793,85,traffic_model,traffic=periodic,1.0,0.1,0.72,periodic,single,12000,1.2,18.0,70.0,ber,perfect,True,False
kalman_predictive,synthetic-20260829-v5-slots120-dt0.100000,controlled_synthetic_motion,20260829,5,12.0,3561,2312,1278,1104,0,145,2.312,0.6492558270148835,0.0,0.18666666666666668,418.9878892733564,300.00000000000006,1000.0,1200.0000000000002,0.3100252737994945,0.040718899185622014,0.35074417298511656,0.7989587505006007,134,0,0,0.0,0.0,0,0,0.0,0.0,0.6345781899599452,0.7730130816741422,11.383453461029813,9.408993635299408e-05,0.30080893452743346,0.26919404736881897,88,traffic_model,traffic=periodic,1.0,0.1,0.72,periodic,single,12000,1.2,18.0,70.0,ber,perfect,True,False
link_lifetime,synthetic-20260829-v5-slots120-dt0.100000,controlled_synthetic_motion,20260829,5,12.0,3561,2313,1307,1104,0,144,2.313,0.649536647009267,0.0,0.18666666666666668,406.87418936446176,300.00000000000006,1000.0,1300.0,0.3100252737994945,0.040438079191238416,0.35046335299073295,0.801762114537445,126,0,0,0.0,0.0,0,0,0.0,0.0,0.6414265649250336,0.7752578589106708,11.4501446961897,0.00010134801300072446,0.30074841318580076,0.27869512700634025,92,traffic_model,traffic=periodic,1.0,0.1,0.72,periodic,single,12000,1.2,18.0,70.0,ber,perfect,True,False
oracle,synthetic-20260829-v5-slots120-dt0.100000,controlled_synthetic_motion,20260829,5,12.0,3561,2313,1307,1104,0,144,2.313,0.649536647009267,0.0,0.18666666666666668,406.87418936446176,300.00000000000006,1000.0,1300.0,0.3100252737994945,0.040438079191238416,0.35046335299073295,0.801762114537445,126,0,0,0.0,0.0,0,0,0.0,0.0,0.6414265649250336,0.7752578589106708,11.4501446961897,0.00010134801300072446,0.30074841318580076,0.27869512700634025,92,traffic_model,traffic=periodic,1.0,0.1,0.72,periodic,single,12000,1.2,18.0,70.0,ber,perfect,True,False
reactive_greedy,synthetic-20260829-v5-slots120-dt0.100000,controlled_synthetic_motion,20260829,5,12.0,3137,2180,179,720,0,237,2.18,0.6949314631813834,0.0,0.18666666666666668,202.1559633027523,100.0,504.9999999999727,1100.0,0.2295186483901817,0.07554988842843481,0.3050685368186165,0.869524697110904,27,0,0,0.0,0.0,0,0,0.0,0.0,0.5188691090330435,0.7608454850769607,12.996485206617182,4.299556530051813e-06,0.04001591036584153,0.38818217549795014,77,traffic_model,traffic=markov_modulated,1.0,0.1,0.72,markov_modulated,single,12000,1.2,18.0,70.0,ber,perfect,True,False
proportional_fair,synthetic-20260829-v5-slots120-dt0.100000,controlled_synthetic_motion,20260829,5,12.0,3137,1396,11,1469,0,272,1.396,0.44501115715651895,0.0,0.18666666666666668,551.8624641833811,600.0000000000001,1200.0000000000002,1504.9999999999955,0.46828179789607904,0.08670704494740197,0.554988842843481,0.5857409133271202,25,0,0,0.0,0.0,0,0,0.0,0.0,0.5919027110428069,0.6818203938095736,13.719237576988741,4.2812604657088047e-07,0.005060452770418575,0.49049815980042166,55,traffic_model,traffic=markov_modulated,1.0,0.1,0.72,markov_modulated,single,12000,1.2,18.0,70.0,ber,perfect,True,False
kalman_predictive,synthetic-20260829-v5-slots120-dt0.100000,controlled_synthetic_motion,20260829,5,12.0,3137,2151,770,714,0,272,2.151,0.6856869620656678,0.0,0.18666666666666668,380.7066480706648,300.00000000000006,800.0,1300.0,0.22760599298693018,0.08670704494740197,0.3143130379343322,0.853215284249767,37,0,0,0.0,0.0,0,0,0.0,0.0,0.5359780456174351,0.7802751182756603,11.819435514297215,6.646487951438783e-05,0.19783135913020614,0.29678650903826675,82,traffic_model,traffic=markov_modulated,1.0,0.1,0.72,markov_modulated,single,12000,1.2,18.0,70.0,ber,perfect,True,False
link_lifetime,synthetic-20260829-v5-slots120-dt0.100000,controlled_synthetic_motion,20260829,5,12.0,3137,2138,810,727,0,272,2.138,0.6815428753586229,0.0,0.18666666666666668,377.2684752104771,300.00000000000006,900.0,1200.0000000000002,0.23175007969397513,0.08670704494740197,0.3184571246413771,0.848089468779124,37,0,0,0.0,0.0,0,0,0.0,0.0,0.5329116093402615,0.7791949720762096,11.764790089902316,9.077474034125382e-05,0.2105191655716717,0.29493980223490623,87,traffic_model,traffic=markov_modulated,1.0,0.1,0.72,markov_modulated,single,12000,1.2,18.0,70.0,ber,perfect,True,False
oracle,synthetic-20260829-v5-slots120-dt0.100000,controlled_synthetic_motion,20260829,5,12.0,3137,2138,810,727,0,272,2.138,0.6815428753586229,0.0,0.18666666666666668,377.2684752104771,300.00000000000006,900.0,1200.0000000000002,0.23175007969397513,0.08670704494740197,0.3184571246413771,0.848089468779124,37,0,0,0.0,0.0,0,0,0.0,0.0,0.5329116093402615,0.7791949720762096,11.764790089902316,9.077474034125382e-05,0.2105191655716717,0.29493980223490623,87,traffic_model,traffic=markov_modulated,1.0,0.1,0.72,markov_modulated,single,12000,1.2,18.0,70.0,ber,perfect,True,False
reactive_greedy,synthetic-20260829-v5-slots120-dt0.100000,controlled_synthetic_motion,20260829,5,12.0,5400,3297,194,1752,0,351,3.297,0.6105555555555555,0.0,0.18666666666666668,280.1637852593267,200.0,700.0000000000001,1100.0,0.3244444444444444,0.065,0.3894444444444444,0.7618662351672061,181,0,0,0.0,0.0,0,0,0.0,0.0,0.7471537392194902,0.7471537392194904,12.9953801377632,4.170064183401678e-06,0.04062082430034707,0.39330775737605694,119,traffic_model,traffic=saturated,1.0,0.1,0.72,saturated,single,12000,1.2,18.0,70.0,ber,perfect,True,False
proportional_fair,synthetic-20260829-v5-slots120-dt0.100000,controlled_synthetic_motion,20260829,5,12.0,5400,2545,11,2398,0,457,2.545,0.47129629629629627,0.0,0.18666666666666668,212.29862475442044,200.0,400.0,1155.9999999999948,0.44407407407407407,0.08462962962962962,0.5287037037037037,0.5981661272923409,165,0,0,0.0,0.0,0,0,0.0,0.0,0.70653919848417,0.7065391984841701,13.805893915298949,5.931404500100567e-07,0.006927199766700384,0.4865792594745857,95,traffic_model,traffic=saturated,1.0,0.1,0.72,saturated,single,12000,1.2,18.0,70.0,ber,perfect,True,False
kalman_predictive,synthetic-20260829-v5-slots120-dt0.100000,controlled_synthetic_motion,20260829,5,12.0,5400,3017,1394,2032,0,351,3.017,0.5587037037037037,0.0,0.18666666666666668,603.2482598607888,500.0,1300.0,1500.0,0.3762962962962963,0.065,0.4412962962962963,0.6736785329018339,240,0,0,0.0,0.0,0,0,0.0,0.0,0.7875495501497481,0.7875495501497481,11.549960365147804,9.83305061594228e-05,0.2878784706709479,0.293424584706343,92,traffic_model,traffic=saturated,1.0,0.1,0.72,saturated,single,12000,1.2,18.0,70.0,ber,perfect,True,False
link_lifetime,synthetic-20260829-v5-slots120-dt0.100000,controlled_synthetic_motion,20260829,5,12.0,5400,3030,1396,2005,0,365,3.03,0.5611111111111111,0.0,0.18666666666666668,614.4554455445544,500.0,1300.0,1500.0,0.3712962962962963,0.06759259259259259,0.4388888888888889,0.6763754045307443,212,0,0,0.0,0.0,0,0,0.0,0.0,0.789125574703011,0.789125574703011,11.614878280544307,0.00010422171792529833,0.2884197379661652,0.30097463494712906,91,traffic_model,traffic=saturated,1.0,0.1,0.72,saturated,single,12000,1.2,18.0,70.0,ber,perfect,True,False
oracle,synthetic-20260829-v5-slots120-dt0.100000,controlled_synthetic_motion,20260829,5,12.0,5400,3030,1396,2005,0,365,3.03,0.5611111111111111,0.0,0.18666666666666668,614.4554455445544,500.0,1300.0,1500.0,0.3712962962962963,0.06759259259259259,0.4388888888888889,0.6763754045307443,212,0,0,0.0,0.0,0,0,0.0,0.0,0.789125574703011,0.789125574703011,11.614878280544307,0.00010422171792529833,0.2884197379661652,0.30097463494712906,91,traffic_model,traffic=saturated,1.0,0.1,0.72,saturated,single,12000,1.2,18.0,70.0,ber,perfect,True,False
reactive_greedy,synthetic-20260829-v5-slots120-dt0.100000,controlled_synthetic_motion,20260829,5,12.0,3487,2224,124,1073,0,190,2.224,0.6377975336965873,0.0,0.18666666666666668,234.3974820143885,200.0,600.0000000000001,1100.0,0.3077143676512762,0.05448809865213651,0.3622024663034127,0.7854560064282845,90,0,0,0.0,0.0,0,0,0.0,0.0,0.6021773060524823,0.7427078682484751,13.07132058220172,2.865956589317804e-06,0.027363915238337137,0.3933588618659398,110,traffic_class,classes=single,1.0,0.1,0.72,poisson,single,12000,1.2,18.0,70.0,ber,perfect,True,False
proportional_fair,synthetic-20260829-v5-slots120-dt0.100000,controlled_synthetic_motion,20260829,5,12.0,3487,1441,4,1751,0,295,1.441,0.41324921135646686,0.0,0.18666666666666668,528.2442748091603,300.00000000000006,1400.0000000000002,1500.0,0.5021508459994264,0.08459994264410668,0.5867507886435331,0.5130574527922861,80,0,0,0.0,0.0,0,0,0.0,0.0,0.6743167872805771,0.6951681663685317,14.217337845253331,3.9104966488965495e-07,0.0046180358609130955,0.5601622612734161,50,traffic_class,classes=single,1.0,0.1,0.72,poisson,single,12000,1.2,18.0,70.0,ber,perfect,True,False
kalman_predictive,synthetic-20260829-v5-slots120-dt0.100000,controlled_synthetic_motion,20260829,5,12.0,3487,2242,1229,1048,0,197,2.242,0.6429595640952108,0.0,0.18666666666666668,431.08831400535234,400.0,1000.0,1300.0,0.3005448809865214,0.056495554918267854,0.35704043590478923,0.7754118119726798,118,0,0,0.0,0.0,0,0,0.0,0.0,0.6311076290668666,0.7862674132534756,11.612419779498838,9.07991266269142e-05,0.26031476168721873,0.2878836805449725,91,traffic_class,classes=single,1.0,0.1,0.72,poisson,single,12000,1.2,18.0,70.0,ber,perfect,True,False
link_lifetime,synthetic-20260829-v5-slots120-dt0.100000,controlled_synthetic_motion,20260829,5,12.0,3487,2235,1260,1051,0,201,2.235,0.6409521078290794,0.0,0.18666666666666668,442.0134228187919,400.0,1100.0,1400.0000000000002,0.30140521938629194,0.05764267278462862,0.35904789217092054,0.7725994375251105,116,0,0,0.0,0.0,0,0,0.0,0.0,0.6425094426626347,0.7886336809833184,11.579289223067024,0.00010242517459896236,0.26997508716187835,0.286347982488336,92,traffic_class,classes=single,1.0,0.1,0.72,poisson,single,12000,1.2,18.0,70.0,ber,perfect,True,False
oracle,synthetic-20260829-v5-slots120-dt0.100000,controlled_synthetic_motion,20260829,5,12.0,3487,2235,1260,1051,0,201,2.235,0.6409521078290794,0.0,0.18666666666666668,442.0134228187919,400.0,1100.0,1400.0000000000002,0.30140521938629194,0.05764267278462862,0.35904789217092054,0.7725994375251105,116,0,0,0.0,0.0,0,0,0.0,0.0,0.6425094426626347,0.7886336809833184,11.579289223067024,0.00010242517459896236,0.26997508716187835,0.286347982488336,92,traffic_class,classes=single,1.0,0.1,0.72,poisson,single,12000,1.2,18.0,70.0,ber,perfect,True,False
reactive_greedy,synthetic-20260829-v5-slots120-dt0.100000,controlled_synthetic_motion,20260829,5,12.0,3487,1986,67,1394,0,107,1.986,0.5695440206481216,0.0,0.18666666666666668,194.05840886203424,200.0,400.0,800.0,0.39977057642672786,0.03068540292515056,0.4304559793518784,0.7163519485737244,58,1236,566,0.45792880258899676,0.529126213592233,2251,1420,0.6308307418924922,0.32874278098622833,0.5409714783395854,0.7081479824799972,13.065624473120733,2.0005998633903174e-06,0.020171398989388325,0.38764421840417496,108,traffic_class,classes=urgent_bulk,1.0,0.1,0.72,poisson,urgent_bulk,12000,1.2,18.0,70.0,ber,perfect,True,False
proportional_fair,synthetic-20260829-v5-slots120-dt0.100000,controlled_synthetic_motion,20260829,5,12.0,3487,1345,9,1969,0,173,1.345,0.3857183825638084,0.0,0.18666666666666668,358.8847583643123,200.0,1000.0,1100.0,0.5646687697160884,0.04961284772010324,0.6142816174361916,0.4873443149859381,43,1236,259,0.20954692556634305,0.7766990291262136,2251,1086,0.4824522434473567,0.4482452243447357,0.6489950402252975,0.6831227717853647,14.648310910975374,3.270792660259993e-07,0.003867247303438415,0.6094153786752637,57,traffic_class,classes=urgent_bulk,1.0,0.1,0.72,poisson,urgent_bulk,12000,1.2,18.0,70.0,ber,perfect,True,False
kalman_predictive,synthetic-20260829-v5-slots120-dt0.100000,controlled_synthetic_motion,20260829,5,12.0,3487,1818,1092,1562,0,107,1.818,0.5213650702609693,0.0,0.18666666666666668,330.1980198019802,200.0,900.0,1100.0,0.4479495268138801,0.03068540292515056,0.4786349297390307,0.6239453595821615,76,1236,347,0.2807443365695793,0.7063106796116505,2251,1471,0.6534873389604621,0.30608618391825854,0.6320757314974182,0.7841608854984028,11.624975545166645,7.908481580784451e-05,0.2556814237353131,0.2858824819929941,88,traffic_class,classes=urgent_bulk,1.0,0.1,0.72,poisson,urgent_bulk,12000,1.2,18.0,70.0,ber,perfect,True,False
link_lifetime,synthetic-20260829-v5-slots120-dt0.100000,controlled_synthetic_motion,20260829,5,12.0,3487,1796,1166,1584,0,107,1.796,0.515055921995985,0.0,0.18666666666666668,344.988864142539,200.0,925.0,1100.0,0.45425867507886436,0.03068540292515056,0.4849440780040149,0.6191241462434712,73,1236,319,0.2580906148867314,0.7289644012944984,2251,1477,0.6561528209684585,0.3034207019102621,0.6345590607565254,0.7826395916875794,11.658806267887979,0.00010220656354043096,0.2631765506582478,0.29458464877777496,92,traffic_class,classes=urgent_bulk,1.0,0.1,0.72,poisson,urgent_bulk,12000,1.2,18.0,70.0,ber,perfect,True,False
oracle,synthetic-20260829-v5-slots120-dt0.100000,controlled_synthetic_motion,20260829,5,12.0,3487,1812,1171,1568,0,107,1.812,0.5196443934614282,0.0,0.18666666666666668,347.7373068432671,200.0,900.0,1100.0,0.4496702036134213,0.03068540292515056,0.48035560653857184,0.6231418240257132,52,1236,318,0.25728155339805825,0.7297734627831716,2251,1494,0.6637050199911151,0.2958685028876055,0.6441971433056035,0.7860924885582973,11.61633529525281,0.0001024882522043317,0.26914459280277825,0.2909893696022473,93,traffic_class,classes=urgent_bulk,1.0,0.1,0.72,poisson,urgent_bulk,12000,1.2,18.0,70.0,ber,perfect,True,False
reactive_greedy,synthetic-20260829-v5-slots120-dt0.100000,controlled_synthetic_motion,20260829,5,12.0,17924,13015,1230,4001,0,908,2.603,0.7261214014728855,0.0,0.18666666666666668,280.6761429120246,200.0,700.0000000000001,1200.0000000000002,0.2232202633340772,0.050658335193037266,0.2738785985271145,0.8851625208614797,516,0,0,0.0,0.0,0,0,0.0,0.0,0.741088373828997,0.8768865957584752,12.50132815465908,2.8084236074393087e-05,0.052673990322269146,0.356848447561952,118,packet_size,packet_bits=2400,1.0,0.1,0.72,poisson,single,2400,1.2,18.0,70.0,ber,perfect,True,False
proportional_fair,synthetic-20260829-v5-slots120-dt0.100000,controlled_synthetic_motion,20260829,5,12.0,17924,6992,23,9316,0,1616,1.3984,0.39009149743360855,0.0,0.18666666666666668,564.1733409610983,500.0,1300.0,1600.0,0.5197500557911181,0.09015844677527338,0.6099085025663914,0.45577366287848686,760,0,0,0.0,0.0,0,0,0.0,0.0,0.7559028781728228,0.748617968967492,12.477343092726406,1.9787215156444197e-06,0.004686395044805937,0.346237051281007,42,packet_size,packet_bits=2400,1.0,0.1,0.72,poisson,single,2400,1.2,18.0,70.0,ber,perfect,True,False
kalman_predictive,synthetic-20260829-v5-slots120-dt0.100000,controlled_synthetic_motion,20260829,5,12.0,17924,13229,2702,3817,0,878,2.6458,0.7380607007364428,0.0,0.18666666666666668,375.91654698011945,300.00000000000006,900.0,1200.0000000000002,0.21295469761214014,0.048984601651417096,0.26193929926355725,0.8750695382659144,738,0,0,0.0,0.0,0,0,0.0,0.0,0.7585230790248587,0.8977238886389176,11.59925209645092,8.955842001368187e-05,0.13040482095825306,0.28882931720941213,97,packet_size,packet_bits=2400,1.0,0.1,0.72,poisson,single,2400,1.2,18.0,70.0,ber,perfect,True,False
link_lifetime,synthetic-20260829-v5-slots120-dt0.100000,controlled_synthetic_motion,20260829,5,12.0,17924,13331,3399,3688,0,905,2.6662,0.7437513947779514,0.0,0.18666666666666668,427.3497862125872,400.0,1000.0,1300.0,0.2057576433831734,0.05049096183887525,0.2562486052220487,0.8865930223317174,606,0,0,0.0,0.0,0,0,0.0,0.0,0.7644826109307699,0.910144385945616,11.52127285851178,0.0001132228041396729,0.1539342443763456,0.28573140738821295,93,packet_size,packet_bits=2400,1.0,0.1,0.72,poisson,single,2400,1.2,18.0,70.0,ber,perfect,True,False
oracle,synthetic-20260829-v5-slots120-dt0.100000,controlled_synthetic_motion,20260829,5,12.0,17924,13331,3399,3688,0,905,2.6662,0.7437513947779514,0.0,0.18666666666666668,427.3497862125872,400.0,1000.0,1300.0,0.2057576433831734,0.05049096183887525,0.2562486052220487,0.8865930223317174,606,0,0,0.0,0.0,0,0,0.0,0.0,0.7644826109307699,0.910144385945616,11.52127285851178,0.0001132228041396729,0.1539342443763456,0.28573140738821295,93,packet_size,packet_bits=2400,1.0,0.1,0.72,poisson,single,2400,1.2,18.0,70.0,ber,perfect,True,False
reactive_greedy,synthetic-20260829-v5-slots120-dt0.100000,controlled_synthetic_motion,20260829,5,12.0,4449,2837,106,1367,0,245,2.2696,0.6376713868285008,0.0,0.18666666666666668,233.76806485724356,200.0,600.0000000000001,1100.0,0.3072600584400989,0.055068554731400314,0.3623286131714992,0.7814207650273224,129,0,0,0.0,0.0,0,0,0.0,0.0,0.6239643354548017,0.7572689741077722,13.156359566698399,3.098753542780642e-06,0.02448814223220491,0.40533184583011933,116,packet_size,packet_bits=9600,1.0,0.1,0.72,poisson,single,9600,1.2,18.0,70.0,ber,perfect,True,False
proportional_fair,synthetic-20260829-v5-slots120-dt0.100000,controlled_synthetic_motion,20260829,5,12.0,4449,1795,12,2266,0,388,1.436,0.40346145201168804,0.0,0.18666666666666668,553.0919220055711,400.0,1300.0,1600.0,0.5093279388626658,0.08721060912564621,0.596538547988312,0.49823207971713274,115,0,0,0.0,0.0,0,0,0.0,0.0,0.6928691160611277,0.7109429919032565,13.930117973986745,4.6307149545079813e-07,0.004383475955688781,0.5263148255058864,47,packet_size,packet_bits=9600,1.0,0.1,0.72,poisson,single,9600,1.2,18.0,70.0,ber,perfect,True,False
kalman_predictive,synthetic-20260829-v5-slots120-dt0.100000,controlled_synthetic_motion,20260829,5,12.0,4449,2861,1196,1341,0,247,2.2888,0.6430658574960665,0.0,0.18666666666666668,396.1202376791332,300.00000000000006,1000.0,1300.0,0.301416048550236,0.05551809395369746,0.35693414250393346,0.7749919639987143,198,0,0,0.0,0.0,0,0,0.0,0.0,0.6531043581536502,0.79998792377594,11.700524411350775,8.192585369650356e-05,0.2096234427976701,0.2904641909064725,92,packet_size,packet_bits=9600,1.0,0.1,0.72,poisson,single,9600,1.2,18.0,70.0,ber,perfect,True,False
link_lifetime,synthetic-20260829-v5-slots120-dt0.100000,controlled_synthetic_motion,20260829,5,12.0,4449,2826,1303,1348,0,275,2.2608,0.6351989211058665,0.0,0.18666666666666668,424.6284501061571,300.00000000000006,1000.0,1300.0,0.30298943582827603,0.0618116430658575,0.3648010788941335,0.7643844423015108,191,0,0,0.0,0.0,0,0,0.0,0.0,0.6665578310326782,0.8045289991122322,11.648149681519413,9.499780726626378e-05,0.22605148873025563,0.28884354956786773,90,packet_size,packet_bits=9600,1.0,0.1,0.72,poisson,single,9600,1.2,18.0,70.0,ber,perfect,True,False
oracle,synthetic-20260829-v5-slots120-dt0.100000,controlled_synthetic_motion,20260829,5,12.0,4449,2826,1303,1348,0,275,2.2608,0.6351989211058665,0.0,0.18666666666666668,424.6284501061571,300.00000000000006,1000.0,1300.0,0.30298943582827603,0.0618116430658575,0.3648010788941335,0.7643844423015108,191,0,0,0.0,0.0,0,0,0.0,0.0,0.6665578310326782,0.8045289991122322,11.648149681519413,9.499780726626378e-05,0.22605148873025563,0.28884354956786773,90,packet_size,packet_bits=9600,1.0,0.1,0.72,poisson,single,9600,1.2,18.0,70.0,ber,perfect,True,False
reactive_greedy,synthetic-20260829-v5-slots120-dt0.100000,controlled_synthetic_motion,20260829,5,12.0,3487,2224,124,1073,0,190,2.224,0.6377975336965873,0.0,0.18666666666666668,234.3974820143885,200.0,600.0000000000001,1100.0,0.3077143676512762,0.05448809865213651,0.3622024663034127,0.7854560064282845,90,0,0,0.0,0.0,0,0,0.0,0.0,0.6021773060524823,0.7427078682484751,13.07132058220172,2.865956589317804e-06,0.027363915238337137,0.3933588618659398,110,packet_size,packet_bits=12000,1.0,0.1,0.72,poisson,single,12000,1.2,18.0,70.0,ber,perfect,True,False
proportional_fair,synthetic-20260829-v5-slots120-dt0.100000,controlled_synthetic_motion,20260829,5,12.0,3487,1441,4,1751,0,295,1.441,0.41324921135646686,0.0,0.18666666666666668,528.2442748091603,300.00000000000006,1400.0000000000002,1500.0,0.5021508459994264,0.08459994264410668,0.5867507886435331,0.5130574527922861,80,0,0,0.0,0.0,0,0,0.0,0.0,0.6743167872805771,0.6951681663685317,14.217337845253331,3.9104966488965495e-07,0.0046180358609130955,0.5601622612734161,50,packet_size,packet_bits=12000,1.0,0.1,0.72,poisson,single,12000,1.2,18.0,70.0,ber,perfect,True,False
kalman_predictive,synthetic-20260829-v5-slots120-dt0.100000,controlled_synthetic_motion,20260829,5,12.0,3487,2242,1229,1048,0,197,2.242,0.6429595640952108,0.0,0.18666666666666668,431.08831400535234,400.0,1000.0,1300.0,0.3005448809865214,0.056495554918267854,0.35704043590478923,0.7754118119726798,118,0,0,0.0,0.0,0,0,0.0,0.0,0.6311076290668666,0.7862674132534756,11.612419779498838,9.07991266269142e-05,0.26031476168721873,0.2878836805449725,91,packet_size,packet_bits=12000,1.0,0.1,0.72,poisson,single,12000,1.2,18.0,70.0,ber,perfect,True,False
link_lifetime,synthetic-20260829-v5-slots120-dt0.100000,controlled_synthetic_motion,20260829,5,12.0,3487,2235,1260,1051,0,201,2.235,0.6409521078290794,0.0,0.18666666666666668,442.0134228187919,400.0,1100.0,1400.0000000000002,0.30140521938629194,0.05764267278462862,0.35904789217092054,0.7725994375251105,116,0,0,0.0,0.0,0,0,0.0,0.0,0.6425094426626347,0.7886336809833184,11.579289223067024,0.00010242517459896236,0.26997508716187835,0.286347982488336,92,packet_size,packet_bits=12000,1.0,0.1,0.72,poisson,single,12000,1.2,18.0,70.0,ber,perfect,True,False
oracle,synthetic-20260829-v5-slots120-dt0.100000,controlled_synthetic_motion,20260829,5,12.0,3487,2235,1260,1051,0,201,2.235,0.6409521078290794,0.0,0.18666666666666668,442.0134228187919,400.0,1100.0,1400.0000000000002,0.30140521938629194,0.05764267278462862,0.35904789217092054,0.7725994375251105,116,0,0,0.0,0.0,0,0,0.0,0.0,0.6425094426626347,0.7886336809833184,11.579289223067024,0.00010242517459896236,0.26997508716187835,0.286347982488336,92,packet_size,packet_bits=12000,1.0,0.1,0.72,poisson,single,12000,1.2,18.0,70.0,ber,perfect,True,False
reactive_greedy,synthetic-20260829-v5-slots120-dt0.100000,controlled_synthetic_motion,20260829,5,12.0,3487,1576,13,1879,0,32,1.576,0.45196443934614283,0.0,0.18666666666666668,133.502538071066,100.0,200.0,200.0,0.5388586177229711,0.009176942930886148,0.5480355606538572,0.5914021695460024,22,0,0,0.0,0.0,0,0,0.0,0.0,0.3842814109536268,0.5247716915588605,13.131921497941768,7.969384018474025e-07,0.008744117123533644,0.3866171870896399,86,deadline,deadline_s=0.05,1.0,0.1,0.72,poisson,single,12000,0.05,18.0,70.0,ber,perfect,True,False
proportional_fair,synthetic-20260829-v5-slots120-dt0.100000,controlled_synthetic_motion,20260829,5,12.0,3487,1081,0,2367,0,39,1.081,0.3100086033839977,0.0,0.18666666666666668,138.66790009250693,100.0,200.0,200.0,0.6788069974189848,0.011184399197017494,0.6899913966160023,0.3989554037766171,19,0,0,0.0,0.0,0,0,0.0,0.0,0.6280408138038154,0.6441862432858938,14.6376821263106,2.794497702548236e-07,0.0033085425346544286,0.5966901905347034,68,deadline,deadline_s=0.05,1.0,0.1,0.72,poisson,single,12000,0.05,18.0,70.0,ber,perfect,True,False
kalman_predictive,synthetic-20260829-v5-slots120-dt0.100000,controlled_synthetic_motion,20260829,5,12.0,3487,1600,77,1848,0,39,1.6,0.4588471465443074,0.0,0.18666666666666668,147.5625,100.0,200.0,200.0,0.5299684542586751,0.011184399197017494,0.5411528534556925,0.5596625150662917,22,0,0,0.0,0.0,0,0,0.0,0.0,0.48269646311708786,0.6698356627464842,12.727175177989514,6.881698534453912e-06,0.05497475367630322,0.3578101967119337,112,deadline,deadline_s=0.05,1.0,0.1,0.72,poisson,single,12000,0.05,18.0,70.0,ber,perfect,True,False
link_lifetime,synthetic-20260829-v5-slots120-dt0.100000,controlled_synthetic_motion,20260829,5,12.0,3487,1598,90,1850,0,39,1.598,0.458273587611127,0.0,0.18666666666666668,147.74718397997498,100.0,200.0,200.0,0.5305420131918555,0.011184399197017494,0.541726412388873,0.5600642828445158,22,0,0,0.0,0.0,0,0,0.0,0.0,0.48708918128097234,0.6754106508774318,12.688778769024035,1.3657284044083908e-05,0.06390668491638614,0.355246076921153,113,deadline,deadline_s=0.05,1.0,0.1,0.72,poisson,single,12000,0.05,18.0,70.0,ber,perfect,True,False
oracle,synthetic-20260829-v5-slots120-dt0.100000,controlled_synthetic_motion,20260829,5,12.0,3487,1598,90,1850,0,39,1.598,0.458273587611127,0.0,0.18666666666666668,147.74718397997498,100.0,200.0,200.0,0.5305420131918555,0.011184399197017494,0.541726412388873,0.5600642828445158,22,0,0,0.0,0.0,0,0,0.0,0.0,0.48708918128097234,0.6754106508774318,12.688778769024035,1.3657284044083908e-05,0.06390668491638614,0.355246076921153,113,deadline,deadline_s=0.05,1.0,0.1,0.72,poisson,single,12000,0.05,18.0,70.0,ber,perfect,True,False
reactive_greedy,synthetic-20260829-v5-slots120-dt0.100000,controlled_synthetic_motion,20260829,5,12.0,3487,1576,13,1879,0,32,1.576,0.45196443934614283,0.0,0.18666666666666668,133.502538071066,100.0,200.0,200.0,0.5388586177229711,0.009176942930886148,0.5480355606538572,0.5914021695460024,22,0,0,0.0,0.0,0,0,0.0,0.0,0.3842814109536268,0.5247716915588605,13.131921497941768,7.969384018474025e-07,0.008744117123533644,0.3866171870896399,86,deadline,deadline_s=0.1,1.0,0.1,0.72,poisson,single,12000,0.1,18.0,70.0,ber,perfect,True,False
proportional_fair,synthetic-20260829-v5-slots120-dt0.100000,controlled_synthetic_motion,20260829,5,12.0,3487,1081,0,2367,0,39,1.081,0.3100086033839977,0.0,0.18666666666666668,138.66790009250693,100.0,200.0,200.0,0.6788069974189848,0.011184399197017494,0.6899913966160023,0.3989554037766171,19,0,0,0.0,0.0,0,0,0.0,0.0,0.6280408138038154,0.6441862432858938,14.6376821263106,2.794497702548236e-07,0.0033085425346544286,0.5966901905347034,68,deadline,deadline_s=0.1,1.0,0.1,0.72,poisson,single,12000,0.1,18.0,70.0,ber,perfect,True,False
kalman_predictive,synthetic-20260829-v5-slots120-dt0.100000,controlled_synthetic_motion,20260829,5,12.0,3487,1600,77,1848,0,39,1.6,0.4588471465443074,0.0,0.18666666666666668,147.5625,100.0,200.0,200.0,0.5299684542586751,0.011184399197017494,0.5411528534556925,0.5596625150662917,22,0,0,0.0,0.0,0,0,0.0,0.0,0.48269646311708786,0.6698356627464842,12.727175177989514,6.881698534453912e-06,0.05497475367630322,0.3578101967119337,112,deadline,deadline_s=0.1,1.0,0.1,0.72,poisson,single,12000,0.1,18.0,70.0,ber,perfect,True,False
link_lifetime,synthetic-20260829-v5-slots120-dt0.100000,controlled_synthetic_motion,20260829,5,12.0,3487,1598,90,1850,0,39,1.598,0.458273587611127,0.0,0.18666666666666668,147.74718397997498,100.0,200.0,200.0,0.5305420131918555,0.011184399197017494,0.541726412388873,0.5600642828445158,22,0,0,0.0,0.0,0,0,0.0,0.0,0.48708918128097234,0.6754106508774318,12.688778769024035,1.3657284044083908e-05,0.06390668491638614,0.355246076921153,113,deadline,deadline_s=0.1,1.0,0.1,0.72,poisson,single,12000,0.1,18.0,70.0,ber,perfect,True,False
oracle,synthetic-20260829-v5-slots120-dt0.100000,controlled_synthetic_motion,20260829,5,12.0,3487,1598,90,1850,0,39,1.598,0.458273587611127,0.0,0.18666666666666668,147.74718397997498,100.0,200.0,200.0,0.5305420131918555,0.011184399197017494,0.541726412388873,0.5600642828445158,22,0,0,0.0,0.0,0,0,0.0,0.0,0.48708918128097234,0.6754106508774318,12.688778769024035,1.3657284044083908e-05,0.06390668491638614,0.355246076921153,113,deadline,deadline_s=0.1,1.0,0.1,0.72,poisson,single,12000,0.1,18.0,70.0,ber,perfect,True,False
reactive_greedy,synthetic-20260829-v5-slots120-dt0.100000,controlled_synthetic_motion,20260829,5,12.0,3487,1851,14,1588,0,48,1.851,0.5308287926584456,0.0,0.18666666666666668,160.12965964343599,100.0,300.00000000000006,300.00000000000006,0.4554057929452251,0.013765414396329223,0.4691712073415543,0.6934511852149458,27,0,0,0.0,0.0,0,0,0.0,0.0,0.4789146635598213,0.6391296957829529,13.297714438396905,5.952413471342663e-07,0.006864621945631588,0.4131474479431064,105,deadline,deadline_s=0.25,1.0,0.1,0.72,poisson,single,12000,0.25,18.0,70.0,ber,perfect,True,False
proportional_fair,synthetic-20260829-v5-slots120-dt0.100000,controlled_synthetic_motion,20260829,5,12.0,3487,1250,1,2176,0,61,1.25,0.3584743332377402,0.0,0.18666666666666668,169.92,200.0,300.00000000000006,300.00000000000006,0.6240321193002581,0.01749354746200172,0.6415256667622599,0.4640417838489353,24,0,0,0.0,0.0,0,0,0.0,0.0,0.6319591339834255,0.6485564238635321,14.748885834703081,3.2071307127128886e-07,0.0037910360429642934,0.6158340690317476,64,deadline,deadline_s=0.25,1.0,0.1,0.72,poisson,single,12000,0.25,18.0,70.0,ber,perfect,True,False
kalman_predictive,synthetic-20260829-v5-slots120-dt0.100000,controlled_synthetic_motion,20260829,5,12.0,3487,1982,131,1450,0,55,1.982,0.5683969027817608,0.0,0.18666666666666668,189.70736629667002,200.0,300.00000000000006,300.00000000000006,0.4158302265557786,0.015772870662460567,0.4316030972182392,0.7006830052229811,31,0,0,0.0,0.0,0,0,0.0,0.0,0.5536788842768448,0.7235480090471007,12.746629348272696,1.0448989555748274e-05,0.07186781555462965,0.36580147974723426,114,deadline,deadline_s=0.25,1.0,0.1,0.72,poisson,single,12000,0.25,18.0,70.0,ber,perfect,True,False
link_lifetime,synthetic-20260829-v5-slots120-dt0.100000,controlled_synthetic_motion,20260829,5,12.0,3487,1960,145,1472,0,55,1.96,0.5620877545167766,0.0,0.18666666666666668,193.1122448979592,200.0,300.00000000000006,300.00000000000006,0.42213937482076286,0.015772870662460567,0.4379122454832234,0.6922458818802733,31,0,0,0.0,0.0,0,0,0.0,0.0,0.5531660606933295,0.7217649986324822,12.783577916604061,1.6289270134149973e-05,0.07659066820679003,0.371759796963716,112,deadline,deadline_s=0.25,1.0,0.1,0.72,poisson,single,12000,0.25,18.0,70.0,ber,perfect,True,False
oracle,synthetic-20260829-v5-slots120-dt0.100000,controlled_synthetic_motion,20260829,5,12.0,3487,1960,145,1472,0,55,1.96,0.5620877545167766,0.0,0.18666666666666668,193.1122448979592,200.0,300.00000000000006,300.00000000000006,0.42213937482076286,0.015772870662460567,0.4379122454832234,0.6922458818802733,31,0,0,0.0,0.0,0,0,0.0,0.0,0.5531660606933295,0.7217649986324822,12.783577916604061,1.6289270134149973e-05,0.07659066820679003,0.371759796963716,112,deadline,deadline_s=0.25,1.0,0.1,0.72,poisson,single,12000,0.25,18.0,70.0,ber,perfect,True,False
reactive_greedy,synthetic-20260829-v5-slots120-dt0.100000,controlled_synthetic_motion,20260829,5,12.0,3487,2132,41,1276,0,79,2.132,0.6114138227702897,0.0,0.18666666666666668,197.04502814258913,200.0,400.0,500.0,0.3659305993690852,0.02265557786062518,0.38858617722971034,0.777822418642025,35,0,0,0.0,0.0,0,0,0.0,0.0,0.5692560286041691,0.7108003562031282,13.174231340925912,1.5739356245628285e-06,0.016611713854378648,0.4024019423689246,111,deadline,deadline_s=0.5,1.0,0.1,0.72,poisson,single,12000,0.5,18.0,70.0,ber,perfect,True,False
proportional_fair,synthetic-20260829-v5-slots120-dt0.100000,controlled_synthetic_motion,20260829,5,12.0,3487,1355,4,2013,0,119,1.355,0.38858617722971034,0.0,0.18666666666666668,255.9409594095941,200.0,600.0000000000001,600.0000000000001,0.5772870662460567,0.03412675652423287,0.6114138227702897,0.4973885094415428,38,0,0,0.0,0.0,0,0,0.0,0.0,0.6469558078116383,0.6682154263501595,14.367950762158733,3.8029398340412664e-07,0.004489620743899307,0.5782853168892164,51,deadline,deadline_s=0.5,1.0,0.1,0.72,poisson,single,12000,0.5,18.0,70.0,ber,perfect,True,False
kalman_predictive,synthetic-20260829-v5-slots120-dt0.100000,controlled_synthetic_motion,20260829,5,12.0,3487,2194,641,1214,0,79,2.194,0.6291941496988815,0.0,0.18666666666666668,268.3682771194166,200.0,600.0000000000001,600.0000000000001,0.34815027244049324,0.02265557786062518,0.37080585030111846,0.7758135797509039,53,0,0,0.0,0.0,0,0,0.0,0.0,0.603894371966343,0.7570572994821265,12.021814589830761,6.01239844540997e-05,0.17506250886871758,0.3118159986533018,106,deadline,deadline_s=0.5,1.0,0.1,0.72,poisson,single,12000,0.5,18.0,70.0,ber,perfect,True,False
link_lifetime,synthetic-20260829-v5-slots120-dt0.100000,controlled_synthetic_motion,20260829,5,12.0,3487,2224,636,1184,0,79,2.224,0.6377975336965873,0.0,0.18666666666666668,269.46942446043164,200.0,600.0000000000001,600.0000000000001,0.3395468884427875,0.02265557786062518,0.3622024663034127,0.7882683808758537,53,0,0,0.0,0.0,0,0,0.0,0.0,0.6103225488018559,0.7575587309876187,12.082163420187928,5.9993373358125035e-05,0.17514749519876227,0.31983179751055474,104,deadline,deadline_s=0.5,1.0,0.1,0.72,poisson,single,12000,0.5,18.0,70.0,ber,perfect,True,False
oracle,synthetic-20260829-v5-slots120-dt0.100000,controlled_synthetic_motion,20260829,5,12.0,3487,2224,636,1184,0,79,2.224,0.6377975336965873,0.0,0.18666666666666668,269.46942446043164,200.0,600.0000000000001,600.0000000000001,0.3395468884427875,0.02265557786062518,0.3622024663034127,0.7882683808758537,53,0,0,0.0,0.0,0,0,0.0,0.0,0.6103225488018559,0.7575587309876187,12.082163420187928,5.9993373358125035e-05,0.17514749519876227,0.31983179751055474,104,deadline,deadline_s=0.5,1.0,0.1,0.72,poisson,single,12000,0.5,18.0,70.0,ber,perfect,True,False
reactive_greedy,synthetic-20260829-v5-slots120-dt0.100000,controlled_synthetic_motion,20260829,5,12.0,3487,2199,94,1131,0,157,2.199,0.6306280470318325,0.0,0.18666666666666668,223.69258753979082,200.0,500.0,900.0,0.32434757671350734,0.045024376254660166,0.3693719529681675,0.7810365608678184,72,0,0,0.0,0.0,0,0,0.0,0.0,0.5943904383253671,0.7372889570792311,13.096026322974422,2.253390114547688e-06,0.022155349087121592,0.3942462799928512,110,deadline,deadline_s=1,1.0,0.1,0.72,poisson,single,12000,1.0,18.0,70.0,ber,perfect,True,False
proportional_fair,synthetic-20260829-v5-slots120-dt0.100000,controlled_synthetic_motion,20260829,5,12.0,3487,1422,5,1815,0,250,1.422,0.40780040149125324,0.0,0.18666666666666668,458.57946554149083,300.00000000000006,1100.0,1100.0,0.5205047318611987,0.07169486664754804,0.5921995985087468,0.5130574527922861,62,0,0,0.0,0.0,0,0,0.0,0.0,0.6629718396212496,0.6834372409977351,14.217337845253331,3.9104966488965495e-07,0.0046180358609130955,0.5601622612734161,50,deadline,deadline_s=1,1.0,0.1,0.72,poisson,single,12000,1.0,18.0,70.0,ber,perfect,True,False
kalman_predictive,synthetic-20260829-v5-slots120-dt0.100000,controlled_synthetic_motion,20260829,5,12.0,3487,2257,1205,1050,0,180,2.257,0.6472612560940637,0.0,0.18666666666666668,433.9388568896766,400.0,1000.0,1100.0,0.3011184399197018,0.051620303986234586,0.35273874390593635,0.7810365608678184,98,0,0,0.0,0.0,0,0,0.0,0.0,0.643359811363767,0.7868814352499275,11.607375574597512,9.30827816698269e-05,0.25811650030089583,0.2877433992430014,92,deadline,deadline_s=1,1.0,0.1,0.72,poisson,single,12000,1.0,18.0,70.0,ber,perfect,True,False
link_lifetime,synthetic-20260829-v5-slots120-dt0.100000,controlled_synthetic_motion,20260829,5,12.0,3487,2248,1203,1059,0,180,2.248,0.644680240894752,0.0,0.18666666666666668,433.0071174377224,400.0,1000.0,1100.0,0.3036994551190135,0.051620303986234586,0.35531975910524805,0.778224186420249,98,0,0,0.0,0.0,0,0,0.0,0.0,0.6409456588601614,0.7866821131066005,11.60379774578021,9.843374133406502e-05,0.2582008740060035,0.2877573667659066,94,deadline,deadline_s=1,1.0,0.1,0.72,poisson,single,12000,1.0,18.0,70.0,ber,perfect,True,False
oracle,synthetic-20260829-v5-slots120-dt0.100000,controlled_synthetic_motion,20260829,5,12.0,3487,2248,1203,1059,0,180,2.248,0.644680240894752,0.0,0.18666666666666668,433.0071174377224,400.0,1000.0,1100.0,0.3036994551190135,0.051620303986234586,0.35531975910524805,0.778224186420249,98,0,0,0.0,0.0,0,0,0.0,0.0,0.6409456588601614,0.7866821131066005,11.60379774578021,9.843374133406502e-05,0.2582008740060035,0.2877573667659066,94,deadline,deadline_s=1,1.0,0.1,0.72,poisson,single,12000,1.0,18.0,70.0,ber,perfect,True,False
reactive_greedy,synthetic-20260829-v5-slots120-dt0.100000,controlled_synthetic_motion,20260829,5,12.0,3487,471,1467,2660,0,356,0.471,0.1350731287639805,0.18333333333333332,0.8366666666666667,207.0063694267516,100.0,900.0,1230.0000000000014,0.7628333811299111,0.10209349010610841,0.8649268712360195,0.0,31,0,0,0.0,0.0,0,0,0.0,0.0,0.2,0.19999999999999998,9.905055756738202,0.009618697773196625,0.3444757266930921,0.7704566469923579,1,reference_snr,snr_offset_db=-6,1.0,0.1,0.72,poisson,single,12000,1.2,12.0,70.0,ber,perfect,True,False
proportional_fair,synthetic-20260829-v5-slots120-dt0.100000,controlled_synthetic_motion,20260829,5,12.0,3487,471,1467,2660,0,356,0.471,0.1350731287639805,0.18333333333333332,0.8366666666666667,207.0063694267516,100.0,900.0,1230.0000000000014,0.7628333811299111,0.10209349010610841,0.8649268712360195,0.0,31,0,0,0.0,0.0,0,0,0.0,0.0,0.2,0.19999999999999998,9.905055756738202,0.009618697773196625,0.3444757266930921,0.7704566469923579,1,reference_snr,snr_offset_db=-6,1.0,0.1,0.72,poisson,single,12000,1.2,12.0,70.0,ber,perfect,True,False
kalman_predictive,synthetic-20260829-v5-slots120-dt0.100000,controlled_synthetic_motion,20260829,5,12.0,3487,468,1508,2663,0,356,0.468,0.1342127903642099,0.19166666666666668,0.8366666666666667,207.69230769230768,100.0,900.0,1232.9999999999986,0.7636937195296817,0.10209349010610841,0.86578720963579,0.0,31,0,0,0.0,0.0,0,0,0.0,0.0,0.2,0.19999999999999998,10.10836186037935,0.005820527445805213,0.3528012159767434,0.7758705796504547,7,reference_snr,snr_offset_db=-6,1.0,0.1,0.72,poisson,single,12000,1.2,12.0,70.0,ber,perfect,True,False
link_lifetime,synthetic-20260829-v5-slots120-dt0.100000,controlled_synthetic_motion,20260829,5,12.0,3487,471,1467,2660,0,356,0.471,0.1350731287639805,0.18333333333333332,0.8366666666666667,207.0063694267516,100.0,900.0,1230.0000000000014,0.7628333811299111,0.10209349010610841,0.8649268712360195,0.0,31,0,0,0.0,0.0,0,0,0.0,0.0,0.2,0.19999999999999998,10.159475281827135,0.005728816171862292,0.3444757266930921,0.7821018556763507,7,reference_snr,snr_offset_db=-6,1.0,0.1,0.72,poisson,single,12000,1.2,12.0,70.0,ber,perfect,True,False
oracle,synthetic-20260829-v5-slots120-dt0.100000,controlled_synthetic_motion,20260829,5,12.0,3487,471,1467,2660,0,356,0.471,0.1350731287639805,0.18333333333333332,0.8366666666666667,207.0063694267516,100.0,900.0,1230.0000000000014,0.7628333811299111,0.10209349010610841,0.8649268712360195,0.0,31,0,0,0.0,0.0,0,0,0.0,0.0,0.2,0.19999999999999998,10.159475281827135,0.005728816171862292,0.3444757266930921,0.7821018556763507,7,reference_snr,snr_offset_db=-6,1.0,0.1,0.72,poisson,single,12000,1.2,12.0,70.0,ber,perfect,True,False
reactive_greedy,synthetic-20260829-v5-slots120-dt0.100000,controlled_synthetic_motion,20260829,5,12.0,3487,1059,1363,2072,0,356,1.059,0.3036994551190135,0.0,0.49833333333333335,283.7582625118036,200.0,900.0,1300.0,0.5942070547748781,0.10209349010610841,0.6963005448809865,0.5687432867883996,71,0,0,0.0,0.0,0,0,0.0,0.0,0.43552406490835976,0.4275226402483055,12.288024506895287,8.089289259379195e-05,0.29369584730194315,0.6709983832317408,57,reference_snr,snr_offset_db=-3,1.0,0.1,0.72,poisson,single,12000,1.2,15.0,70.0,ber,perfect,True,False
proportional_fair,synthetic-20260829-v5-slots120-dt0.100000,controlled_synthetic_motion,20260829,5,12.0,3487,529,860,2602,0,356,0.529,0.15170633782621165,0.0,0.49833333333333335,187.52362948960302,100.0,1100.0,1400.0000000000002,0.74620017206768,0.10209349010610841,0.8482936621737883,0.2841031149301826,71,0,0,0.0,0.0,0,0,0.0,0.0,0.23424223527097554,0.21833024392884634,13.247942252399666,6.68993795195297e-05,0.17617575139945096,0.7830067482271819,4,reference_snr,snr_offset_db=-3,1.0,0.1,0.72,poisson,single,12000,1.2,15.0,70.0,ber,perfect,True,False
kalman_predictive,synthetic-20260829-v5-slots120-dt0.100000,controlled_synthetic_motion,20260829,5,12.0,3487,1044,1831,2088,0,355,1.044,0.2993977631201606,0.0,0.49833333333333335,451.62835249042143,300.00000000000006,1200.0000000000002,1500.0,0.5987955262403212,0.10180671063951821,0.7006022368798394,0.5601503759398496,109,0,0,0.0,0.0,0,0,0.0,0.0,0.4407824550193511,0.4516932331212643,11.604053416177775,0.0001264328932176343,0.3805072947509652,0.5727076990071862,46,reference_snr,snr_offset_db=-3,1.0,0.1,0.72,poisson,single,12000,1.2,15.0,70.0,ber,perfect,True,False
link_lifetime,synthetic-20260829-v5-slots120-dt0.100000,controlled_synthetic_motion,20260829,5,12.0,3487,1070,1853,2062,0,355,1.07,0.30685402925150557,0.0,0.49833333333333335,469.25233644859816,300.00000000000006,1200.0000000000002,1600.0,0.5913392601089762,0.10180671063951821,0.6931459707484944,0.5741138560687433,109,0,0,0.0,0.0,0,0,0.0,0.0,0.446943730920277,0.4654606710472886,11.57439553896799,0.00012711270189005427,0.3856190445614967,0.5704683648777169,47,reference_snr,snr_offset_db=-3,1.0,0.1,0.72,poisson,single,12000,1.2,15.0,70.0,ber,perfect,True,False
oracle,synthetic-20260829-v5-slots120-dt0.100000,controlled_synthetic_motion,20260829,5,12.0,3487,1070,1853,2062,0,355,1.07,0.30685402925150557,0.0,0.49833333333333335,469.25233644859816,300.00000000000006,1200.0000000000002,1600.0,0.5913392601089762,0.10180671063951821,0.6931459707484944,0.5741138560687433,109,0,0,0.0,0.0,0,0,0.0,0.0,0.446943730920277,0.4654606710472886,11.57439553896799,0.00012711270189005427,0.3856190445614967,0.5704683648777169,47,reference_snr,snr_offset_db=-3,1.0,0.1,0.72,poisson,single,12000,1.2,15.0,70.0,ber,perfect,True,False
reactive_greedy,synthetic-20260829-v5-slots120-dt0.100000,controlled_synthetic_motion,20260829,5,12.0,3487,2224,124,1073,0,190,2.224,0.6377975336965873,0.0,0.18666666666666668,234.3974820143885,200.0,600.0000000000001,1100.0,0.3077143676512762,0.05448809865213651,0.3622024663034127,0.7854560064282845,90,0,0,0.0,0.0,0,0,0.0,0.0,0.6021773060524823,0.7427078682484751,13.07132058220172,2.865956589317804e-06,0.027363915238337137,0.3933588618659398,110,reference_snr,snr_offset_db=0,1.0,0.1,0.72,poisson,single,12000,1.2,18.0,70.0,ber,perfect,True,False
proportional_fair,synthetic-20260829-v5-slots120-dt0.100000,controlled_synthetic_motion,20260829,5,12.0,3487,1441,4,1751,0,295,1.441,0.41324921135646686,0.0,0.18666666666666668,528.2442748091603,300.00000000000006,1400.0000000000002,1500.0,0.5021508459994264,0.08459994264410668,0.5867507886435331,0.5130574527922861,80,0,0,0.0,0.0,0,0,0.0,0.0,0.6743167872805771,0.6951681663685317,14.217337845253331,3.9104966488965495e-07,0.0046180358609130955,0.5601622612734161,50,reference_snr,snr_offset_db=0,1.0,0.1,0.72,poisson,single,12000,1.2,18.0,70.0,ber,perfect,True,False
kalman_predictive,synthetic-20260829-v5-slots120-dt0.100000,controlled_synthetic_motion,20260829,5,12.0,3487,2242,1229,1048,0,197,2.242,0.6429595640952108,0.0,0.18666666666666668,431.08831400535234,400.0,1000.0,1300.0,0.3005448809865214,0.056495554918267854,0.35704043590478923,0.7754118119726798,118,0,0,0.0,0.0,0,0,0.0,0.0,0.6311076290668666,0.7862674132534756,11.612419779498838,9.07991266269142e-05,0.26031476168721873,0.2878836805449725,91,reference_snr,snr_offset_db=0,1.0,0.1,0.72,poisson,single,12000,1.2,18.0,70.0,ber,perfect,True,False
link_lifetime,synthetic-20260829-v5-slots120-dt0.100000,controlled_synthetic_motion,20260829,5,12.0,3487,2235,1260,1051,0,201,2.235,0.6409521078290794,0.0,0.18666666666666668,442.0134228187919,400.0,1100.0,1400.0000000000002,0.30140521938629194,0.05764267278462862,0.35904789217092054,0.7725994375251105,116,0,0,0.0,0.0,0,0,0.0,0.0,0.6425094426626347,0.7886336809833184,11.579289223067024,0.00010242517459896236,0.26997508716187835,0.286347982488336,92,reference_snr,snr_offset_db=0,1.0,0.1,0.72,poisson,single,12000,1.2,18.0,70.0,ber,perfect,True,False
oracle,synthetic-20260829-v5-slots120-dt0.100000,controlled_synthetic_motion,20260829,5,12.0,3487,2235,1260,1051,0,201,2.235,0.6409521078290794,0.0,0.18666666666666668,442.0134228187919,400.0,1100.0,1400.0000000000002,0.30140521938629194,0.05764267278462862,0.35904789217092054,0.7725994375251105,116,0,0,0.0,0.0,0,0,0.0,0.0,0.6425094426626347,0.7886336809833184,11.579289223067024,0.00010242517459896236,0.26997508716187835,0.286347982488336,92,reference_snr,snr_offset_db=0,1.0,0.1,0.72,poisson,single,12000,1.2,18.0,70.0,ber,perfect,True,False
reactive_greedy,synthetic-20260829-v5-slots120-dt0.100000,controlled_synthetic_motion,20260829,5,12.0,3487,3275,97,109,0,103,3.275,0.9392027530828793,0.0,0.035,299.08396946564886,300.00000000000006,600.0000000000001,1000.0,0.03125896185833094,0.02953828505878979,0.06079724691712073,0.9655070754716981,21,0,0,0.0,0.0,0,0,0.0,0.0,0.8940200007085061,0.9946539272129328,14.34243377387788,2.2577881915642394e-06,0.023391570096442278,0.2887174656675632,119,reference_snr,snr_offset_db=3,1.0,0.1,0.72,poisson,single,12000,1.2,21.0,70.0,ber,perfect,True,False
proportional_fair,synthetic-20260829-v5-slots120-dt0.100000,controlled_synthetic_motion,20260829,5,12.0,3487,1977,7,1229,0,281,1.977,0.5669630054488098,0.0,0.035,521.1937278705109,400.0,1300.0,1500.0,0.3524519644393461,0.080585030111844,0.43303699455119016,0.5828419811320755,5,0,0,0.0,0.0,0,0,0.0,0.0,0.927445515798016,0.8552442719742285,14.031570677959756,1.560940110077405e-07,0.0018529149295438314,0.25289932460975273,74,reference_snr,snr_offset_db=3,1.0,0.1,0.72,poisson,single,12000,1.2,21.0,70.0,ber,perfect,True,False
kalman_predictive,synthetic-20260829-v5-slots120-dt0.100000,controlled_synthetic_motion,20260829,5,12.0,3487,3261,223,103,0,123,3.261,0.9351878405506165,0.0,0.035,322.0177859552285,300.00000000000006,600.0000000000001,940.0000000000091,0.02953828505878979,0.03527387439059363,0.06481215944938343,0.9613797169811321,46,0,0,0.0,0.0,0,0,0.0,0.0,0.8939109419624375,0.9914356656740527,14.010232845434343,6.588817091932279e-06,0.05264233951516913,0.27547691163829685,117,reference_snr,snr_offset_db=3,1.0,0.1,0.72,poisson,single,12000,1.2,21.0,70.0,ber,perfect,True,False
link_lifetime,synthetic-20260829-v5-slots120-dt0.100000,controlled_synthetic_motion,20260829,5,12.0,3487,3327,216,57,0,103,3.327,0.9541152853455692,0.0,0.035,321.0399759543132,300.00000000000006,600.0000000000001,900.0,0.016346429595640952,0.02953828505878979,0.045884714654430746,0.9808372641509434,5,0,0,0.0,0.0,0,0,0.0,0.0,0.9049146031949764,0.9963171538822159,14.163331389250407,6.4623068533002056e-06,0.0516202094992581,0.2917085448625489,117,reference_snr,snr_offset_db=3,1.0,0.1,0.72,poisson,single,12000,1.2,21.0,70.0,ber,perfect,True,False
oracle,synthetic-20260829-v5-slots120-dt0.100000,controlled_synthetic_motion,20260829,5,12.0,3487,3327,216,57,0,103,3.327,0.9541152853455692,0.0,0.035,321.0399759543132,300.00000000000006,600.0000000000001,900.0,0.016346429595640952,0.02953828505878979,0.045884714654430746,0.9808372641509434,5,0,0,0.0,0.0,0,0,0.0,0.0,0.9049146031949764,0.9963171538822159,14.163331389250407,6.4623068533002056e-06,0.0516202094992581,0.2917085448625489,117,reference_snr,snr_offset_db=3,1.0,0.1,0.72,poisson,single,12000,1.2,21.0,70.0,ber,perfect,True,False
reactive_greedy,synthetic-20260829-v5-slots120-dt0.100000,controlled_synthetic_motion,20260829,5,12.0,3487,3334,0,58,0,95,3.334,0.9561227416117006,0.0,0.035,285.8128374325135,300.00000000000006,600.0000000000001,700.0000000000001,0.016633209062231143,0.027244049326068255,0.043877258388299395,0.9829009433962265,23,0,0,0.0,0.0,0,0,0.0,0.0,0.8985832762736569,0.994127557074102,17.257885891260003,1.0617286211700262e-09,1.2736912901346561e-05,0.28889982425370675,119,reference_snr,snr_offset_db=6,1.0,0.1,0.72,poisson,single,12000,1.2,24.0,70.0,ber,perfect,True,False
proportional_fair,synthetic-20260829-v5-slots120-dt0.100000,controlled_synthetic_motion,20260829,5,12.0,3487,2276,0,922,0,289,2.276,0.6527100659592773,0.0,0.035,662.3462214411247,600.0000000000001,1400.0000000000002,1600.0,0.26441066819615716,0.08287926584456552,0.34728993404072267,0.6709905660377359,50,0,0,0.0,0.0,0,0,0.0,0.0,0.9952250035062238,0.9374690875727444,17.12480166306732,7.218070857765808e-10,8.659315057102461e-06,0.25260904248145744,79,reference_snr,snr_offset_db=6,1.0,0.1,0.72,poisson,single,12000,1.2,24.0,70.0,ber,perfect,True,False
kalman_predictive,synthetic-20260829-v5-slots120-dt0.100000,controlled_synthetic_motion,20260829,5,12.0,3487,3321,0,80,0,86,3.321,0.9523946085460281,0.0,0.035,284.643179765131,300.00000000000006,500.0,600.0000000000001,0.022942357327215373,0.024663034126756526,0.0476053914539719,0.9790683962264151,43,0,0,0.0,0.0,0,0,0.0,0.0,0.8891164855965519,0.9913367659857878,17.172758553223296,1.4014798559243614e-09,1.6810516476261864e-05,0.2836222413083076,119,reference_snr,snr_offset_db=6,1.0,0.1,0.72,poisson,single,12000,1.2,24.0,70.0,ber,perfect,True,False
link_lifetime,synthetic-20260829-v5-slots120-dt0.100000,controlled_synthetic_motion,20260829,5,12.0,3487,3347,0,50,0,90,3.347,0.9598508746773731,0.0,0.035,288.5270391395279,300.00000000000006,500.0,600.0000000000001,0.014338973329509607,0.025810151993117293,0.0401491253226269,0.9867334905660378,15,0,0,0.0,0.0,0,0,0.0,0.0,0.8936636518652215,0.9950708821340504,17.210678663809805,1.4197407538064107e-09,1.702964363424264e-05,0.2905057592633504,119,reference_snr,snr_offset_db=6,1.0,0.1,0.72,poisson,single,12000,1.2,24.0,70.0,ber,perfect,True,False
oracle,synthetic-20260829-v5-slots120-dt0.100000,controlled_synthetic_motion,20260829,5,12.0,3487,3347,0,50,0,90,3.347,0.9598508746773731,0.0,0.035,288.5270391395279,300.00000000000006,500.0,600.0000000000001,0.014338973329509607,0.025810151993117293,0.0401491253226269,0.9867334905660378,15,0,0,0.0,0.0,0,0,0.0,0.0,0.8936636518652215,0.9950708821340504,17.210678663809805,1.4197407538064107e-09,1.702964363424264e-05,0.2905057592633504,119,reference_snr,snr_offset_db=6,1.0,0.1,0.72,poisson,single,12000,1.2,24.0,70.0,ber,perfect,True,False
reactive_greedy,synthetic-20260829-v5-slots120-dt0.100000,controlled_synthetic_motion,20260829,5,12.0,3487,2142,125,1155,0,190,2.142,0.6142816174361916,0.0,0.21333333333333335,223.8562091503268,200.0,500.0,1059.0000000000146,0.3312302839116719,0.05448809865213651,0.3857183825638084,0.7748756218905473,97,0,0,0.0,0.0,0,0,0.0,0.0,0.5843536869132633,0.738939874646966,12.808096747838388,3.1043846674740736e-06,0.029968931606446654,0.35804908365082094,108,field_of_view,fov_deg=50,1.0,0.1,0.72,poisson,single,12000,1.2,18.0,50.0,ber,perfect,True,False
proportional_fair,synthetic-20260829-v5-slots120-dt0.100000,controlled_synthetic_motion,20260829,5,12.0,3487,1524,12,1668,0,295,1.524,0.4370519070834528,0.0,0.21333333333333335,477.6902887139108,300.00000000000006,1300.0,1500.0,0.4783481502724405,0.08459994264410668,0.5629480929165471,0.5588723051409619,81,0,0,0.0,0.0,0,0,0.0,0.0,0.6350625061521803,0.7335500986604425,13.393091509396566,5.018407450461609e-07,0.005902117397316004,0.44594372798008014,46,field_of_view,fov_deg=50,1.0,0.1,0.72,poisson,single,12000,1.2,18.0,50.0,ber,perfect,True,False
kalman_predictive,synthetic-20260829-v5-slots120-dt0.100000,controlled_synthetic_motion,20260829,5,12.0,3487,2129,1260,1144,0,214,2.129,0.610553484370519,0.0,0.21333333333333335,416.6744950681071,300.00000000000006,1000.0,1300.0,0.3280757097791798,0.06137080585030112,0.3894465156294809,0.75,133,0,0,0.0,0.0,0,0,0.0,0.0,0.6162058804536602,0.7776685479253034,11.37737929096522,9.207193405578598e-05,0.2715162221532753,0.2587149201491716,89,field_of_view,fov_deg=50,1.0,0.1,0.72,poisson,single,12000,1.2,18.0,50.0,ber,perfect,True,False
link_lifetime,synthetic-20260829-v5-slots120-dt0.100000,controlled_synthetic_motion,20260829,5,12.0,3487,2160,1267,1123,0,204,2.16,0.619443647834815,0.0,0.21333333333333335,435.3703703703704,300.00000000000006,1100.0,1400.0000000000002,0.32205334098078575,0.0585030111843992,0.38055635216518496,0.7632669983416253,115,0,0,0.0,0.0,0,0,0.0,0.0,0.6308291801762579,0.7859508122464461,11.418560225860393,0.000102855671147178,0.2744735672260289,0.26675045163524,88,field_of_view,fov_deg=50,1.0,0.1,0.72,poisson,single,12000,1.2,18.0,50.0,ber,perfect,True,False
oracle,synthetic-20260829-v5-slots120-dt0.100000,controlled_synthetic_motion,20260829,5,12.0,3487,2160,1267,1123,0,204,2.16,0.619443647834815,0.0,0.21333333333333335,435.3703703703704,300.00000000000006,1100.0,1400.0000000000002,0.32205334098078575,0.0585030111843992,0.38055635216518496,0.7632669983416253,115,0,0,0.0,0.0,0,0,0.0,0.0,0.6308291801762579,0.7859508122464461,11.418560225860393,0.000102855671147178,0.2744735672260289,0.26675045163524,88,field_of_view,fov_deg=50,1.0,0.1,0.72,poisson,single,12000,1.2,18.0,50.0,ber,perfect,True,False
reactive_greedy,synthetic-20260829-v5-slots120-dt0.100000,controlled_synthetic_motion,20260829,5,12.0,3487,2224,124,1073,0,190,2.224,0.6377975336965873,0.0,0.18666666666666668,234.3974820143885,200.0,600.0000000000001,1100.0,0.3077143676512762,0.05448809865213651,0.3622024663034127,0.7854560064282845,90,0,0,0.0,0.0,0,0,0.0,0.0,0.6021773060524823,0.7427078682484751,13.07132058220172,2.865956589317804e-06,0.027363915238337137,0.3933588618659398,110,field_of_view,fov_deg=70,1.0,0.1,0.72,poisson,single,12000,1.2,18.0,70.0,ber,perfect,True,False
proportional_fair,synthetic-20260829-v5-slots120-dt0.100000,controlled_synthetic_motion,20260829,5,12.0,3487,1441,4,1751,0,295,1.441,0.41324921135646686,0.0,0.18666666666666668,528.2442748091603,300.00000000000006,1400.0000000000002,1500.0,0.5021508459994264,0.08459994264410668,0.5867507886435331,0.5130574527922861,80,0,0,0.0,0.0,0,0,0.0,0.0,0.6743167872805771,0.6951681663685317,14.217337845253331,3.9104966488965495e-07,0.0046180358609130955,0.5601622612734161,50,field_of_view,fov_deg=70,1.0,0.1,0.72,poisson,single,12000,1.2,18.0,70.0,ber,perfect,True,False
kalman_predictive,synthetic-20260829-v5-slots120-dt0.100000,controlled_synthetic_motion,20260829,5,12.0,3487,2242,1229,1048,0,197,2.242,0.6429595640952108,0.0,0.18666666666666668,431.08831400535234,400.0,1000.0,1300.0,0.3005448809865214,0.056495554918267854,0.35704043590478923,0.7754118119726798,118,0,0,0.0,0.0,0,0,0.0,0.0,0.6311076290668666,0.7862674132534756,11.612419779498838,9.07991266269142e-05,0.26031476168721873,0.2878836805449725,91,field_of_view,fov_deg=70,1.0,0.1,0.72,poisson,single,12000,1.2,18.0,70.0,ber,perfect,True,False
link_lifetime,synthetic-20260829-v5-slots120-dt0.100000,controlled_synthetic_motion,20260829,5,12.0,3487,2235,1260,1051,0,201,2.235,0.6409521078290794,0.0,0.18666666666666668,442.0134228187919,400.0,1100.0,1400.0000000000002,0.30140521938629194,0.05764267278462862,0.35904789217092054,0.7725994375251105,116,0,0,0.0,0.0,0,0,0.0,0.0,0.6425094426626347,0.7886336809833184,11.579289223067024,0.00010242517459896236,0.26997508716187835,0.286347982488336,92,field_of_view,fov_deg=70,1.0,0.1,0.72,poisson,single,12000,1.2,18.0,70.0,ber,perfect,True,False
oracle,synthetic-20260829-v5-slots120-dt0.100000,controlled_synthetic_motion,20260829,5,12.0,3487,2235,1260,1051,0,201,2.235,0.6409521078290794,0.0,0.18666666666666668,442.0134228187919,400.0,1100.0,1400.0000000000002,0.30140521938629194,0.05764267278462862,0.35904789217092054,0.7725994375251105,116,0,0,0.0,0.0,0,0,0.0,0.0,0.6425094426626347,0.7886336809833184,11.579289223067024,0.00010242517459896236,0.26997508716187835,0.286347982488336,92,field_of_view,fov_deg=70,1.0,0.1,0.72,poisson,single,12000,1.2,18.0,70.0,ber,perfect,True,False
reactive_greedy,synthetic-20260829-v5-slots120-dt0.100000,controlled_synthetic_motion,20260829,5,12.0,3487,2271,127,1030,0,186,2.271,0.6512761686263263,0.0,0.17,238.13298106560987,200.0,600.0000000000001,1100.0,0.2953828505878979,0.05334098078577574,0.34872383137367363,0.7891210090658258,92,0,0,0.0,0.0,0,0,0.0,0.0,0.6107112217620537,0.7418888509697543,13.159649588610144,2.864584694849601e-06,0.02722756276593824,0.40191861984070537,110,field_of_view,fov_deg=90,1.0,0.1,0.72,poisson,single,12000,1.2,18.0,90.0,ber,perfect,True,False
proportional_fair,synthetic-20260829-v5-slots120-dt0.100000,controlled_synthetic_motion,20260829,5,12.0,3487,1398,4,1794,0,295,1.398,0.4009176942930886,0.0,0.17,506.50929899856936,300.00000000000006,1300.0,1500.0,0.5144823630628047,0.08459994264410668,0.5990823057069113,0.4903429247142294,118,0,0,0.0,0.0,0,0,0.0,0.0,0.6759345786311869,0.6800949054823874,14.324262764619947,3.466188510417559e-07,0.004100743898651696,0.5718976978211451,49,field_of_view,fov_deg=90,1.0,0.1,0.72,poisson,single,12000,1.2,18.0,90.0,ber,perfect,True,False
kalman_predictive,synthetic-20260829-v5-slots120-dt0.100000,controlled_synthetic_motion,20260829,5,12.0,3487,2279,1231,1011,0,197,2.279,0.6535704043590479,0.0,0.17,432.60201842913557,400.0,1000.0,1300.0,0.28993404072268425,0.056495554918267854,0.3464295956409521,0.7753251872290107,127,0,0,0.0,0.0,0,0,0.0,0.0,0.638393789420702,0.7861917753119761,11.675145272587647,9.075318925516036e-05,0.2597600586433818,0.29470805733014177,91,field_of_view,fov_deg=90,1.0,0.1,0.72,poisson,single,12000,1.2,18.0,90.0,ber,perfect,True,False
link_lifetime,synthetic-20260829-v5-slots120-dt0.100000,controlled_synthetic_motion,20260829,5,12.0,3487,2268,1256,1022,0,197,2.268,0.6504158302265558,0.0,0.17,440.4761904761905,400.0,1100.0,1400.0000000000002,0.29308861485517634,0.056495554918267854,0.3495841697734442,0.7709893575088688,129,0,0,0.0,0.0,0,0,0.0,0.0,0.6469706174227703,0.7882217443090196,11.64310941658181,0.00010238384037993343,0.26947247742796576,0.29363404361401974,92,field_of_view,fov_deg=90,1.0,0.1,0.72,poisson,single,12000,1.2,18.0,90.0,ber,perfect,True,False
oracle,synthetic-20260829-v5-slots120-dt0.100000,controlled_synthetic_motion,20260829,5,12.0,3487,2268,1256,1022,0,197,2.268,0.6504158302265558,0.0,0.17,440.4761904761905,400.0,1100.0,1400.0000000000002,0.29308861485517634,0.056495554918267854,0.3495841697734442,0.7709893575088688,129,0,0,0.0,0.0,0,0,0.0,0.0,0.6469706174227703,0.7882217443090196,11.64310941658181,0.00010238384037993343,0.26947247742796576,0.29363404361401974,92,field_of_view,fov_deg=90,1.0,0.1,0.72,poisson,single,12000,1.2,18.0,90.0,ber,perfect,True,False
reactive_greedy,synthetic-20260829-v5-slots120-dt0.100000,controlled_synthetic_motion,20260829,5,12.0,3487,2224,124,1073,0,190,2.224,0.6377975336965873,0.0,0.18666666666666668,234.3974820143885,200.0,600.0000000000001,1100.0,0.3077143676512762,0.05448809865213651,0.3622024663034127,0.7854560064282845,90,0,0,0.0,0.0,0,0,0.0,0.0,0.6021773060524823,0.7427078682484751,13.07132058220172,2.865956589317804e-06,0.027363915238337137,0.3933588618659398,110,outage_definition,outage=ber,1.0,0.1,0.72,poisson,single,12000,1.2,18.0,70.0,ber,perfect,True,False
proportional_fair,synthetic-20260829-v5-slots120-dt0.100000,controlled_synthetic_motion,20260829,5,12.0,3487,1441,4,1751,0,295,1.441,0.41324921135646686,0.0,0.18666666666666668,528.2442748091603,300.00000000000006,1400.0000000000002,1500.0,0.5021508459994264,0.08459994264410668,0.5867507886435331,0.5130574527922861,80,0,0,0.0,0.0,0,0,0.0,0.0,0.6743167872805771,0.6951681663685317,14.217337845253331,3.9104966488965495e-07,0.0046180358609130955,0.5601622612734161,50,outage_definition,outage=ber,1.0,0.1,0.72,poisson,single,12000,1.2,18.0,70.0,ber,perfect,True,False
kalman_predictive,synthetic-20260829-v5-slots120-dt0.100000,controlled_synthetic_motion,20260829,5,12.0,3487,2242,1229,1048,0,197,2.242,0.6429595640952108,0.0,0.18666666666666668,431.08831400535234,400.0,1000.0,1300.0,0.3005448809865214,0.056495554918267854,0.35704043590478923,0.7754118119726798,118,0,0,0.0,0.0,0,0,0.0,0.0,0.6311076290668666,0.7862674132534756,11.612419779498838,9.07991266269142e-05,0.26031476168721873,0.2878836805449725,91,outage_definition,outage=ber,1.0,0.1,0.72,poisson,single,12000,1.2,18.0,70.0,ber,perfect,True,False
link_lifetime,synthetic-20260829-v5-slots120-dt0.100000,controlled_synthetic_motion,20260829,5,12.0,3487,2235,1260,1051,0,201,2.235,0.6409521078290794,0.0,0.18666666666666668,442.0134228187919,400.0,1100.0,1400.0000000000002,0.30140521938629194,0.05764267278462862,0.35904789217092054,0.7725994375251105,116,0,0,0.0,0.0,0,0,0.0,0.0,0.6425094426626347,0.7886336809833184,11.579289223067024,0.00010242517459896236,0.26997508716187835,0.286347982488336,92,outage_definition,outage=ber,1.0,0.1,0.72,poisson,single,12000,1.2,18.0,70.0,ber,perfect,True,False
oracle,synthetic-20260829-v5-slots120-dt0.100000,controlled_synthetic_motion,20260829,5,12.0,3487,2235,1260,1051,0,201,2.235,0.6409521078290794,0.0,0.18666666666666668,442.0134228187919,400.0,1100.0,1400.0000000000002,0.30140521938629194,0.05764267278462862,0.35904789217092054,0.7725994375251105,116,0,0,0.0,0.0,0,0,0.0,0.0,0.6425094426626347,0.7886336809833184,11.579289223067024,0.00010242517459896236,0.26997508716187835,0.286347982488336,92,outage_definition,outage=ber,1.0,0.1,0.72,poisson,single,12000,1.2,18.0,70.0,ber,perfect,True,False
reactive_greedy,synthetic-20260829-v5-slots120-dt0.100000,controlled_synthetic_motion,20260829,5,12.0,3487,2080,25,1217,0,190,2.08,0.5965012905075997,0.0,0.455,211.53846153846155,200.0,400.0,1100.0,0.34901061084026386,0.05448809865213651,0.40349870949240035,0.9916579770594369,40,0,0,0.0,0.0,0,0,0.0,0.0,0.5532176619444199,0.6999130546667879,13.299750364091393,5.450904253302541e-07,0.0063592504515116634,0.41564996490382133,107,outage_definition,outage=per,1.0,0.1,0.72,poisson,single,12000,1.2,18.0,70.0,per,perfect,True,False
proportional_fair,synthetic-20260829-v5-slots120-dt0.100000,controlled_synthetic_motion,20260829,5,12.0,3487,1441,4,1751,0,295,1.441,0.41324921135646686,0.0,0.455,528.2442748091603,300.00000000000006,1400.0000000000002,1500.0,0.5021508459994264,0.08459994264410668,0.5867507886435331,0.6657977059436914,68,0,0,0.0,0.0,0,0,0.0,0.0,0.6743167872805771,0.6951681663685317,14.217337845253331,3.9104966488965495e-07,0.0046180358609130955,0.5601622612734161,50,outage_definition,outage=per,1.0,0.1,0.72,poisson,single,12000,1.2,18.0,70.0,per,perfect,True,False
kalman_predictive,synthetic-20260829-v5-slots120-dt0.100000,controlled_synthetic_motion,20260829,5,12.0,3487,1980,21,1284,0,223,1.98,0.5678233438485805,0.0,0.455,237.17171717171718,200.0,600.0000000000001,1100.0,0.3682248351018067,0.06395182104961285,0.43217665615141954,0.9358706986444213,102,0,0,0.0,0.0,0,0,0.0,0.0,0.5478801159374921,0.7025691647869674,13.452066815680148,6.043710497304234e-07,0.00706736597576199,0.4431432485083087,93,outage_definition,outage=per,1.0,0.1,0.72,poisson,single,12000,1.2,18.0,70.0,per,perfect,True,False
link_lifetime,synthetic-20260829-v5-slots120-dt0.100000,controlled_synthetic_motion,20260829,5,12.0,3487,2006,23,1258,0,223,2.006,0.5752796099799254,0.0,0.455,243.32003988035893,200.0,600.0000000000001,1100.0,0.3607685689704617,0.06395182104961285,0.42472039002007456,0.9494264859228363,77,0,0,0.0,0.0,0,0,0.0,0.0,0.5570856816139835,0.7076522033261892,13.43986828306186,6.500400687189414e-07,0.007589858004747386,0.4411803543760164,90,outage_definition,outage=per,1.0,0.1,0.72,poisson,single,12000,1.2,18.0,70.0,per,perfect,True,False
oracle,synthetic-20260829-v5-slots120-dt0.100000,controlled_synthetic_motion,20260829,5,12.0,3487,2006,23,1258,0,223,2.006,0.5752796099799254,0.0,0.455,243.32003988035893,200.0,600.0000000000001,1100.0,0.3607685689704617,0.06395182104961285,0.42472039002007456,0.9494264859228363,77,0,0,0.0,0.0,0,0,0.0,0.0,0.5570856816139835,0.7076522033261892,13.43986828306186,6.500400687189414e-07,0.007589858004747386,0.4411803543760164,90,outage_definition,outage=per,1.0,0.1,0.72,poisson,single,12000,1.2,18.0,70.0,per,perfect,True,False
reactive_greedy,synthetic-20260829-v5-slots120-dt0.100000,controlled_synthetic_motion,20260829,5,12.0,3487,2224,124,1073,0,190,2.224,0.6377975336965873,0.0,0.305,234.3974820143885,200.0,600.0000000000001,1100.0,0.3077143676512762,0.05448809865213651,0.3622024663034127,0.9013370216689719,92,0,0,0.0,0.0,0,0,0.0,0.0,0.6021773060524823,0.7427078682484751,13.07132058220172,2.865956589317804e-06,0.027363915238337137,0.3933588618659398,110,outage_definition,outage=goodput,1.0,0.1,0.72,poisson,single,12000,1.2,18.0,70.0,goodput,perfect,True,False
proportional_fair,synthetic-20260829-v5-slots120-dt0.100000,controlled_synthetic_motion,20260829,5,12.0,3487,1441,4,1751,0,295,1.441,0.41324921135646686,0.0,0.305,528.2442748091603,300.00000000000006,1400.0000000000002,1500.0,0.5021508459994264,0.08459994264410668,0.5867507886435331,0.5887505763024435,82,0,0,0.0,0.0,0,0,0.0,0.0,0.6743167872805771,0.6951681663685317,14.217337845253331,3.9104966488965495e-07,0.0046180358609130955,0.5601622612734161,50,outage_definition,outage=goodput,1.0,0.1,0.72,poisson,single,12000,1.2,18.0,70.0,goodput,perfect,True,False
kalman_predictive,synthetic-20260829-v5-slots120-dt0.100000,controlled_synthetic_motion,20260829,5,12.0,3487,2234,412,1055,0,198,2.234,0.6406653283624892,0.0,0.305,313.7869292748433,200.0,800.0,1200.0000000000002,0.30255233725265274,0.056782334384858045,0.35933467163751076,0.8833563854310742,121,0,0,0.0,0.0,0,0,0.0,0.0,0.6240480956912192,0.7715427852420753,12.423572764515738,1.4714812600339414e-05,0.09948394984473137,0.33620426829314615,96,outage_definition,outage=goodput,1.0,0.1,0.72,poisson,single,12000,1.2,18.0,70.0,goodput,perfect,True,False
link_lifetime,synthetic-20260829-v5-slots120-dt0.100000,controlled_synthetic_motion,20260829,5,12.0,3487,2245,524,1044,0,198,2.245,0.6438199024949813,0.0,0.305,325.70155902004456,300.00000000000006,800.0,1200.0000000000002,0.2993977631201606,0.056782334384858045,0.35618009750501867,0.888427846934071,113,0,0,0.0,0.0,0,0,0.0,0.0,0.6300137564821406,0.779029586834571,12.309164984450282,1.913514527411383e-05,0.12148481561737444,0.32987441790813715,94,outage_definition,outage=goodput,1.0,0.1,0.72,poisson,single,12000,1.2,18.0,70.0,goodput,perfect,True,False
oracle,synthetic-20260829-v5-slots120-dt0.100000,controlled_synthetic_motion,20260829,5,12.0,3487,2245,524,1044,0,198,2.245,0.6438199024949813,0.0,0.305,325.70155902004456,300.00000000000006,800.0,1200.0000000000002,0.2993977631201606,0.056782334384858045,0.35618009750501867,0.888427846934071,113,0,0,0.0,0.0,0,0,0.0,0.0,0.6300137564821406,0.779029586834571,12.309164984450282,1.913514527411383e-05,0.12148481561737444,0.32987441790813715,94,outage_definition,outage=goodput,1.0,0.1,0.72,poisson,single,12000,1.2,18.0,70.0,goodput,perfect,True,False
reactive_greedy,synthetic-20260829-v5-slots120-dt0.100000,controlled_synthetic_motion,20260829,5,12.0,3487,2224,124,1073,0,190,2.224,0.6377975336965873,0.0,0.18666666666666668,234.3974820143885,200.0,600.0000000000001,1100.0,0.3077143676512762,0.05448809865213651,0.3622024663034127,0.7854560064282845,90,0,0,0.0,0.0,0,0,0.0,0.0,0.6021773060524823,0.7427078682484751,13.07132058220172,2.865956589317804e-06,0.027363915238337137,0.3933588618659398,110,sensing_uncertainty,perfect,1.0,0.1,0.72,poisson,single,12000,1.2,18.0,70.0,ber,perfect,True,False
proportional_fair,synthetic-20260829-v5-slots120-dt0.100000,controlled_synthetic_motion,20260829,5,12.0,3487,1441,4,1751,0,295,1.441,0.41324921135646686,0.0,0.18666666666666668,528.2442748091603,300.00000000000006,1400.0000000000002,1500.0,0.5021508459994264,0.08459994264410668,0.5867507886435331,0.5130574527922861,80,0,0,0.0,0.0,0,0,0.0,0.0,0.6743167872805771,0.6951681663685317,14.217337845253331,3.9104966488965495e-07,0.0046180358609130955,0.5601622612734161,50,sensing_uncertainty,perfect,1.0,0.1,0.72,poisson,single,12000,1.2,18.0,70.0,ber,perfect,True,False
kalman_predictive,synthetic-20260829-v5-slots120-dt0.100000,controlled_synthetic_motion,20260829,5,12.0,3487,2242,1229,1048,0,197,2.242,0.6429595640952108,0.0,0.18666666666666668,431.08831400535234,400.0,1000.0,1300.0,0.3005448809865214,0.056495554918267854,0.35704043590478923,0.7754118119726798,118,0,0,0.0,0.0,0,0,0.0,0.0,0.6311076290668666,0.7862674132534756,11.612419779498838,9.07991266269142e-05,0.26031476168721873,0.2878836805449725,91,sensing_uncertainty,perfect,1.0,0.1,0.72,poisson,single,12000,1.2,18.0,70.0,ber,perfect,True,False
link_lifetime,synthetic-20260829-v5-slots120-dt0.100000,controlled_synthetic_motion,20260829,5,12.0,3487,2235,1260,1051,0,201,2.235,0.6409521078290794,0.0,0.18666666666666668,442.0134228187919,400.0,1100.0,1400.0000000000002,0.30140521938629194,0.05764267278462862,0.35904789217092054,0.7725994375251105,116,0,0,0.0,0.0,0,0,0.0,0.0,0.6425094426626347,0.7886336809833184,11.579289223067024,0.00010242517459896236,0.26997508716187835,0.286347982488336,92,sensing_uncertainty,perfect,1.0,0.1,0.72,poisson,single,12000,1.2,18.0,70.0,ber,perfect,True,False
oracle,synthetic-20260829-v5-slots120-dt0.100000,controlled_synthetic_motion,20260829,5,12.0,3487,2235,1260,1051,0,201,2.235,0.6409521078290794,0.0,0.18666666666666668,442.0134228187919,400.0,1100.0,1400.0000000000002,0.30140521938629194,0.05764267278462862,0.35904789217092054,0.7725994375251105,116,0,0,0.0,0.0,0,0,0.0,0.0,0.6425094426626347,0.7886336809833184,11.579289223067024,0.00010242517459896236,0.26997508716187835,0.286347982488336,92,sensing_uncertainty,perfect,1.0,0.1,0.72,poisson,single,12000,1.2,18.0,70.0,ber,perfect,True,False
reactive_greedy,synthetic-20260829-v5-slots120-dt0.100000,controlled_synthetic_motion,20260829,5,12.0,3487,2224,124,1073,0,190,2.224,0.6377975336965873,0.0,0.18666666666666668,234.3974820143885,200.0,600.0000000000001,1100.0,0.3077143676512762,0.05448809865213651,0.3622024663034127,0.7854560064282845,90,0,0,0.0,0.0,0,0,0.0,0.0,0.6021773060524823,0.7427078682484751,13.07132058220172,2.865956589317804e-06,0.027363915238337137,0.3933588618659398,110,sensing_uncertainty,cartesian_0.75m,1.0,0.1,0.72,poisson,single,12000,1.2,18.0,70.0,ber,cartesian_iid,False,False
proportional_fair,synthetic-20260829-v5-slots120-dt0.100000,controlled_synthetic_motion,20260829,5,12.0,3487,1441,4,1751,0,295,1.441,0.41324921135646686,0.0,0.18666666666666668,528.2442748091603,300.00000000000006,1400.0000000000002,1500.0,0.5021508459994264,0.08459994264410668,0.5867507886435331,0.5130574527922861,80,0,0,0.0,0.0,0,0,0.0,0.0,0.6743167872805771,0.6951681663685317,14.217337845253331,3.9104966488965495e-07,0.0046180358609130955,0.5601622612734161,50,sensing_uncertainty,cartesian_0.75m,1.0,0.1,0.72,poisson,single,12000,1.2,18.0,70.0,ber,cartesian_iid,False,False
kalman_predictive,synthetic-20260829-v5-slots120-dt0.100000,controlled_synthetic_motion,20260829,5,12.0,3487,2258,1247,1032,0,197,2.258,0.6475480355606539,0.0,0.18666666666666668,431.3551815766165,400.0,1000.0,1342.9999999999836,0.29595640952107827,0.056495554918267854,0.3524519644393461,0.7802330253113701,109,0,0,0.0,0.0,0,0,0.0,0.0,0.6337879245555087,0.7874147347582844,11.605178276347283,9.01998691087822e-05,0.26256489617310114,0.2868888313966257,91,sensing_uncertainty,cartesian_0.75m,1.0,0.1,0.72,poisson,single,12000,1.2,18.0,70.0,ber,cartesian_iid,False,False
link_lifetime,synthetic-20260829-v5-slots120-dt0.100000,controlled_synthetic_motion,20260829,5,12.0,3487,2305,1485,994,0,188,2.305,0.6610266704903929,0.0,0.18666666666666668,465.24945770065074,400.0,1100.0,1400.0000000000002,0.28505878979065097,0.05391453971895612,0.3389733295096071,0.8027320208919244,80,0,0,0.0,0.0,0,0,0.0,0.0,0.6583368183015039,0.7976455139897136,11.374159658315493,0.0001080454145157016,0.3176350871926129,0.2753108151458387,99,sensing_uncertainty,cartesian_0.75m,1.0,0.1,0.72,poisson,single,12000,1.2,18.0,70.0,ber,cartesian_iid,False,False
oracle,synthetic-20260829-v5-slots120-dt0.100000,controlled_synthetic_motion,20260829,5,12.0,3487,2235,1260,1051,0,201,2.235,0.6409521078290794,0.0,0.18666666666666668,442.0134228187919,400.0,1100.0,1400.0000000000002,0.30140521938629194,0.05764267278462862,0.35904789217092054,0.7725994375251105,116,0,0,0.0,0.0,0,0,0.0,0.0,0.6425094426626347,0.7886336809833184,11.579289223067024,0.00010242517459896236,0.26997508716187835,0.286347982488336,92,sensing_uncertainty,cartesian_0.75m,1.0,0.1,0.72,poisson,single,12000,1.2,18.0,70.0,ber,cartesian_iid,False,False
reactive_greedy,synthetic-20260829-v5-slots120-dt0.100000,controlled_synthetic_motion,20260829,5,12.0,3487,2224,124,1073,0,190,2.224,0.6377975336965873,0.0,0.18666666666666668,234.3974820143885,200.0,600.0000000000001,1100.0,0.3077143676512762,0.05448809865213651,0.3622024663034127,0.7854560064282845,90,0,0,0.0,0.0,0,0,0.0,0.0,0.6021773060524823,0.7427078682484751,13.07132058220172,2.865956589317804e-06,0.027363915238337137,0.3933588618659398,110,sensing_uncertainty,range_bearing_exact_R,1.0,0.1,0.72,poisson,single,12000,1.2,18.0,70.0,ber,range_bearing_assumed,False,False
proportional_fair,synthetic-20260829-v5-slots120-dt0.100000,controlled_synthetic_motion,20260829,5,12.0,3487,1441,4,1751,0,295,1.441,0.41324921135646686,0.0,0.18666666666666668,528.2442748091603,300.00000000000006,1400.0000000000002,1500.0,0.5021508459994264,0.08459994264410668,0.5867507886435331,0.5130574527922861,80,0,0,0.0,0.0,0,0,0.0,0.0,0.6743167872805771,0.6951681663685317,14.217337845253331,3.9104966488965495e-07,0.0046180358609130955,0.5601622612734161,50,sensing_uncertainty,range_bearing_exact_R,1.0,0.1,0.72,poisson,single,12000,1.2,18.0,70.0,ber,range_bearing_assumed,False,False
kalman_predictive,synthetic-20260829-v5-slots120-dt0.100000,controlled_synthetic_motion,20260829,5,12.0,3487,2210,1232,1076,0,201,2.21,0.6337826211643246,0.0,0.18666666666666668,431.3574660633484,400.0,1000.0,1300.0,0.30857470605104675,0.05764267278462862,0.36621737883567534,0.7641623141824025,132,0,0,0.0,0.0,0,0,0.0,0.0,0.6304268976635701,0.7845175753645011,11.536714000480051,9.106016374347392e-05,0.26237756175777815,0.27831904230651017,91,sensing_uncertainty,range_bearing_exact_R,1.0,0.1,0.72,poisson,single,12000,1.2,18.0,70.0,ber,range_bearing_assumed,False,False
link_lifetime,synthetic-20260829-v5-slots120-dt0.100000,controlled_synthetic_motion,20260829,5,12.0,3487,2244,1471,1050,0,193,2.244,0.6435331230283912,0.0,0.18666666666666668,478.0748663101604,400.0,1100.0,1400.0000000000002,0.3011184399197018,0.05534843705190708,0.35646687697160884,0.778224186420249,116,0,0,0.0,0.0,0,0,0.0,0.0,0.6415145010159947,0.7924197721350484,11.339146827283232,0.00011453809780264498,0.31235811625838655,0.26966137252815325,91,sensing_uncertainty,range_bearing_exact_R,1.0,0.1,0.72,poisson,single,12000,1.2,18.0,70.0,ber,range_bearing_assumed,False,False
oracle,synthetic-20260829-v5-slots120-dt0.100000,controlled_synthetic_motion,20260829,5,12.0,3487,2235,1260,1051,0,201,2.235,0.6409521078290794,0.0,0.18666666666666668,442.0134228187919,400.0,1100.0,1400.0000000000002,0.30140521938629194,0.05764267278462862,0.35904789217092054,0.7725994375251105,116,0,0,0.0,0.0,0,0,0.0,0.0,0.6425094426626347,0.7886336809833184,11.579289223067024,0.00010242517459896236,0.26997508716187835,0.286347982488336,92,sensing_uncertainty,range_bearing_exact_R,1.0,0.1,0.72,poisson,single,12000,1.2,18.0,70.0,ber,range_bearing_assumed,False,False
reactive_greedy,synthetic-20260829-v5-slots120-dt0.100000,controlled_synthetic_motion,20260829,5,12.0,3487,2224,124,1073,0,190,2.224,0.6377975336965873,0.0,0.18666666666666668,234.3974820143885,200.0,600.0000000000001,1100.0,0.3077143676512762,0.05448809865213651,0.3622024663034127,0.7854560064282845,90,0,0,0.0,0.0,0,0,0.0,0.0,0.6021773060524823,0.7427078682484751,13.07132058220172,2.865956589317804e-06,0.027363915238337137,0.3933588618659398,110,sensing_uncertainty,range_bearing_covariance_R,1.0,0.1,0.72,poisson,single,12000,1.2,18.0,70.0,ber,range_bearing_assumed,True,False
proportional_fair,synthetic-20260829-v5-slots120-dt0.100000,controlled_synthetic_motion,20260829,5,12.0,3487,1441,4,1751,0,295,1.441,0.41324921135646686,0.0,0.18666666666666668,528.2442748091603,300.00000000000006,1400.0000000000002,1500.0,0.5021508459994264,0.08459994264410668,0.5867507886435331,0.5130574527922861,80,0,0,0.0,0.0,0,0,0.0,0.0,0.6743167872805771,0.6951681663685317,14.217337845253331,3.9104966488965495e-07,0.0046180358609130955,0.5601622612734161,50,sensing_uncertainty,range_bearing_covariance_R,1.0,0.1,0.72,poisson,single,12000,1.2,18.0,70.0,ber,range_bearing_assumed,True,False
kalman_predictive,synthetic-20260829-v5-slots120-dt0.100000,controlled_synthetic_motion,20260829,5,12.0,3487,2246,1301,1040,0,201,2.246,0.6441066819615715,0.0,0.18666666666666668,447.59572573463936,400.0,1000.0,1400.0000000000002,0.29825064525379985,0.05764267278462862,0.35589331803842844,0.7786259541984732,121,0,0,0.0,0.0,0,0,0.0,0.0,0.6361442805205155,0.7862930318869225,11.516993448140418,9.400856352547602e-05,0.2771317794851793,0.2814332745784942,86,sensing_uncertainty,range_bearing_covariance_R,1.0,0.1,0.72,poisson,single,12000,1.2,18.0,70.0,ber,range_bearing_assumed,True,False
link_lifetime,synthetic-20260829-v5-slots120-dt0.100000,controlled_synthetic_motion,20260829,5,12.0,3487,2244,1471,1050,0,193,2.244,0.6435331230283912,0.0,0.18666666666666668,478.0748663101604,400.0,1100.0,1400.0000000000002,0.3011184399197018,0.05534843705190708,0.35646687697160884,0.778224186420249,116,0,0,0.0,0.0,0,0,0.0,0.0,0.6415145010159947,0.7924197721350484,11.339146827283232,0.00011453809780264498,0.31235811625838655,0.26966137252815325,91,sensing_uncertainty,range_bearing_covariance_R,1.0,0.1,0.72,poisson,single,12000,1.2,18.0,70.0,ber,range_bearing_assumed,True,False
oracle,synthetic-20260829-v5-slots120-dt0.100000,controlled_synthetic_motion,20260829,5,12.0,3487,2235,1260,1051,0,201,2.235,0.6409521078290794,0.0,0.18666666666666668,442.0134228187919,400.0,1100.0,1400.0000000000002,0.30140521938629194,0.05764267278462862,0.35904789217092054,0.7725994375251105,116,0,0,0.0,0.0,0,0,0.0,0.0,0.6425094426626347,0.7886336809833184,11.579289223067024,0.00010242517459896236,0.26997508716187835,0.286347982488336,92,sensing_uncertainty,range_bearing_covariance_R,1.0,0.1,0.72,poisson,single,12000,1.2,18.0,70.0,ber,range_bearing_assumed,True,False
reactive_greedy,synthetic-20260830-v5-slots120-dt0.100000,controlled_synthetic_motion,20260830,5,12.0,1519,1071,142,378,0,70,1.071,0.7050691244239631,0.0,0.2,256.5826330532213,200.0,700.0000000000001,1100.0,0.2488479262672811,0.04608294930875576,0.29493087557603687,0.875,1,0,0,0.0,0.0,0,0,0.0,0.0,0.6579993976681151,0.7628804939356556,11.677232053590986,6.5956758246932175e-06,0.061021496723363385,0.24084766107967165,109,offered_load,load=0.3,1.0,0.1,0.3,poisson,single,12000,1.2,18.0,70.0,ber,perfect,True,False
proportional_fair,synthetic-20260830-v5-slots120-dt0.100000,controlled_synthetic_motion,20260830,5,12.0,1519,609,0,805,0,105,0.609,0.4009216589861751,0.0,0.2,261.0837438423645,200.0,700.0000000000001,900.0,0.5299539170506913,0.06912442396313365,0.5990783410138248,0.49754901960784315,1,0,0,0.0,0.0,0,0,0.0,0.0,0.44228583694569823,0.5001748444779726,12.627628238497289,4.727860778194239e-08,0.0005636902476377626,0.2916171116211688,64,offered_load,load=0.3,1.0,0.1,0.3,poisson,single,12000,1.2,18.0,70.0,ber,perfect,True,False
kalman_predictive,synthetic-20260830-v5-slots120-dt0.100000,controlled_synthetic_motion,20260830,5,12.0,1519,1095,236,354,0,70,1.095,0.7208689927583937,0.0,0.2,321.27853881278537,300.00000000000006,800.0,1200.0000000000002,0.23304805793285055,0.04608294930875576,0.27913100724160633,0.8946078431372549,1,0,0,0.0,0.0,0,0,0.0,0.0,0.6824604491395428,0.7798996023992851,11.865617236963251,8.920188781724083e-06,0.07459761206510464,0.25202270230504487,101,offered_load,load=0.3,1.0,0.1,0.3,poisson,single,12000,1.2,18.0,70.0,ber,perfect,True,False
link_lifetime,synthetic-20260830-v5-slots120-dt0.100000,controlled_synthetic_motion,20260830,5,12.0,1519,1100,251,349,0,70,1.1,0.7241606319947334,0.0,0.2,323.0,300.00000000000006,800.0,1200.0000000000002,0.22975641869651087,0.04608294930875576,0.27583936800526665,0.8986928104575164,1,0,0,0.0,0.0,0,0,0.0,0.0,0.6846640902172253,0.7818665231635626,11.813984723393988,9.901499960112541e-06,0.08265808154244376,0.24950838855219662,104,offered_load,load=0.3,1.0,0.1,0.3,poisson,single,12000,1.2,18.0,70.0,ber,perfect,True,False
oracle,synthetic-20260830-v5-slots120-dt0.100000,controlled_synthetic_motion,20260830,5,12.0,1519,1100,251,349,0,70,1.1,0.7241606319947334,0.0,0.2,323.0,300.00000000000006,800.0,1200.0000000000002,0.22975641869651087,0.04608294930875576,0.27583936800526665,0.8986928104575164,1,0,0,0.0,0.0,0,0,0.0,0.0,0.6846640902172253,0.7818665231635626,11.813984723393988,9.901499960112541e-06,0.08265808154244376,0.24950838855219662,104,offered_load,load=0.3,1.0,0.1,0.3,poisson,single,12000,1.2,18.0,70.0,ber,perfect,True,False
reactive_greedy,synthetic-20260830-v5-slots120-dt0.100000,controlled_synthetic_motion,20260830,5,12.0,2483,1713,220,653,0,117,1.713,0.6898912605718889,0.0,0.2,253.00642148277876,200.0,600.0000000000001,1000.0,0.2629883205799436,0.04712041884816754,0.3101087394281112,0.8603716725263687,4,0,0,0.0,0.0,0,0,0.0,0.0,0.6382247229867944,0.7492087345860788,11.652530367355673,6.859109966099234e-06,0.06524635914212963,0.2398351557770607,118,offered_load,load=0.5,1.0,0.1,0.5,poisson,single,12000,1.2,18.0,70.0,ber,perfect,True,False
proportional_fair,synthetic-20260830-v5-slots120-dt0.100000,controlled_synthetic_motion,20260830,5,12.0,2483,940,2,1335,0,208,0.94,0.37857430527587593,0.0,0.2,415.8510638297872,300.00000000000006,1000.0,1261.0000000000014,0.5376560612162706,0.08376963350785341,0.621425694724124,0.4721245605223506,4,0,0,0.0,0.0,0,0,0.0,0.0,0.4625354648910665,0.5054302958160184,12.652020465687793,5.404398213590346e-08,0.0006441312299190112,0.29335109686153016,47,offered_load,load=0.5,1.0,0.1,0.5,poisson,single,12000,1.2,18.0,70.0,ber,perfect,True,False
kalman_predictive,synthetic-20260830-v5-slots120-dt0.100000,controlled_synthetic_motion,20260830,5,12.0,2483,1788,417,572,0,123,1.788,0.7200966572694322,0.0,0.2,363.3668903803132,300.00000000000006,900.0,1300.0,0.23036649214659685,0.049536850583971004,0.2799033427305679,0.898041185334003,4,0,0,0.0,0.0,0,0,0.0,0.0,0.6750318307259939,0.7813912959015933,11.782141305964894,1.086383438172261e-05,0.09152094426621625,0.24850598971369825,100,offered_load,load=0.5,1.0,0.1,0.5,poisson,single,12000,1.2,18.0,70.0,ber,perfect,True,False
link_lifetime,synthetic-20260830-v5-slots120-dt0.100000,controlled_synthetic_motion,20260830,5,12.0,2483,1783,376,585,0,115,1.783,0.7180829641562626,0.0,0.2,358.72125630959056,300.00000000000006,800.0,1300.0,0.2356020942408377,0.046314941602899715,0.2819170358437374,0.8955298844801607,4,0,0,0.0,0.0,0,0,0.0,0.0,0.6725376850669715,0.7801837880041458,11.788128282433124,1.0204037449019056e-05,0.08713549264657677,0.24867471818405282,101,offered_load,load=0.5,1.0,0.1,0.5,poisson,single,12000,1.2,18.0,70.0,ber,perfect,True,False
oracle,synthetic-20260830-v5-slots120-dt0.100000,controlled_synthetic_motion,20260830,5,12.0,2483,1783,376,585,0,115,1.783,0.7180829641562626,0.0,0.2,358.72125630959056,300.00000000000006,800.0,1300.0,0.2356020942408377,0.046314941602899715,0.2819170358437374,0.8955298844801607,4,0,0,0.0,0.0,0,0,0.0,0.0,0.6725376850669715,0.7801837880041458,11.788128282433124,1.0204037449019056e-05,0.08713549264657677,0.24867471818405282,101,offered_load,load=0.5,1.0,0.1,0.5,poisson,single,12000,1.2,18.0,70.0,ber,perfect,True,False
reactive_greedy,synthetic-20260830-v5-slots120-dt0.100000,controlled_synthetic_motion,20260830,5,12.0,3482,2388,270,944,0,150,2.388,0.6858127512923607,0.0,0.2,261.2227805695142,200.0,700.0000000000001,1100.0,0.27110855829982766,0.0430786904078116,0.3141872487076393,0.8516405135520685,5,0,0,0.0,0.0,0,0,0.0,0.0,0.646535943266271,0.7443005647706584,11.650597889100293,7.04758047271705e-06,0.06667347424720452,0.23974834433099193,119,offered_load,load=0.7,1.0,0.1,0.7,poisson,single,12000,1.2,18.0,70.0,ber,perfect,True,False
proportional_fair,synthetic-20260830-v5-slots120-dt0.100000,controlled_synthetic_motion,20260830,5,12.0,3482,905,0,2265,0,312,0.905,0.25990809879379667,0.0,0.2,550.1657458563536,400.0,1400.0000000000002,1500.0,0.6504882251579552,0.08960367604824813,0.7400919012062034,0.322753209700428,5,0,0,0.0,0.0,0,0,0.0,0.0,0.5421511291160691,0.4445496399450297,12.665805651851299,5.3221622616909366e-08,0.0006336366614534945,0.29415977568895574,30,offered_load,load=0.7,1.0,0.1,0.7,poisson,single,12000,1.2,18.0,70.0,ber,perfect,True,False
kalman_predictive,synthetic-20260830-v5-slots120-dt0.100000,controlled_synthetic_motion,20260830,5,12.0,3482,2503,438,814,0,165,2.503,0.718839747271683,0.0,0.2,353.93527766679983,300.00000000000006,800.0,1300.0,0.2337736932797243,0.04738655944859276,0.2811602527283171,0.8926533523537803,5,0,0,0.0,0.0,0,0,0.0,0.0,0.6866655012185144,0.7769329670491638,11.692048363344703,1.1266050673574425e-05,0.09495043328255431,0.243121328356803,106,offered_load,load=0.7,1.0,0.1,0.7,poisson,single,12000,1.2,18.0,70.0,ber,perfect,True,False
link_lifetime,synthetic-20260830-v5-slots120-dt0.100000,controlled_synthetic_motion,20260830,5,12.0,3482,2480,482,823,0,179,2.48,0.7122343480758185,0.0,0.2,370.88709677419354,300.00000000000006,900.0,1300.0,0.236358414704193,0.051407237219988515,0.2877656519241815,0.884450784593438,5,0,0,0.0,0.0,0,0,0.0,0.0,0.6916553553696517,0.7819263959062939,11.639437697374165,1.2178342128590931e-05,0.10301919622032817,0.24053877607086724,108,offered_load,load=0.7,1.0,0.1,0.7,poisson,single,12000,1.2,18.0,70.0,ber,perfect,True,False
oracle,synthetic-20260830-v5-slots120-dt0.100000,controlled_synthetic_motion,20260830,5,12.0,3482,2480,482,823,0,179,2.48,0.7122343480758185,0.0,0.2,370.88709677419354,300.00000000000006,900.0,1300.0,0.236358414704193,0.051407237219988515,0.2877656519241815,0.884450784593438,5,0,0,0.0,0.0,0,0,0.0,0.0,0.6916553553696517,0.7819263959062939,11.639437697374165,1.2178342128590931e-05,0.10301919622032817,0.24053877607086724,108,offered_load,load=0.7,1.0,0.1,0.7,poisson,single,12000,1.2,18.0,70.0,ber,perfect,True,False
reactive_greedy,synthetic-20260830-v5-slots120-dt0.100000,controlled_synthetic_motion,20260830,5,12.0,4399,3042,340,1136,0,221,3.042,0.6915208001818595,0.0,0.2,284.3852728468113,200.0,800.0,1200.0000000000002,0.2582405092066379,0.050238690611502615,0.3084791998181405,0.8532959326788219,5,0,0,0.0,0.0,0,0,0.0,0.0,0.6626563501412495,0.7554311492830749,11.556297464436264,9.042301480461915e-06,0.08237824064448569,0.23515456169068003,119,offered_load,load=0.9,1.0,0.1,0.9,poisson,single,12000,1.2,18.0,70.0,ber,perfect,True,False
proportional_fair,synthetic-20260830-v5-slots120-dt0.100000,controlled_synthetic_motion,20260830,5,12.0,4399,966,1,3036,0,397,0.966,0.21959536258240508,0.0,0.2,652.5879917184265,500.0,1500.0,1600.0,0.690156853830416,0.0902477835871789,0.7804046374175949,0.2709677419354839,5,0,0,0.0,0.0,0,0,0.0,0.0,0.5532928166968071,0.40588164088891304,12.660962946802918,5.37444542109511e-08,0.0006395395700445063,0.29386547206142416,29,offered_load,load=0.9,1.0,0.1,0.9,poisson,single,12000,1.2,18.0,70.0,ber,perfect,True,False
kalman_predictive,synthetic-20260830-v5-slots120-dt0.100000,controlled_synthetic_motion,20260830,5,12.0,4399,3102,649,1032,0,265,3.102,0.7051602636962946,0.0,0.2,435.20309477756285,400.0,900.0,1398.9999999999784,0.2345987724482837,0.060240963855421686,0.2948397363037054,0.8701262272089761,5,0,0,0.0,0.0,0,0,0.0,0.0,0.6924211776134708,0.7770035391785045,11.495445565417715,1.5410487587598098e-05,0.1287231554496254,0.2339425769219881,106,offered_load,load=0.9,1.0,0.1,0.9,poisson,single,12000,1.2,18.0,70.0,ber,perfect,True,False
link_lifetime,synthetic-20260830-v5-slots120-dt0.100000,controlled_synthetic_motion,20260830,5,12.0,4399,3102,649,1032,0,265,3.102,0.7051602636962946,0.0,0.2,435.20309477756285,400.0,900.0,1398.9999999999784,0.2345987724482837,0.060240963855421686,0.2948397363037054,0.8701262272089761,5,0,0,0.0,0.0,0,0,0.0,0.0,0.6924211776134708,0.7770035391785045,11.495445565417715,1.5410487587598098e-05,0.1287231554496254,0.2339425769219881,106,offered_load,load=0.9,1.0,0.1,0.9,poisson,single,12000,1.2,18.0,70.0,ber,perfect,True,False
oracle,synthetic-20260830-v5-slots120-dt0.100000,controlled_synthetic_motion,20260830,5,12.0,4399,3102,649,1032,0,265,3.102,0.7051602636962946,0.0,0.2,435.20309477756285,400.0,900.0,1398.9999999999784,0.2345987724482837,0.060240963855421686,0.2948397363037054,0.8701262272089761,5,0,0,0.0,0.0,0,0,0.0,0.0,0.6924211776134708,0.7770035391785045,11.495445565417715,1.5410487587598098e-05,0.1287231554496254,0.2339425769219881,106,offered_load,load=0.9,1.0,0.1,0.9,poisson,single,12000,1.2,18.0,70.0,ber,perfect,True,False
reactive_greedy,synthetic-20260830-v5-slots120-dt0.100000,controlled_synthetic_motion,20260830,5,12.0,5537,3723,284,1523,0,291,3.723,0.6723857684666787,0.0,0.2,275.208165457964,200.0,700.0000000000001,1077.9999999999745,0.2750586960447896,0.052555535488531695,0.3276142315333213,0.8407859078590786,9,0,0,0.0,0.0,0,0,0.0,0.0,0.6305996728424423,0.7360466094138713,11.627414655880564,6.378063044378739e-06,0.06299919474365764,0.23845738153356758,118,offered_load,load=1.1,1.0,0.1,1.1,poisson,single,12000,1.2,18.0,70.0,ber,perfect,True,False
proportional_fair,synthetic-20260830-v5-slots120-dt0.100000,controlled_synthetic_motion,20260830,5,12.0,5537,1133,3,3855,0,549,1.133,0.2046234422972729,0.0,0.2,625.3309796999117,400.0,1500.0,1600.0,0.696225392811992,0.09915116489073506,0.7953765577027271,0.2558717253839205,9,0,0,0.0,0.0,0,0,0.0,0.0,0.5280660653866327,0.383127870374158,12.656695936552156,5.008217344873524e-08,0.000596263425954467,0.29355131964154574,33,offered_load,load=1.1,1.0,0.1,1.1,poisson,single,12000,1.2,18.0,70.0,ber,perfect,True,False
kalman_predictive,synthetic-20260830-v5-slots120-dt0.100000,controlled_synthetic_motion,20260830,5,12.0,5537,3736,621,1399,0,402,3.736,0.6747336102582626,0.0,0.2,541.1134903640257,500.0,1000.0,1400.0000000000002,0.25266389741737405,0.07260249232436337,0.3252663897417374,0.8437217705510388,9,0,0,0.0,0.0,0,0,0.0,0.0,0.6710575949960456,0.7681200518157049,11.405819525178773,1.4403888967356854e-05,0.12258883938085852,0.22864368818128858,109,offered_load,load=1.1,1.0,0.1,1.1,poisson,single,12000,1.2,18.0,70.0,ber,perfect,True,False
link_lifetime,synthetic-20260830-v5-slots120-dt0.100000,controlled_synthetic_motion,20260830,5,12.0,5537,3759,594,1397,0,381,3.759,0.6788874841972187,0.0,0.2,540.2234636871508,500.0,1000.0,1400.0000000000002,0.2523026909878996,0.06880982481488171,0.3211125158027813,0.8489159891598916,9,0,0,0.0,0.0,0,0,0.0,0.0,0.663557138962767,0.7651307177137153,11.411134086340743,1.3921551216490156e-05,0.1192548313474997,0.22882334130896967,110,offered_load,load=1.1,1.0,0.1,1.1,poisson,single,12000,1.2,18.0,70.0,ber,perfect,True,False
oracle,synthetic-20260830-v5-slots120-dt0.100000,controlled_synthetic_motion,20260830,5,12.0,5537,3759,594,1397,0,381,3.759,0.6788874841972187,0.0,0.2,540.2234636871508,500.0,1000.0,1400.0000000000002,0.2523026909878996,0.06880982481488171,0.3211125158027813,0.8489159891598916,9,0,0,0.0,0.0,0,0,0.0,0.0,0.663557138962767,0.7651307177137153,11.411134086340743,1.3921551216490156e-05,0.1192548313474997,0.22882334130896967,110,offered_load,load=1.1,1.0,0.1,1.1,poisson,single,12000,1.2,18.0,70.0,ber,perfect,True,False
reactive_greedy,synthetic-20260830-v5-slots120-dt0.100000,controlled_synthetic_motion,20260830,5,12.0,3597,2482,269,945,0,170,2.482,0.6900194606616625,0.0,0.2,269.5004029008864,200.0,794.9999999999818,1200.0000000000002,0.2627189324437031,0.04726160689463442,0.3099805393383375,0.8479672019132217,5,0,0,0.0,0.0,0,0,0.0,0.0,0.6490639115212268,0.7471647061931329,11.662417766221502,6.99568079749185e-06,0.06553375592090979,0.2402296702659383,119,prediction_horizon,horizon_s=0.1,0.1,0.1,0.72,poisson,single,12000,1.2,18.0,70.0,ber,perfect,True,False
proportional_fair,synthetic-20260830-v5-slots120-dt0.100000,controlled_synthetic_motion,20260830,5,12.0,3597,851,0,2422,0,324,0.851,0.23658604392549346,0.0,0.2,589.8942420681551,500.0,1400.0000000000002,1600.0,0.6733388935223797,0.09007506255212677,0.7634139560745066,0.2907413734198838,5,0,0,0.0,0.0,0,0,0.0,0.0,0.5208074589995937,0.41156508227152755,12.682140682600535,4.5669104301653946e-08,0.0005432444338881229,0.295177306087247,27,prediction_horizon,horizon_s=0.1,0.1,0.1,0.72,poisson,single,12000,1.2,18.0,70.0,ber,perfect,True,False
kalman_predictive,synthetic-20260830-v5-slots120-dt0.100000,controlled_synthetic_motion,20260830,5,12.0,3597,2669,605,769,0,159,2.669,0.7420072282457604,0.0,0.2,384.3012364181341,300.00000000000006,900.0,1400.0000000000002,0.2137892688351404,0.04420350291909925,0.2579927717542396,0.911855141783396,5,0,0,0.0,0.0,0,0,0.0,0.0,0.6885292026767691,0.7834604138680746,11.54634204957581,1.4875711853399473e-05,0.12314610648839333,0.2364389726019982,106,prediction_horizon,horizon_s=0.1,0.1,0.1,0.72,poisson,single,12000,1.2,18.0,70.0,ber,perfect,True,False
link_lifetime,synthetic-20260830-v5-slots120-dt0.100000,controlled_synthetic_motion,20260830,5,12.0,3597,2651,656,781,0,165,2.651,0.7370030581039755,0.0,0.2,393.1346661637118,300.00000000000006,900.0,1300.0,0.21712538226299694,0.045871559633027525,0.26299694189602446,0.9057055005124701,5,0,0,0.0,0.0,0,0,0.0,0.0,0.6870027386065317,0.784374173339603,11.517160840733903,1.5620701087619162e-05,0.1287785626092957,0.23503129606790968,108,prediction_horizon,horizon_s=0.1,0.1,0.1,0.72,poisson,single,12000,1.2,18.0,70.0,ber,perfect,True,False
oracle,synthetic-20260830-v5-slots120-dt0.100000,controlled_synthetic_motion,20260830,5,12.0,3597,2651,656,781,0,165,2.651,0.7370030581039755,0.0,0.2,393.1346661637118,300.00000000000006,900.0,1300.0,0.21712538226299694,0.045871559633027525,0.26299694189602446,0.9057055005124701,5,0,0,0.0,0.0,0,0,0.0,0.0,0.6870027386065317,0.784374173339603,11.517160840733903,1.5620701087619162e-05,0.1287785626092957,0.23503129606790968,108,prediction_horizon,horizon_s=0.1,0.1,0.1,0.72,poisson,single,12000,1.2,18.0,70.0,ber,perfect,True,False
reactive_greedy,synthetic-20260830-v5-slots120-dt0.100000,controlled_synthetic_motion,20260830,5,12.0,3597,2482,269,945,0,170,2.482,0.6900194606616625,0.0,0.2,269.5004029008864,200.0,794.9999999999818,1200.0000000000002,0.2627189324437031,0.04726160689463442,0.3099805393383375,0.8479672019132217,5,0,0,0.0,0.0,0,0,0.0,0.0,0.6490639115212268,0.7471647061931329,11.662417766221502,6.99568079749185e-06,0.06553375592090979,0.2402296702659383,119,prediction_horizon,horizon_s=0.3,0.30000000000000004,0.1,0.72,poisson,single,12000,1.2,18.0,70.0,ber,perfect,True,False
proportional_fair,synthetic-20260830-v5-slots120-dt0.100000,controlled_synthetic_motion,20260830,5,12.0,3597,851,0,2422,0,324,0.851,0.23658604392549346,0.0,0.2,589.8942420681551,500.0,1400.0000000000002,1600.0,0.6733388935223797,0.09007506255212677,0.7634139560745066,0.2907413734198838,5,0,0,0.0,0.0,0,0,0.0,0.0,0.5208074589995937,0.41156508227152755,12.682140682600535,4.5669104301653946e-08,0.0005432444338881229,0.295177306087247,27,prediction_horizon,horizon_s=0.3,0.30000000000000004,0.1,0.72,poisson,single,12000,1.2,18.0,70.0,ber,perfect,True,False
kalman_predictive,synthetic-20260830-v5-slots120-dt0.100000,controlled_synthetic_motion,20260830,5,12.0,3597,2638,615,780,0,179,2.638,0.7333889352237976,0.0,0.2,382.4109173616376,300.00000000000006,900.0,1400.0000000000002,0.21684737281067556,0.04976369196552683,0.2666110647762024,0.9012640929279125,5,0,0,0.0,0.0,0,0,0.0,0.0,0.693732324093264,0.7858021167518423,11.550298502699492,1.4777102118706496e-05,0.12259530523523793,0.23669153293031372,106,prediction_horizon,horizon_s=0.3,0.30000000000000004,0.1,0.72,poisson,single,12000,1.2,18.0,70.0,ber,perfect,True,False
link_lifetime,synthetic-20260830-v5-slots120-dt0.100000,controlled_synthetic_motion,20260830,5,12.0,3597,2641,642,771,0,185,2.641,0.7342229635807618,0.0,0.2,390.3445664521015,300.00000000000006,900.0,1400.0000000000002,0.21434528773978315,0.0514317486794551,0.2657770364192383,0.9022890331397335,5,0,0,0.0,0.0,0,0,0.0,0.0,0.6940010915156795,0.7846028445145748,11.518549147775902,1.556387397676429e-05,0.128367239887152,0.23511533881386187,106,prediction_horizon,horizon_s=0.3,0.30000000000000004,0.1,0.72,poisson,single,12000,1.2,18.0,70.0,ber,perfect,True,False
oracle,synthetic-20260830-v5-slots120-dt0.100000,controlled_synthetic_motion,20260830,5,12.0,3597,2641,642,771,0,185,2.641,0.7342229635807618,0.0,0.2,390.3445664521015,300.00000000000006,900.0,1400.0000000000002,0.21434528773978315,0.0514317486794551,0.2657770364192383,0.9022890331397335,5,0,0,0.0,0.0,0,0,0.0,0.0,0.6940010915156795,0.7846028445145748,11.518549147775902,1.556387397676429e-05,0.128367239887152,0.23511533881386187,106,prediction_horizon,horizon_s=0.3,0.30000000000000004,0.1,0.72,poisson,single,12000,1.2,18.0,70.0,ber,perfect,True,False
reactive_greedy,synthetic-20260830-v5-slots120-dt0.100000,controlled_synthetic_motion,20260830,5,12.0,3597,2482,269,945,0,170,2.482,0.6900194606616625,0.0,0.2,269.5004029008864,200.0,794.9999999999818,1200.0000000000002,0.2627189324437031,0.04726160689463442,0.3099805393383375,0.8479672019132217,5,0,0,0.0,0.0,0,0,0.0,0.0,0.6490639115212268,0.7471647061931329,11.662417766221502,6.99568079749185e-06,0.06553375592090979,0.2402296702659383,119,prediction_horizon,horizon_s=0.5,0.5,0.1,0.72,poisson,single,12000,1.2,18.0,70.0,ber,perfect,True,False
proportional_fair,synthetic-20260830-v5-slots120-dt0.100000,controlled_synthetic_motion,20260830,5,12.0,3597,851,0,2422,0,324,0.851,0.23658604392549346,0.0,0.2,589.8942420681551,500.0,1400.0000000000002,1600.0,0.6733388935223797,0.09007506255212677,0.7634139560745066,0.2907413734198838,5,0,0,0.0,0.0,0,0,0.0,0.0,0.5208074589995937,0.41156508227152755,12.682140682600535,4.5669104301653946e-08,0.0005432444338881229,0.295177306087247,27,prediction_horizon,horizon_s=0.5,0.5,0.1,0.72,poisson,single,12000,1.2,18.0,70.0,ber,perfect,True,False
kalman_predictive,synthetic-20260830-v5-slots120-dt0.100000,controlled_synthetic_motion,20260830,5,12.0,3597,2623,547,787,0,187,2.623,0.7292187934389769,0.0,0.2,396.9500571864277,300.00000000000006,900.0,1400.0000000000002,0.21879343897692521,0.05198776758409786,0.27078120656102306,0.8961393918688076,5,0,0,0.0,0.0,0,0,0.0,0.0,0.6936568388694614,0.7816366884984585,11.640852801827679,1.3985032713481235e-05,0.11435020952204661,0.24136171234935458,105,prediction_horizon,horizon_s=0.5,0.5,0.1,0.72,poisson,single,12000,1.2,18.0,70.0,ber,perfect,True,False
link_lifetime,synthetic-20260830-v5-slots120-dt0.100000,controlled_synthetic_motion,20260830,5,12.0,3597,2698,686,745,0,154,2.698,0.7500695023630803,0.0,0.2,393.180133432172,300.00000000000006,900.0,1300.0,0.2071170419794273,0.04281345565749235,0.24993049763691966,0.9217628971643321,5,0,0,0.0,0.0,0,0,0.0,0.0,0.6971556196600228,0.7896059891631816,11.48759910930722,1.6860343485197433e-05,0.1373484959601451,0.23376731921967497,103,prediction_horizon,horizon_s=0.5,0.5,0.1,0.72,poisson,single,12000,1.2,18.0,70.0,ber,perfect,True,False
oracle,synthetic-20260830-v5-slots120-dt0.100000,controlled_synthetic_motion,20260830,5,12.0,3597,2698,686,745,0,154,2.698,0.7500695023630803,0.0,0.2,393.180133432172,300.00000000000006,900.0,1300.0,0.2071170419794273,0.04281345565749235,0.24993049763691966,0.9217628971643321,5,0,0,0.0,0.0,0,0,0.0,0.0,0.6971556196600228,0.7896059891631816,11.48759910930722,1.6860343485197433e-05,0.1373484959601451,0.23376731921967497,103,prediction_horizon,horizon_s=0.5,0.5,0.1,0.72,poisson,single,12000,1.2,18.0,70.0,ber,perfect,True,False
reactive_greedy,synthetic-20260830-v5-slots120-dt0.100000,controlled_synthetic_motion,20260830,5,12.0,3597,2482,269,945,0,170,2.482,0.6900194606616625,0.0,0.2,269.5004029008864,200.0,794.9999999999818,1200.0000000000002,0.2627189324437031,0.04726160689463442,0.3099805393383375,0.8479672019132217,5,0,0,0.0,0.0,0,0,0.0,0.0,0.6490639115212268,0.7471647061931329,11.662417766221502,6.99568079749185e-06,0.06553375592090979,0.2402296702659383,119,prediction_horizon,horizon_s=1,1.0,0.1,0.72,poisson,single,12000,1.2,18.0,70.0,ber,perfect,True,False
proportional_fair,synthetic-20260830-v5-slots120-dt0.100000,controlled_synthetic_motion,20260830,5,12.0,3597,851,0,2422,0,324,0.851,0.23658604392549346,0.0,0.2,589.8942420681551,500.0,1400.0000000000002,1600.0,0.6733388935223797,0.09007506255212677,0.7634139560745066,0.2907413734198838,5,0,0,0.0,0.0,0,0,0.0,0.0,0.5208074589995937,0.41156508227152755,12.682140682600535,4.5669104301653946e-08,0.0005432444338881229,0.295177306087247,27,prediction_horizon,horizon_s=1,1.0,0.1,0.72,poisson,single,12000,1.2,18.0,70.0,ber,perfect,True,False
kalman_predictive,synthetic-20260830-v5-slots120-dt0.100000,controlled_synthetic_motion,20260830,5,12.0,3597,2661,586,773,0,163,2.661,0.7397831526271893,0.0,0.2,397.33183013904545,400.0,900.0,1300.0,0.21490130664442592,0.045315540728384764,0.2602168473728107,0.9091219678852067,5,0,0,0.0,0.0,0,0,0.0,0.0,0.692592909573118,0.7842161197264937,11.55924537129467,1.5277956966385834e-05,0.12515712608944066,0.23727952188647303,101,prediction_horizon,horizon_s=1,1.0,0.1,0.72,poisson,single,12000,1.2,18.0,70.0,ber,perfect,True,False
link_lifetime,synthetic-20260830-v5-slots120-dt0.100000,controlled_synthetic_motion,20260830,5,12.0,3597,2658,620,759,0,180,2.658,0.7389491242702252,0.0,0.2,415.8765989465764,400.0,1000.0,1400.0000000000002,0.21100917431192662,0.05004170141784821,0.2610508757297748,0.9080970276733857,5,0,0,0.0,0.0,0,0,0.0,0.0,0.7050798944919656,0.7899879923556448,11.550833297051271,1.6044367004000586e-05,0.1300616386371585,0.2369080570522971,95,prediction_horizon,horizon_s=1,1.0,0.1,0.72,poisson,single,12000,1.2,18.0,70.0,ber,perfect,True,False
oracle,synthetic-20260830-v5-slots120-dt0.100000,controlled_synthetic_motion,20260830,5,12.0,3597,2658,620,759,0,180,2.658,0.7389491242702252,0.0,0.2,415.8765989465764,400.0,1000.0,1400.0000000000002,0.21100917431192662,0.05004170141784821,0.2610508757297748,0.9080970276733857,5,0,0,0.0,0.0,0,0,0.0,0.0,0.7050798944919656,0.7899879923556448,11.550833297051271,1.6044367004000586e-05,0.1300616386371585,0.2369080570522971,95,prediction_horizon,horizon_s=1,1.0,0.1,0.72,poisson,single,12000,1.2,18.0,70.0,ber,perfect,True,False
reactive_greedy,synthetic-20260830-v5-slots120-dt0.100000,controlled_synthetic_motion,20260830,5,12.0,3597,2482,269,945,0,170,2.482,0.6900194606616625,0.0,0.2,269.5004029008864,200.0,794.9999999999818,1200.0000000000002,0.2627189324437031,0.04726160689463442,0.3099805393383375,0.8479672019132217,5,0,0,0.0,0.0,0,0,0.0,0.0,0.6490639115212268,0.7471647061931329,11.662417766221502,6.99568079749185e-06,0.06553375592090979,0.2402296702659383,119,prediction_horizon,horizon_s=2,2.0,0.1,0.72,poisson,single,12000,1.2,18.0,70.0,ber,perfect,True,False
proportional_fair,synthetic-20260830-v5-slots120-dt0.100000,controlled_synthetic_motion,20260830,5,12.0,3597,851,0,2422,0,324,0.851,0.23658604392549346,0.0,0.2,589.8942420681551,500.0,1400.0000000000002,1600.0,0.6733388935223797,0.09007506255212677,0.7634139560745066,0.2907413734198838,5,0,0,0.0,0.0,0,0,0.0,0.0,0.5208074589995937,0.41156508227152755,12.682140682600535,4.5669104301653946e-08,0.0005432444338881229,0.295177306087247,27,prediction_horizon,horizon_s=2,2.0,0.1,0.72,poisson,single,12000,1.2,18.0,70.0,ber,perfect,True,False
kalman_predictive,synthetic-20260830-v5-slots120-dt0.100000,controlled_synthetic_motion,20260830,5,12.0,3597,2621,681,792,0,184,2.621,0.7286627745343341,0.0,0.2,387.6001526135063,300.00000000000006,900.0,1300.0,0.22018348623853212,0.051153739227133725,0.27133722546566585,0.8954560983942603,5,0,0,0.0,0.0,0,0,0.0,0.0,0.6987744361322898,0.7846392473284588,11.543194791200454,1.6002219399963234e-05,0.13024688736970821,0.23660216444449025,107,prediction_horizon,horizon_s=2,2.0,0.1,0.72,poisson,single,12000,1.2,18.0,70.0,ber,perfect,True,False
link_lifetime,synthetic-20260830-v5-slots120-dt0.100000,controlled_synthetic_motion,20260830,5,12.0,3597,2650,570,778,0,169,2.65,0.7367250486516541,0.0,0.2,393.50943396226415,300.00000000000006,900.0,1400.0000000000002,0.2162913539060328,0.046983597442313035,0.26327495134834583,0.9053638537751965,5,0,0,0.0,0.0,0,0,0.0,0.0,0.6946388422059494,0.7833843725330274,11.611698776944815,1.470095960603973e-05,0.11965473850491976,0.2399358979873044,105,prediction_horizon,horizon_s=2,2.0,0.1,0.72,poisson,single,12000,1.2,18.0,70.0,ber,perfect,True,False
oracle,synthetic-20260830-v5-slots120-dt0.100000,controlled_synthetic_motion,20260830,5,12.0,3597,2650,570,778,0,169,2.65,0.7367250486516541,0.0,0.2,393.50943396226415,300.00000000000006,900.0,1400.0000000000002,0.2162913539060328,0.046983597442313035,0.26327495134834583,0.9053638537751965,5,0,0,0.0,0.0,0,0,0.0,0.0,0.6946388422059494,0.7833843725330274,11.611698776944815,1.470095960603973e-05,0.11965473850491976,0.2399358979873044,105,prediction_horizon,horizon_s=2,2.0,0.1,0.72,poisson,single,12000,1.2,18.0,70.0,ber,perfect,True,False
reactive_greedy,synthetic-20260830-v5-slots240-dt0.050000,controlled_synthetic_motion,20260830,5,6.0,1751,1377,100,264,0,110,2.754,0.7864077669902912,0.0,0.2,145.89687726942628,100.0,450.0,750.0,0.15077098800685323,0.0628212450028555,0.21359223300970873,0.9582463465553236,2,0,0,0.0,0.0,0,0,0.0,0.0,0.7038615090788617,0.7982070330998079,11.59648754729549,4.933063296472186e-06,0.04834446736696443,0.23449376106897146,119,slot_duration,slot_s=0.05,1.0,0.05,0.72,poisson,single,12000,1.2,18.0,70.0,ber,perfect,True,False
proportional_fair,synthetic-20260830-v5-slots240-dt0.050000,controlled_synthetic_motion,20260830,5,6.0,1751,748,3,721,0,282,1.496,0.42718446601941745,0.0,0.2,666.9117647058823,800.0,1200.0000000000002,1350.0,0.4117647058823529,0.16105082809822957,0.5728155339805825,0.5205288796102993,2,0,0,0.0,0.0,0,0,0.0,0.0,0.565852869192338,0.575939147912386,12.606475173616122,8.412070687614806e-08,0.0010032681821327816,0.2913554037526497,53,slot_duration,slot_s=0.05,1.0,0.05,0.72,poisson,single,12000,1.2,18.0,70.0,ber,perfect,True,False
kalman_predictive,synthetic-20260830-v5-slots240-dt0.050000,controlled_synthetic_motion,20260830,5,6.0,1751,1303,111,287,0,161,2.606,0.7441462021701885,0.0,0.2,278.0122793553338,250.0,800.0,1150.0000000000002,0.163906339234723,0.09194745859508852,0.25585379782981155,0.9067501739735561,2,0,0,0.0,0.0,0,0,0.0,0.0,0.7028649730600214,0.7905691335641603,11.970668156867864,4.308887963000403e-06,0.04147224108762767,0.25652296711379136,93,slot_duration,slot_s=0.05,1.0,0.05,0.72,poisson,single,12000,1.2,18.0,70.0,ber,perfect,True,False
link_lifetime,synthetic-20260830-v5-slots240-dt0.050000,controlled_synthetic_motion,20260830,5,6.0,1751,1328,104,271,0,152,2.656,0.7584237578526556,0.0,0.2,263.2906626506024,200.0,650.0,950.0000000000001,0.15476870359794404,0.08680753854940035,0.24157624214734438,0.9241475295755045,2,0,0,0.0,0.0,0,0,0.0,0.0,0.7013349982701095,0.7926555343195721,11.95961563657467,4.08719952016481e-06,0.04009662674957494,0.25586049566615926,93,slot_duration,slot_s=0.05,1.0,0.05,0.72,poisson,single,12000,1.2,18.0,70.0,ber,perfect,True,False
oracle,synthetic-20260830-v5-slots240-dt0.050000,controlled_synthetic_motion,20260830,5,6.0,1751,1328,104,271,0,152,2.656,0.7584237578526556,0.0,0.2,263.2906626506024,200.0,650.0,950.0000000000001,0.15476870359794404,0.08680753854940035,0.24157624214734438,0.9241475295755045,2,0,0,0.0,0.0,0,0,0.0,0.0,0.7013349982701095,0.7926555343195721,11.95961563657467,4.08719952016481e-06,0.04009662674957494,0.25586049566615926,93,slot_duration,slot_s=0.05,1.0,0.05,0.72,poisson,single,12000,1.2,18.0,70.0,ber,perfect,True,False
reactive_greedy,synthetic-20260830-v5-slots120-dt0.100000,controlled_synthetic_motion,20260830,5,12.0,3597,2482,269,945,0,170,2.482,0.6900194606616625,0.0,0.2,269.5004029008864,200.0,794.9999999999818,1200.0000000000002,0.2627189324437031,0.04726160689463442,0.3099805393383375,0.8479672019132217,5,0,0,0.0,0.0,0,0,0.0,0.0,0.6490639115212268,0.7471647061931329,11.662417766221502,6.99568079749185e-06,0.06553375592090979,0.2402296702659383,119,slot_duration,slot_s=0.1,1.0,0.1,0.72,poisson,single,12000,1.2,18.0,70.0,ber,perfect,True,False
proportional_fair,synthetic-20260830-v5-slots120-dt0.100000,controlled_synthetic_motion,20260830,5,12.0,3597,851,0,2422,0,324,0.851,0.23658604392549346,0.0,0.2,589.8942420681551,500.0,1400.0000000000002,1600.0,0.6733388935223797,0.09007506255212677,0.7634139560745066,0.2907413734198838,5,0,0,0.0,0.0,0,0,0.0,0.0,0.5208074589995937,0.41156508227152755,12.682140682600535,4.5669104301653946e-08,0.0005432444338881229,0.295177306087247,27,slot_duration,slot_s=0.1,1.0,0.1,0.72,poisson,single,12000,1.2,18.0,70.0,ber,perfect,True,False
kalman_predictive,synthetic-20260830-v5-slots120-dt0.100000,controlled_synthetic_motion,20260830,5,12.0,3597,2661,586,773,0,163,2.661,0.7397831526271893,0.0,0.2,397.33183013904545,400.0,900.0,1300.0,0.21490130664442592,0.045315540728384764,0.2602168473728107,0.9091219678852067,5,0,0,0.0,0.0,0,0,0.0,0.0,0.692592909573118,0.7842161197264937,11.55924537129467,1.5277956966385834e-05,0.12515712608944066,0.23727952188647303,101,slot_duration,slot_s=0.1,1.0,0.1,0.72,poisson,single,12000,1.2,18.0,70.0,ber,perfect,True,False
link_lifetime,synthetic-20260830-v5-slots120-dt0.100000,controlled_synthetic_motion,20260830,5,12.0,3597,2658,620,759,0,180,2.658,0.7389491242702252,0.0,0.2,415.8765989465764,400.0,1000.0,1400.0000000000002,0.21100917431192662,0.05004170141784821,0.2610508757297748,0.9080970276733857,5,0,0,0.0,0.0,0,0,0.0,0.0,0.7050798944919656,0.7899879923556448,11.550833297051271,1.6044367004000586e-05,0.1300616386371585,0.2369080570522971,95,slot_duration,slot_s=0.1,1.0,0.1,0.72,poisson,single,12000,1.2,18.0,70.0,ber,perfect,True,False
oracle,synthetic-20260830-v5-slots120-dt0.100000,controlled_synthetic_motion,20260830,5,12.0,3597,2658,620,759,0,180,2.658,0.7389491242702252,0.0,0.2,415.8765989465764,400.0,1000.0,1400.0000000000002,0.21100917431192662,0.05004170141784821,0.2610508757297748,0.9080970276733857,5,0,0,0.0,0.0,0,0,0.0,0.0,0.7050798944919656,0.7899879923556448,11.550833297051271,1.6044367004000586e-05,0.1300616386371585,0.2369080570522971,95,slot_duration,slot_s=0.1,1.0,0.1,0.72,poisson,single,12000,1.2,18.0,70.0,ber,perfect,True,False
reactive_greedy,synthetic-20260830-v5-slots60-dt0.200000,controlled_synthetic_motion,20260830,5,12.0,3588,2197,163,1164,0,227,2.197,0.6123188405797102,0.0,0.2,430.67819754210285,400.0,1000.0,1207.999999999993,0.32441471571906355,0.0632664437012263,0.38768115942028986,0.7625824366539397,10,0,0,0.0,0.0,0,0,0.0,0.0,0.6058863808247636,0.6940605708495309,11.691889011553705,4.915059225023972e-06,0.05190424710185059,0.2417945464476331,59,slot_duration,slot_s=0.2,1.0,0.2,0.72,poisson,single,12000,1.2,18.0,70.0,ber,perfect,True,False
proportional_fair,synthetic-20260830-v5-slots60-dt0.200000,controlled_synthetic_motion,20260830,5,12.0,3588,806,1,2406,0,376,0.806,0.2246376811594203,0.0,0.2,540.4466501240695,400.0,1400.0000000000002,1600.0,0.6705685618729097,0.10479375696767002,0.7753623188405797,0.2797639708434571,10,0,0,0.0,0.0,0,0,0.0,0.0,0.5112305525170572,0.3996429275886353,12.703655283787983,2.09902394199682e-08,0.0002513566230218843,0.2967515613671659,13,slot_duration,slot_s=0.2,1.0,0.2,0.72,poisson,single,12000,1.2,18.0,70.0,ber,perfect,True,False
kalman_predictive,synthetic-20260830-v5-slots60-dt0.200000,controlled_synthetic_motion,20260830,5,12.0,3588,2433,451,948,0,207,2.433,0.6780936454849499,0.0,0.2,536.1282367447595,600.0000000000001,1000.0,1400.0000000000002,0.26421404682274247,0.057692307692307696,0.3219063545150502,0.8444984380423464,10,0,0,0.0,0.0,0,0,0.0,0.0,0.6829826303216238,0.7624220767571235,11.441462215578808,1.2338346836474804e-05,0.1103883957850921,0.23033174696302708,55,slot_duration,slot_s=0.2,1.0,0.2,0.72,poisson,single,12000,1.2,18.0,70.0,ber,perfect,True,False
link_lifetime,synthetic-20260830-v5-slots60-dt0.200000,controlled_synthetic_motion,20260830,5,12.0,3588,2398,410,986,0,204,2.398,0.6683389074693422,0.0,0.2,525.1042535446205,400.0,1000.0,1400.0000000000002,0.27480490523968787,0.056856187290969896,0.33166109253065773,0.8323498785144047,10,0,0,0.0,0.0,0,0,0.0,0.0,0.665290364379964,0.7445353320775225,11.540899811296535,1.1183754888224893e-05,0.09974624525794523,0.2354238279323362,56,slot_duration,slot_s=0.2,1.0,0.2,0.72,poisson,single,12000,1.2,18.0,70.0,ber,perfect,True,False
oracle,synthetic-20260830-v5-slots60-dt0.200000,controlled_synthetic_motion,20260830,5,12.0,3588,2456,503,925,0,207,2.456,0.6845039018952063,0.0,0.2,538.5179153094463,600.0000000000001,1000.0,1400.0000000000002,0.2578037904124861,0.057692307692307696,0.31549609810479373,0.852481777160708,10,0,0,0.0,0.0,0,0,0.0,0.0,0.6883846412818333,0.7677356773555811,11.391264479354929,1.3757409867814126e-05,0.12126444347615196,0.22803750704703463,55,slot_duration,slot_s=0.2,1.0,0.2,0.72,poisson,single,12000,1.2,18.0,70.0,ber,perfect,True,False
reactive_greedy,synthetic-20260830-v3-slots120-dt0.100000,controlled_synthetic_motion,20260830,3,12.0,3605,3154,737,313,0,138,3.154,0.8748959778085992,0.0,0.0,294.16613823715915,200.0,1000.0,1300.0,0.08682385575589459,0.03828016643550624,0.12510402219140082,0.8748959778085992,0,0,0,0.0,0.0,0,0,0.0,0.0,0.8209031611945654,0.9727024719570269,11.002108871061695,1.9128241931013967e-05,0.16361144692111573,0.20789468751417903,115,vehicle_count,vehicles=3,1.0,0.1,0.72,poisson,single,12000,1.2,18.0,70.0,ber,perfect,True,False
proportional_fair,synthetic-20260830-v3-slots120-dt0.100000,controlled_synthetic_motion,20260830,3,12.0,3605,792,3,2485,0,328,0.792,0.21969486823855755,0.0,0.0,278.15656565656565,100.0,1300.0,1500.0,0.6893203883495146,0.09098474341192787,0.7803051317614424,0.21969486823855755,0,0,0,0.0,0.0,0,0,0.0,0.0,0.5554351291042398,0.4167568843379167,12.700804411295119,2.424869106644421e-08,0.0002891762858675261,0.2962199418880408,9,vehicle_count,vehicles=3,1.0,0.1,0.72,poisson,single,12000,1.2,18.0,70.0,ber,perfect,True,False
kalman_predictive,synthetic-20260830-v3-slots120-dt0.100000,controlled_synthetic_motion,20260830,3,12.0,3605,3087,860,314,0,204,3.087,0.8563106796116505,0.0,0.0,478.91156462585036,400.0,1100.0,1400.0000000000002,0.08710124826629681,0.056588072122052704,0.1436893203883495,0.8563106796116505,0,0,0,0.0,0.0,0,0,0.0,0.0,0.8287360751041033,0.9781255782811152,11.084763725774316,2.1318550509886654e-05,0.1780192087143204,0.21329333701752115,100,vehicle_count,vehicles=3,1.0,0.1,0.72,poisson,single,12000,1.2,18.0,70.0,ber,perfect,True,False
link_lifetime,synthetic-20260830-v3-slots120-dt0.100000,controlled_synthetic_motion,20260830,3,12.0,3605,3054,830,339,0,212,3.054,0.8471567267683773,0.0,0.0,466.535690897184,400.0,1100.0,1400.0000000000002,0.09403606102635229,0.05880721220527046,0.15284327323162275,0.8471567267683773,0,0,0,0.0,0.0,0,0,0.0,0.0,0.8280747846959534,0.9690026598297025,11.146344015789031,2.081393130991343e-05,0.17245261869891812,0.2165559531731373,94,vehicle_count,vehicles=3,1.0,0.1,0.72,poisson,single,12000,1.2,18.0,70.0,ber,perfect,True,False
oracle,synthetic-20260830-v3-slots120-dt0.100000,controlled_synthetic_motion,20260830,3,12.0,3605,3054,830,339,0,212,3.054,0.8471567267683773,0.0,0.0,466.535690897184,400.0,1100.0,1400.0000000000002,0.09403606102635229,0.05880721220527046,0.15284327323162275,0.8471567267683773,0,0,0,0.0,0.0,0,0,0.0,0.0,0.8280747846959534,0.9690026598297025,11.146344015789031,2.081393130991343e-05,0.17245261869891812,0.2165559531731373,94,vehicle_count,vehicles=3,1.0,0.1,0.72,poisson,single,12000,1.2,18.0,70.0,ber,perfect,True,False
reactive_greedy,synthetic-20260830-v5-slots120-dt0.100000,controlled_synthetic_motion,20260830,5,12.0,3597,2482,269,945,0,170,2.482,0.6900194606616625,0.0,0.2,269.5004029008864,200.0,794.9999999999818,1200.0000000000002,0.2627189324437031,0.04726160689463442,0.3099805393383375,0.8479672019132217,5,0,0,0.0,0.0,0,0,0.0,0.0,0.6490639115212268,0.7471647061931329,11.662417766221502,6.99568079749185e-06,0.06553375592090979,0.2402296702659383,119,vehicle_count,vehicles=5,1.0,0.1,0.72,poisson,single,12000,1.2,18.0,70.0,ber,perfect,True,False
proportional_fair,synthetic-20260830-v5-slots120-dt0.100000,controlled_synthetic_motion,20260830,5,12.0,3597,851,0,2422,0,324,0.851,0.23658604392549346,0.0,0.2,589.8942420681551,500.0,1400.0000000000002,1600.0,0.6733388935223797,0.09007506255212677,0.7634139560745066,0.2907413734198838,5,0,0,0.0,0.0,0,0,0.0,0.0,0.5208074589995937,0.41156508227152755,12.682140682600535,4.5669104301653946e-08,0.0005432444338881229,0.295177306087247,27,vehicle_count,vehicles=5,1.0,0.1,0.72,poisson,single,12000,1.2,18.0,70.0,ber,perfect,True,False
kalman_predictive,synthetic-20260830-v5-slots120-dt0.100000,controlled_synthetic_motion,20260830,5,12.0,3597,2661,586,773,0,163,2.661,0.7397831526271893,0.0,0.2,397.33183013904545,400.0,900.0,1300.0,0.21490130664442592,0.045315540728384764,0.2602168473728107,0.9091219678852067,5,0,0,0.0,0.0,0,0,0.0,0.0,0.692592909573118,0.7842161197264937,11.55924537129467,1.5277956966385834e-05,0.12515712608944066,0.23727952188647303,101,vehicle_count,vehicles=5,1.0,0.1,0.72,poisson,single,12000,1.2,18.0,70.0,ber,perfect,True,False
link_lifetime,synthetic-20260830-v5-slots120-dt0.100000,controlled_synthetic_motion,20260830,5,12.0,3597,2658,620,759,0,180,2.658,0.7389491242702252,0.0,0.2,415.8765989465764,400.0,1000.0,1400.0000000000002,0.21100917431192662,0.05004170141784821,0.2610508757297748,0.9080970276733857,5,0,0,0.0,0.0,0,0,0.0,0.0,0.7050798944919656,0.7899879923556448,11.550833297051271,1.6044367004000586e-05,0.1300616386371585,0.2369080570522971,95,vehicle_count,vehicles=5,1.0,0.1,0.72,poisson,single,12000,1.2,18.0,70.0,ber,perfect,True,False
oracle,synthetic-20260830-v5-slots120-dt0.100000,controlled_synthetic_motion,20260830,5,12.0,3597,2658,620,759,0,180,2.658,0.7389491242702252,0.0,0.2,415.8765989465764,400.0,1000.0,1400.0000000000002,0.21100917431192662,0.05004170141784821,0.2610508757297748,0.9080970276733857,5,0,0,0.0,0.0,0,0,0.0,0.0,0.7050798944919656,0.7899879923556448,11.550833297051271,1.6044367004000586e-05,0.1300616386371585,0.2369080570522971,95,vehicle_count,vehicles=5,1.0,0.1,0.72,poisson,single,12000,1.2,18.0,70.0,ber,perfect,True,False
reactive_greedy,synthetic-20260830-v10-slots120-dt0.100000,controlled_synthetic_motion,20260830,10,12.0,3583,1735,182,1619,0,229,1.735,0.48423109126430364,0.0,0.6,247.14697406340056,200.0,600.0000000000001,1000.0,0.451855986603405,0.06391292213229137,0.5157689087356964,0.8610421836228288,11,0,0,0.0,0.0,0,0,0.0,0.0,0.32777589644362515,0.3758044764696005,11.706397462356161,5.7552018251795216e-06,0.05553275224661555,0.242434253900676,116,vehicle_count,vehicles=10,1.0,0.1,0.72,poisson,single,12000,1.2,18.0,70.0,ber,perfect,True,False
proportional_fair,synthetic-20260830-v10-slots120-dt0.100000,controlled_synthetic_motion,20260830,10,12.0,3583,920,0,2334,0,329,0.92,0.25676807144850683,0.0,0.6,443.2608695652174,400.0,1200.0000000000002,1400.0000000000002,0.6514094334356685,0.09182249511582473,0.7432319285514931,0.456575682382134,11,0,0,0.0,0.0,0,0,0.0,0.0,0.2413555146199164,0.249437257360123,12.65990055493184,5.4480371641025334e-08,0.000648527242776539,0.29382915094094014,42,vehicle_count,vehicles=10,1.0,0.1,0.72,poisson,single,12000,1.2,18.0,70.0,ber,perfect,True,False
kalman_predictive,synthetic-20260830-v10-slots120-dt0.100000,controlled_synthetic_motion,20260830,10,12.0,3583,1813,329,1537,0,233,1.813,0.5060005581914597,0.0,0.6,323.7727523441809,300.00000000000006,800.0,1200.0000000000002,0.4289701367569076,0.06502930505163271,0.49399944180854033,0.8997518610421836,11,0,0,0.0,0.0,0,0,0.0,0.0,0.3461348264202245,0.39234222151393294,11.81020496260077,9.122295534889972e-06,0.07787932676650478,0.2490339103122271,103,vehicle_count,vehicles=10,1.0,0.1,0.72,poisson,single,12000,1.2,18.0,70.0,ber,perfect,True,False
link_lifetime,synthetic-20260830-v10-slots120-dt0.100000,controlled_synthetic_motion,20260830,10,12.0,3583,1793,357,1533,0,257,1.793,0.500418643594753,0.0,0.6,319.7434467373118,300.00000000000006,800.0,1300.0,0.4278537538375663,0.07172760256768071,0.499581356405247,0.8898263027295286,11,0,0,0.0,0.0,0,0,0.0,0.0,0.3495240704560552,0.3938045380468348,11.815180267542578,9.697131083441895e-06,0.08148691076200106,0.2495829712474788,106,vehicle_count,vehicles=10,1.0,0.1,0.72,poisson,single,12000,1.2,18.0,70.0,ber,perfect,True,False
oracle,synthetic-20260830-v10-slots120-dt0.100000,controlled_synthetic_motion,20260830,10,12.0,3583,1793,357,1533,0,257,1.793,0.500418643594753,0.0,0.6,319.7434467373118,300.00000000000006,800.0,1300.0,0.4278537538375663,0.07172760256768071,0.499581356405247,0.8898263027295286,11,0,0,0.0,0.0,0,0,0.0,0.0,0.3495240704560552,0.3938045380468348,11.815180267542578,9.697131083441895e-06,0.08148691076200106,0.2495829712474788,106,vehicle_count,vehicles=10,1.0,0.1,0.72,poisson,single,12000,1.2,18.0,70.0,ber,perfect,True,False
reactive_greedy,synthetic-20260830-v5-slots120-dt0.100000,controlled_synthetic_motion,20260830,5,12.0,3597,2482,269,945,0,170,2.482,0.6900194606616625,0.0,0.2,269.5004029008864,200.0,794.9999999999818,1200.0000000000002,0.2627189324437031,0.04726160689463442,0.3099805393383375,0.8479672019132217,5,0,0,0.0,0.0,0,0,0.0,0.0,0.6490639115212268,0.7471647061931329,11.662417766221502,6.99568079749185e-06,0.06553375592090979,0.2402296702659383,119,traffic_model,traffic=poisson,1.0,0.1,0.72,poisson,single,12000,1.2,18.0,70.0,ber,perfect,True,False
proportional_fair,synthetic-20260830-v5-slots120-dt0.100000,controlled_synthetic_motion,20260830,5,12.0,3597,851,0,2422,0,324,0.851,0.23658604392549346,0.0,0.2,589.8942420681551,500.0,1400.0000000000002,1600.0,0.6733388935223797,0.09007506255212677,0.7634139560745066,0.2907413734198838,5,0,0,0.0,0.0,0,0,0.0,0.0,0.5208074589995937,0.41156508227152755,12.682140682600535,4.5669104301653946e-08,0.0005432444338881229,0.295177306087247,27,traffic_model,traffic=poisson,1.0,0.1,0.72,poisson,single,12000,1.2,18.0,70.0,ber,perfect,True,False
kalman_predictive,synthetic-20260830-v5-slots120-dt0.100000,controlled_synthetic_motion,20260830,5,12.0,3597,2661,586,773,0,163,2.661,0.7397831526271893,0.0,0.2,397.33183013904545,400.0,900.0,1300.0,0.21490130664442592,0.045315540728384764,0.2602168473728107,0.9091219678852067,5,0,0,0.0,0.0,0,0,0.0,0.0,0.692592909573118,0.7842161197264937,11.55924537129467,1.5277956966385834e-05,0.12515712608944066,0.23727952188647303,101,traffic_model,traffic=poisson,1.0,0.1,0.72,poisson,single,12000,1.2,18.0,70.0,ber,perfect,True,False
link_lifetime,synthetic-20260830-v5-slots120-dt0.100000,controlled_synthetic_motion,20260830,5,12.0,3597,2658,620,759,0,180,2.658,0.7389491242702252,0.0,0.2,415.8765989465764,400.0,1000.0,1400.0000000000002,0.21100917431192662,0.05004170141784821,0.2610508757297748,0.9080970276733857,5,0,0,0.0,0.0,0,0,0.0,0.0,0.7050798944919656,0.7899879923556448,11.550833297051271,1.6044367004000586e-05,0.1300616386371585,0.2369080570522971,95,traffic_model,traffic=poisson,1.0,0.1,0.72,poisson,single,12000,1.2,18.0,70.0,ber,perfect,True,False
oracle,synthetic-20260830-v5-slots120-dt0.100000,controlled_synthetic_motion,20260830,5,12.0,3597,2658,620,759,0,180,2.658,0.7389491242702252,0.0,0.2,415.8765989465764,400.0,1000.0,1400.0000000000002,0.21100917431192662,0.05004170141784821,0.2610508757297748,0.9080970276733857,5,0,0,0.0,0.0,0,0,0.0,0.0,0.7050798944919656,0.7899879923556448,11.550833297051271,1.6044367004000586e-05,0.1300616386371585,0.2369080570522971,95,traffic_model,traffic=poisson,1.0,0.1,0.72,poisson,single,12000,1.2,18.0,70.0,ber,perfect,True,False
reactive_greedy,synthetic-20260830-v5-slots120-dt0.100000,controlled_synthetic_motion,20260830,5,12.0,3551,2694,620,755,0,102,2.694,0.758659532526049,0.0,0.2,274.536005939124,200.0,900.0,1400.0000000000002,0.2126161644607153,0.028724303013235707,0.241340467473951,0.9426172148355494,32,0,0,0.0,0.0,0,0,0.0,0.0,0.6862876481885466,0.7911242719191629,11.299972054181216,1.6563117598233862e-05,0.13886526524704584,0.2233611780624141,111,traffic_model,traffic=periodic,1.0,0.1,0.72,periodic,single,12000,1.2,18.0,70.0,ber,perfect,True,False
proportional_fair,synthetic-20260830-v5-slots120-dt0.100000,controlled_synthetic_motion,20260830,5,12.0,3551,2534,318,891,0,126,2.534,0.7136018023092087,0.0,0.2,306.55090765588005,300.00000000000006,500.0,1000.0,0.25091523514502956,0.035482962545761755,0.28639819769079133,0.8866340097970609,32,0,0,0.0,0.0,0,0,0.0,0.0,0.650025763516229,0.7597817983889068,11.463495618633402,9.816011218998199e-06,0.09005931396775659,0.2305012270803779,91,traffic_model,traffic=periodic,1.0,0.1,0.72,periodic,single,12000,1.2,18.0,70.0,ber,perfect,True,False
kalman_predictive,synthetic-20260830-v5-slots120-dt0.100000,controlled_synthetic_motion,20260830,5,12.0,3551,2651,542,784,0,116,2.651,0.7465502675302732,0.0,0.2,341.11655978875893,300.00000000000006,900.0,1200.0000000000002,0.2207828780625176,0.032666854407209234,0.25344973246972685,0.9275717284814555,32,0,0,0.0,0.0,0,0,0.0,0.0,0.6797761356805039,0.7859583735960425,11.375743542999292,1.480052997845027e-05,0.1254365800572017,0.22700087888745676,108,traffic_model,traffic=periodic,1.0,0.1,0.72,periodic,single,12000,1.2,18.0,70.0,ber,perfect,True,False
link_lifetime,synthetic-20260830-v5-slots120-dt0.100000,controlled_synthetic_motion,20260830,5,12.0,3551,2676,582,771,0,104,2.676,0.7535905378766544,0.0,0.2,330.5680119581465,300.00000000000006,900.0,1200.0000000000002,0.21712193748239933,0.02928752464094621,0.24640946212334552,0.9363191042687193,32,0,0,0.0,0.0,0,0,0.0,0.0,0.6861492439493431,0.7903424559443414,11.340944249296829,1.6027668138790697e-05,0.1341365160657812,0.225372200370797,108,traffic_model,traffic=periodic,1.0,0.1,0.72,periodic,single,12000,1.2,18.0,70.0,ber,perfect,True,False
oracle,synthetic-20260830-v5-slots120-dt0.100000,controlled_synthetic_motion,20260830,5,12.0,3551,2676,582,771,0,104,2.676,0.7535905378766544,0.0,0.2,330.5680119581465,300.00000000000006,900.0,1200.0000000000002,0.21712193748239933,0.02928752464094621,0.24640946212334552,0.9363191042687193,32,0,0,0.0,0.0,0,0,0.0,0.0,0.6861492439493431,0.7903424559443414,11.340944249296829,1.6027668138790697e-05,0.1341365160657812,0.225372200370797,108,traffic_model,traffic=periodic,1.0,0.1,0.72,periodic,single,12000,1.2,18.0,70.0,ber,perfect,True,False
reactive_greedy,synthetic-20260830-v5-slots120-dt0.100000,controlled_synthetic_motion,20260830,5,12.0,3511,2363,284,1057,0,91,2.363,0.6730276274565651,0.0,0.2,219.38214134574693,100.0,600.0000000000001,1038.000000000011,0.3010538308174309,0.025918541726003986,0.3269723725434349,0.8991628614916286,2,0,0,0.0,0.0,0,0,0.0,0.0,0.6660605789503505,0.7763152847773583,11.63788952581558,7.293532969186267e-06,0.06883661184381659,0.23895851013515715,80,traffic_model,traffic=markov_modulated,1.0,0.1,0.72,markov_modulated,single,12000,1.2,18.0,70.0,ber,perfect,True,False
proportional_fair,synthetic-20260830-v5-slots120-dt0.100000,controlled_synthetic_motion,20260830,5,12.0,3511,1282,7,1989,0,240,1.282,0.3651381372828254,0.0,0.2,529.7971918876755,400.0,1400.0000000000002,1600.0,0.5665052691540872,0.06835659356308744,0.6348618627171746,0.4878234398782344,2,0,0,0.0,0.0,0,0,0.0,0.0,0.4987857543891595,0.5157834326790771,12.528404899621213,2.19223038024294e-07,0.0024585554118786847,0.28577378142265103,60,traffic_model,traffic=markov_modulated,1.0,0.1,0.72,markov_modulated,single,12000,1.2,18.0,70.0,ber,perfect,True,False
kalman_predictive,synthetic-20260830-v5-slots120-dt0.100000,controlled_synthetic_motion,20260830,5,12.0,3511,2315,269,1080,0,116,2.315,0.6593563087439476,0.0,0.2,351.0583153347732,300.00000000000006,1000.0,1300.0,0.3076046710338935,0.03303902022215893,0.3406436912560524,0.8808980213089802,2,0,0,0.0,0.0,0,0,0.0,0.0,0.6590003756599411,0.7662602005714578,11.833225882943307,6.338881453854861e-06,0.05928524613986938,0.24937147398594298,90,traffic_model,traffic=markov_modulated,1.0,0.1,0.72,markov_modulated,single,12000,1.2,18.0,70.0,ber,perfect,True,False
link_lifetime,synthetic-20260830-v5-slots120-dt0.100000,controlled_synthetic_motion,20260830,5,12.0,3511,2313,262,1082,0,116,2.313,0.6587866704642552,0.0,0.2,342.97449200172935,300.00000000000006,1000.0,1200.0000000000002,0.30817430931358586,0.03303902022215893,0.3412133295357448,0.8801369863013698,2,0,0,0.0,0.0,0,0,0.0,0.0,0.6493149687386407,0.7590924824002507,11.862277179787649,5.872688187817227e-06,0.055401780188660314,0.25082328038249285,89,traffic_model,traffic=markov_modulated,1.0,0.1,0.72,markov_modulated,single,12000,1.2,18.0,70.0,ber,perfect,True,False
oracle,synthetic-20260830-v5-slots120-dt0.100000,controlled_synthetic_motion,20260830,5,12.0,3511,2302,247,1093,0,116,2.302,0.655653659925947,0.0,0.2,345.5256298870547,300.00000000000006,1000.0,1398.9999999999784,0.311307319851894,0.03303902022215893,0.34434634007405296,0.875951293759513,2,0,0,0.0,0.0,0,0,0.0,0.0,0.6535151447136865,0.7611046050467418,11.878684113139622,5.546307854127153e-06,0.05315317879271855,0.2516785529590922,88,traffic_model,traffic=markov_modulated,1.0,0.1,0.72,markov_modulated,single,12000,1.2,18.0,70.0,ber,perfect,True,False
reactive_greedy,synthetic-20260830-v5-slots120-dt0.100000,controlled_synthetic_motion,20260830,5,12.0,5400,3639,279,1487,0,274,3.639,0.6738888888888889,0.0,0.2,266.968947513053,200.0,600.0000000000001,1061.999999999989,0.2753703703703704,0.05074074074074074,0.32611111111111113,0.8423611111111111,9,0,0,0.0,0.0,0,0,0.0,0.0,0.7330956541524334,0.7330956541524334,11.786121097118153,6.3227615935259225e-06,0.06061887291160541,0.24741293426700567,119,traffic_model,traffic=saturated,1.0,0.1,0.72,saturated,single,12000,1.2,18.0,70.0,ber,perfect,True,False
proportional_fair,synthetic-20260830-v5-slots120-dt0.100000,controlled_synthetic_motion,20260830,5,12.0,5400,2586,8,2447,0,367,2.586,0.47888888888888886,0.0,0.2,182.5599381283836,200.0,300.00000000000006,400.0,0.45314814814814813,0.06796296296296296,0.5211111111111111,0.5986111111111111,9,0,0,0.0,0.0,0,0,0.0,0.0,0.544484439512232,0.544484439512232,12.508905600281357,1.1229683777276537e-07,0.00133640405688397,0.284527617152806,119,traffic_model,traffic=saturated,1.0,0.1,0.72,saturated,single,12000,1.2,18.0,70.0,ber,perfect,True,False
kalman_predictive,synthetic-20260830-v5-slots120-dt0.100000,controlled_synthetic_motion,20260830,5,12.0,5400,3831,747,1237,0,332,3.831,0.7094444444444444,0.0,0.2,408.5095275385017,300.00000000000006,1000.0,1300.0,0.22907407407407407,0.061481481481481484,0.29055555555555557,0.8868055555555555,9,0,0,0.0,0.0,0,0,0.0,0.0,0.7861353331988877,0.7861353331988877,11.351418757411667,1.9247430917053183e-05,0.15689218750279085,0.22693634547412386,114,traffic_model,traffic=saturated,1.0,0.1,0.72,saturated,single,12000,1.2,18.0,70.0,ber,perfect,True,False
link_lifetime,synthetic-20260830-v5-slots120-dt0.100000,controlled_synthetic_motion,20260830,5,12.0,5400,3816,803,1234,0,350,3.816,0.7066666666666667,0.0,0.2,420.3616352201258,400.0,1000.0,1300.0,0.2285185185185185,0.06481481481481481,0.29333333333333333,0.8833333333333333,9,0,0,0.0,0.0,0,0,0.0,0.0,0.782145717304326,0.782145717304326,11.306773161832687,1.9574628780144633e-05,0.16020362271306288,0.22461387449077036,113,traffic_model,traffic=saturated,1.0,0.1,0.72,saturated,single,12000,1.2,18.0,70.0,ber,perfect,True,False
oracle,synthetic-20260830-v5-slots120-dt0.100000,controlled_synthetic_motion,20260830,5,12.0,5400,3816,803,1234,0,350,3.816,0.7066666666666667,0.0,0.2,420.3616352201258,400.0,1000.0,1300.0,0.2285185185185185,0.06481481481481481,0.29333333333333333,0.8833333333333333,9,0,0,0.0,0.0,0,0,0.0,0.0,0.782145717304326,0.782145717304326,11.306773161832687,1.9574628780144633e-05,0.16020362271306288,0.22461387449077036,113,traffic_model,traffic=saturated,1.0,0.1,0.72,saturated,single,12000,1.2,18.0,70.0,ber,perfect,True,False
reactive_greedy,synthetic-20260830-v5-slots120-dt0.100000,controlled_synthetic_motion,20260830,5,12.0,3597,2482,269,945,0,170,2.482,0.6900194606616625,0.0,0.2,269.5004029008864,200.0,794.9999999999818,1200.0000000000002,0.2627189324437031,0.04726160689463442,0.3099805393383375,0.8479672019132217,5,0,0,0.0,0.0,0,0,0.0,0.0,0.6490639115212268,0.7471647061931329,11.662417766221502,6.99568079749185e-06,0.06553375592090979,0.2402296702659383,119,traffic_class,classes=single,1.0,0.1,0.72,poisson,single,12000,1.2,18.0,70.0,ber,perfect,True,False
proportional_fair,synthetic-20260830-v5-slots120-dt0.100000,controlled_synthetic_motion,20260830,5,12.0,3597,851,0,2422,0,324,0.851,0.23658604392549346,0.0,0.2,589.8942420681551,500.0,1400.0000000000002,1600.0,0.6733388935223797,0.09007506255212677,0.7634139560745066,0.2907413734198838,5,0,0,0.0,0.0,0,0,0.0,0.0,0.5208074589995937,0.41156508227152755,12.682140682600535,4.5669104301653946e-08,0.0005432444338881229,0.295177306087247,27,traffic_class,classes=single,1.0,0.1,0.72,poisson,single,12000,1.2,18.0,70.0,ber,perfect,True,False
kalman_predictive,synthetic-20260830-v5-slots120-dt0.100000,controlled_synthetic_motion,20260830,5,12.0,3597,2661,586,773,0,163,2.661,0.7397831526271893,0.0,0.2,397.33183013904545,400.0,900.0,1300.0,0.21490130664442592,0.045315540728384764,0.2602168473728107,0.9091219678852067,5,0,0,0.0,0.0,0,0,0.0,0.0,0.692592909573118,0.7842161197264937,11.55924537129467,1.5277956966385834e-05,0.12515712608944066,0.23727952188647303,101,traffic_class,classes=single,1.0,0.1,0.72,poisson,single,12000,1.2,18.0,70.0,ber,perfect,True,False
link_lifetime,synthetic-20260830-v5-slots120-dt0.100000,controlled_synthetic_motion,20260830,5,12.0,3597,2658,620,759,0,180,2.658,0.7389491242702252,0.0,0.2,415.8765989465764,400.0,1000.0,1400.0000000000002,0.21100917431192662,0.05004170141784821,0.2610508757297748,0.9080970276733857,5,0,0,0.0,0.0,0,0,0.0,0.0,0.7050798944919656,0.7899879923556448,11.550833297051271,1.6044367004000586e-05,0.1300616386371585,0.2369080570522971,95,traffic_class,classes=single,1.0,0.1,0.72,poisson,single,12000,1.2,18.0,70.0,ber,perfect,True,False
oracle,synthetic-20260830-v5-slots120-dt0.100000,controlled_synthetic_motion,20260830,5,12.0,3597,2658,620,759,0,180,2.658,0.7389491242702252,0.0,0.2,415.8765989465764,400.0,1000.0,1400.0000000000002,0.21100917431192662,0.05004170141784821,0.2610508757297748,0.9080970276733857,5,0,0,0.0,0.0,0,0,0.0,0.0,0.7050798944919656,0.7899879923556448,11.550833297051271,1.6044367004000586e-05,0.1300616386371585,0.2369080570522971,95,traffic_class,classes=single,1.0,0.1,0.72,poisson,single,12000,1.2,18.0,70.0,ber,perfect,True,False
reactive_greedy,synthetic-20260830-v5-slots120-dt0.100000,controlled_synthetic_motion,20260830,5,12.0,3597,2165,135,1319,0,113,2.165,0.6018904642757854,0.0,0.2,215.6120092378753,200.0,500.0,1000.0,0.3666944676118988,0.03141506811231582,0.39810953572421465,0.7396651861974718,5,1261,602,0.4773988897700238,0.5122918318794607,2336,1563,0.6690924657534246,0.2880993150684932,0.5925773983093328,0.7037522050721913,11.720301858465195,4.176126526272246e-06,0.04405616929633065,0.2425515155174454,118,traffic_class,classes=urgent_bulk,1.0,0.1,0.72,poisson,urgent_bulk,12000,1.2,18.0,70.0,ber,perfect,True,False
proportional_fair,synthetic-20260830-v5-slots120-dt0.100000,controlled_synthetic_motion,20260830,5,12.0,3597,820,2,2582,0,195,0.82,0.22796775090353072,0.0,0.2,410.9756097560976,300.00000000000006,1000.0,1100.0,0.7178204058938004,0.05421184320266889,0.7720322490964693,0.2801503245644004,5,1261,129,0.10229976209357652,0.8834258524980174,2336,691,0.2958047945205479,0.6284246575342466,0.5206953962907035,0.4012724682276674,12.679116092915121,4.605730013427486e-08,0.0005478981655088977,0.2949864762839811,27,traffic_class,classes=urgent_bulk,1.0,0.1,0.72,poisson,urgent_bulk,12000,1.2,18.0,70.0,ber,perfect,True,False
kalman_predictive,synthetic-20260830-v5-slots120-dt0.100000,controlled_synthetic_motion,20260830,5,12.0,3597,2174,432,1317,0,106,2.174,0.6043925493466777,0.0,0.2,300.78196872125113,200.0,800.0,1100.0,0.36613844870725604,0.029469001946066165,0.3956074506533222,0.7427400068329347,5,1261,449,0.3560666137985726,0.6328310864393338,2336,1725,0.7384417808219178,0.2221746575342466,0.6836210998916626,0.7755471191249308,11.64468561326085,1.188928591056702e-05,0.09982651183242015,0.24067312437910254,100,traffic_class,classes=urgent_bulk,1.0,0.1,0.72,poisson,urgent_bulk,12000,1.2,18.0,70.0,ber,perfect,True,False
link_lifetime,synthetic-20260830-v5-slots120-dt0.100000,controlled_synthetic_motion,20260830,5,12.0,3597,2194,454,1297,0,106,2.194,0.6099527383931054,0.0,0.2,297.81221513217866,200.0,800.0,1100.0,0.36057825966082846,0.029469001946066165,0.3900472616068946,0.7495729415784079,5,1261,456,0.36161776367961934,0.6272799365582871,2336,1738,0.7440068493150684,0.2166095890410959,0.6863944171694285,0.7785624934587687,11.615422647647637,1.2625421483712778e-05,0.10523054358455501,0.23924942836250468,102,traffic_class,classes=urgent_bulk,1.0,0.1,0.72,poisson,urgent_bulk,12000,1.2,18.0,70.0,ber,perfect,True,False
oracle,synthetic-20260830-v5-slots120-dt0.100000,controlled_synthetic_motion,20260830,5,12.0,3597,2166,449,1316,0,115,2.166,0.6021684737281068,0.0,0.2,306.3250230840259,200.0,800.0,1100.0,0.36586043925493467,0.031971087016958576,0.3978315262718932,0.7400068329347455,5,1261,452,0.3584456780333069,0.626486915146709,2336,1714,0.7337328767123288,0.22517123287671234,0.6850757056932959,0.7719288718473494,11.6102055395257,1.2192229987839489e-05,0.10184791988133293,0.2387813893459233,94,traffic_class,classes=urgent_bulk,1.0,0.1,0.72,poisson,urgent_bulk,12000,1.2,18.0,70.0,ber,perfect,True,False
reactive_greedy,synthetic-20260830-v5-slots120-dt0.100000,controlled_synthetic_motion,20260830,5,12.0,17861,14161,599,3096,0,604,2.8322,0.7928447455349644,0.0,0.2,262.3190452651649,200.0,600.0000000000001,900.0,0.1733385588712838,0.03381669559375175,0.20715525446503555,0.9844282238442822,32,0,0,0.0,0.0,0,0,0.0,0.0,0.7128024990431667,0.7998162270182697,11.36939773737717,1.4448447499751642e-05,0.03211349006867227,0.22634626140429412,119,packet_size,packet_bits=2400,1.0,0.1,0.72,poisson,single,2400,1.2,18.0,70.0,ber,perfect,True,False
proportional_fair,synthetic-20260830-v5-slots120-dt0.100000,controlled_synthetic_motion,20260830,5,12.0,17861,4232,6,11799,0,1830,0.8464,0.23694082078271095,0.0,0.2,594.1398865784499,400.0,1400.0000000000002,1600.0,0.6606013101170147,0.10245786910027434,0.763059179217289,0.29419534237052486,32,0,0,0.0,0.0,0,0,0.0,0.0,0.6161915820728118,0.4381891455464641,12.644525420621077,8.267219439376675e-08,0.0001978845646327572,0.2929463304965823,26,packet_size,packet_bits=2400,1.0,0.1,0.72,poisson,single,2400,1.2,18.0,70.0,ber,perfect,True,False
kalman_predictive,synthetic-20260830-v5-slots120-dt0.100000,controlled_synthetic_motion,20260830,5,12.0,17861,14101,610,3088,0,672,2.8202,0.7894854711382342,0.0,0.2,318.1476491029005,300.00000000000006,600.0000000000001,900.0,0.17289065561838643,0.03762387324337943,0.21051452886176586,0.9802572123740007,32,0,0,0.0,0.0,0,0,0.0,0.0,0.7178915193783993,0.7998245402142845,11.59820488529145,1.5151555311550096e-05,0.03342852016383639,0.23937563824495695,111,packet_size,packet_bits=2400,1.0,0.1,0.72,poisson,single,2400,1.2,18.0,70.0,ber,perfect,True,False
link_lifetime,synthetic-20260830-v5-slots120-dt0.100000,controlled_synthetic_motion,20260830,5,12.0,17861,14101,610,3088,0,672,2.8202,0.7894854711382342,0.0,0.2,318.1476491029005,300.00000000000006,600.0000000000001,900.0,0.17289065561838643,0.03762387324337943,0.21051452886176586,0.9802572123740007,32,0,0,0.0,0.0,0,0,0.0,0.0,0.7178915193783993,0.7998245402142845,11.59820488529145,1.5151555311550096e-05,0.03342852016383639,0.23937563824495695,111,packet_size,packet_bits=2400,1.0,0.1,0.72,poisson,single,2400,1.2,18.0,70.0,ber,perfect,True,False
oracle,synthetic-20260830-v5-slots120-dt0.100000,controlled_synthetic_motion,20260830,5,12.0,17861,14101,610,3088,0,672,2.8202,0.7894854711382342,0.0,0.2,318.1476491029005,300.00000000000006,600.0000000000001,900.0,0.17289065561838643,0.03762387324337943,0.21051452886176586,0.9802572123740007,32,0,0,0.0,0.0,0,0,0.0,0.0,0.7178915193783993,0.7998245402142845,11.59820488529145,1.5151555311550096e-05,0.03342852016383639,0.23937563824495695,111,packet_size,packet_bits=2400,1.0,0.1,0.72,poisson,single,2400,1.2,18.0,70.0,ber,perfect,True,False
reactive_greedy,synthetic-20260830-v5-slots120-dt0.100000,controlled_synthetic_motion,20260830,5,12.0,4531,3376,592,970,0,185,2.7008,0.7450893842418892,0.0,0.2,318.5722748815166,200.0,900.0,1300.0,0.21408077687044802,0.04082983888766277,0.2549106157581108,0.9226564635146215,6,0,0,0.0,0.0,0,0,0.0,0.0,0.70218633538842,0.7901100021789585,11.419951399257268,1.4166248628860086e-05,0.1010022509780946,0.22891870443468712,119,packet_size,packet_bits=9600,1.0,0.1,0.72,poisson,single,9600,1.2,18.0,70.0,ber,perfect,True,False
proportional_fair,synthetic-20260830-v5-slots120-dt0.100000,controlled_synthetic_motion,20260830,5,12.0,4531,1036,3,3064,0,431,0.8288,0.2286470977709115,0.0,0.2,564.3822393822394,400.0,1400.0000000000002,1600.0,0.6762304127124256,0.095122489516663,0.7713529022290885,0.2831374692538945,6,0,0,0.0,0.0,0,0,0.0,0.0,0.5340764220279355,0.40995600226269485,12.678372995762494,4.258313380191711e-08,0.00040612243668288546,0.2949044500424032,24,packet_size,packet_bits=9600,1.0,0.1,0.72,poisson,single,9600,1.2,18.0,70.0,ber,perfect,True,False
kalman_predictive,synthetic-20260830-v5-slots120-dt0.100000,controlled_synthetic_motion,20260830,5,12.0,4531,3419,612,917,0,195,2.7352,0.754579563010373,0.0,0.2,373.8520035097982,300.00000000000006,900.0,1200.0000000000002,0.20238357978371221,0.04303685720591481,0.245420436989627,0.9344083082809511,6,0,0,0.0,0.0,0,0,0.0,0.0,0.7080499336291829,0.794191867448917,11.565485532883276,1.493762432530869e-05,0.10497880245795209,0.2374329539073416,110,packet_size,packet_bits=9600,1.0,0.1,0.72,poisson,single,9600,1.2,18.0,70.0,ber,perfect,True,False
link_lifetime,synthetic-20260830-v5-slots120-dt0.100000,controlled_synthetic_motion,20260830,5,12.0,4531,3422,680,898,0,211,2.7376,0.7552416685058486,0.0,0.2,375.1899473991818,300.00000000000006,900.0,1300.0,0.19819024497903331,0.046568086515118075,0.2447583314941514,0.9352282044274391,6,0,0,0.0,0.0,0,0,0.0,0.0,0.7147167733851393,0.7968033061398918,11.541195631057558,1.6214191284218897e-05,0.11256276059455192,0.23641671174752116,111,packet_size,packet_bits=9600,1.0,0.1,0.72,poisson,single,9600,1.2,18.0,70.0,ber,perfect,True,False
oracle,synthetic-20260830-v5-slots120-dt0.100000,controlled_synthetic_motion,20260830,5,12.0,4531,3422,680,898,0,211,2.7376,0.7552416685058486,0.0,0.2,375.1899473991818,300.00000000000006,900.0,1300.0,0.19819024497903331,0.046568086515118075,0.2447583314941514,0.9352282044274391,6,0,0,0.0,0.0,0,0,0.0,0.0,0.7147167733851393,0.7968033061398918,11.541195631057558,1.6214191284218897e-05,0.11256276059455192,0.23641671174752116,111,packet_size,packet_bits=9600,1.0,0.1,0.72,poisson,single,9600,1.2,18.0,70.0,ber,perfect,True,False
reactive_greedy,synthetic-20260830-v5-slots120-dt0.100000,controlled_synthetic_motion,20260830,5,12.0,3597,2482,269,945,0,170,2.482,0.6900194606616625,0.0,0.2,269.5004029008864,200.0,794.9999999999818,1200.0000000000002,0.2627189324437031,0.04726160689463442,0.3099805393383375,0.8479672019132217,5,0,0,0.0,0.0,0,0,0.0,0.0,0.6490639115212268,0.7471647061931329,11.662417766221502,6.99568079749185e-06,0.06553375592090979,0.2402296702659383,119,packet_size,packet_bits=12000,1.0,0.1,0.72,poisson,single,12000,1.2,18.0,70.0,ber,perfect,True,False
proportional_fair,synthetic-20260830-v5-slots120-dt0.100000,controlled_synthetic_motion,20260830,5,12.0,3597,851,0,2422,0,324,0.851,0.23658604392549346,0.0,0.2,589.8942420681551,500.0,1400.0000000000002,1600.0,0.6733388935223797,0.09007506255212677,0.7634139560745066,0.2907413734198838,5,0,0,0.0,0.0,0,0,0.0,0.0,0.5208074589995937,0.41156508227152755,12.682140682600535,4.5669104301653946e-08,0.0005432444338881229,0.295177306087247,27,packet_size,packet_bits=12000,1.0,0.1,0.72,poisson,single,12000,1.2,18.0,70.0,ber,perfect,True,False
kalman_predictive,synthetic-20260830-v5-slots120-dt0.100000,controlled_synthetic_motion,20260830,5,12.0,3597,2661,586,773,0,163,2.661,0.7397831526271893,0.0,0.2,397.33183013904545,400.0,900.0,1300.0,0.21490130664442592,0.045315540728384764,0.2602168473728107,0.9091219678852067,5,0,0,0.0,0.0,0,0,0.0,0.0,0.692592909573118,0.7842161197264937,11.55924537129467,1.5277956966385834e-05,0.12515712608944066,0.23727952188647303,101,packet_size,packet_bits=12000,1.0,0.1,0.72,poisson,single,12000,1.2,18.0,70.0,ber,perfect,True,False
link_lifetime,synthetic-20260830-v5-slots120-dt0.100000,controlled_synthetic_motion,20260830,5,12.0,3597,2658,620,759,0,180,2.658,0.7389491242702252,0.0,0.2,415.8765989465764,400.0,1000.0,1400.0000000000002,0.21100917431192662,0.05004170141784821,0.2610508757297748,0.9080970276733857,5,0,0,0.0,0.0,0,0,0.0,0.0,0.7050798944919656,0.7899879923556448,11.550833297051271,1.6044367004000586e-05,0.1300616386371585,0.2369080570522971,95,packet_size,packet_bits=12000,1.0,0.1,0.72,poisson,single,12000,1.2,18.0,70.0,ber,perfect,True,False
oracle,synthetic-20260830-v5-slots120-dt0.100000,controlled_synthetic_motion,20260830,5,12.0,3597,2658,620,759,0,180,2.658,0.7389491242702252,0.0,0.2,415.8765989465764,400.0,1000.0,1400.0000000000002,0.21100917431192662,0.05004170141784821,0.2610508757297748,0.9080970276733857,5,0,0,0.0,0.0,0,0,0.0,0.0,0.7050798944919656,0.7899879923556448,11.550833297051271,1.6044367004000586e-05,0.1300616386371585,0.2369080570522971,95,packet_size,packet_bits=12000,1.0,0.1,0.72,poisson,single,12000,1.2,18.0,70.0,ber,perfect,True,False
reactive_greedy,synthetic-20260830-v5-slots120-dt0.100000,controlled_synthetic_motion,20260830,5,12.0,3597,1792,71,1756,0,49,1.792,0.49819293855991104,0.0,0.2,147.65625,100.0,200.0,200.0,0.4881845982763414,0.013622463163747567,0.5018070614400889,0.612230953194397,5,0,0,0.0,0.0,0,0,0.0,0.0,0.4243785499631293,0.4374852731536478,11.688535471713207,3.245400514291385e-06,0.0360715458298758,0.24011587354762778,117,deadline,deadline_s=0.05,1.0,0.1,0.72,poisson,single,12000,0.05,18.0,70.0,ber,perfect,True,False
proportional_fair,synthetic-20260830-v5-slots120-dt0.100000,controlled_synthetic_motion,20260830,5,12.0,3597,741,1,2797,0,59,0.741,0.20600500417014178,0.0,0.2,132.92847503373818,100.0,200.0,200.0,0.7775924381428969,0.016402557686961357,0.7939949958298582,0.25316023231978135,5,0,0,0.0,0.0,0,0,0.0,0.0,0.5039312772176818,0.37174765766543627,12.631198786218388,5.531454829934217e-08,0.000658681666438597,0.29195923726019124,51,deadline,deadline_s=0.05,1.0,0.1,0.72,poisson,single,12000,0.05,18.0,70.0,ber,perfect,True,False
kalman_predictive,synthetic-20260830-v5-slots120-dt0.100000,controlled_synthetic_motion,20260830,5,12.0,3597,1580,32,1966,0,51,1.58,0.4392549346677787,0.0,0.2,147.46835443037975,100.0,200.0,200.0,0.546566583263831,0.014178482068390326,0.5607450653322213,0.5398018448923813,5,0,0,0.0,0.0,0,0,0.0,0.0,0.5397621621621621,0.6263655070570094,12.119898975247066,1.4520339414440617e-06,0.016344116399880353,0.2636690710040992,119,deadline,deadline_s=0.05,1.0,0.1,0.72,poisson,single,12000,0.05,18.0,70.0,ber,perfect,True,False
link_lifetime,synthetic-20260830-v5-slots120-dt0.100000,controlled_synthetic_motion,20260830,5,12.0,3597,1602,31,1944,0,51,1.602,0.445371142618849,0.0,0.2,147.56554307116104,100.0,200.0,200.0,0.5404503753127606,0.014178482068390326,0.554628857381151,0.5473180731124018,5,0,0,0.0,0.0,0,0,0.0,0.0,0.5367754619704465,0.6284844067121955,12.110396522776512,1.4279074641501833e-06,0.016110371414556054,0.26316229770576866,119,deadline,deadline_s=0.05,1.0,0.1,0.72,poisson,single,12000,0.05,18.0,70.0,ber,perfect,True,False
oracle,synthetic-20260830-v5-slots120-dt0.100000,controlled_synthetic_motion,20260830,5,12.0,3597,1602,31,1944,0,51,1.602,0.445371142618849,0.0,0.2,147.56554307116104,100.0,200.0,200.0,0.5404503753127606,0.014178482068390326,0.554628857381151,0.5473180731124018,5,0,0,0.0,0.0,0,0,0.0,0.0,0.5367754619704465,0.6284844067121955,12.110396522776512,1.4279074641501833e-06,0.016110371414556054,0.26316229770576866,119,deadline,deadline_s=0.05,1.0,0.1,0.72,poisson,single,12000,0.05,18.0,70.0,ber,perfect,True,False
reactive_greedy,synthetic-20260830-v5-slots120-dt0.100000,controlled_synthetic_motion,20260830,5,12.0,3597,1792,71,1756,0,49,1.792,0.49819293855991104,0.0,0.2,147.65625,100.0,200.0,200.0,0.4881845982763414,0.013622463163747567,0.5018070614400889,0.612230953194397,5,0,0,0.0,0.0,0,0,0.0,0.0,0.4243785499631293,0.4374852731536478,11.688535471713207,3.245400514291385e-06,0.0360715458298758,0.24011587354762778,117,deadline,deadline_s=0.1,1.0,0.1,0.72,poisson,single,12000,0.1,18.0,70.0,ber,perfect,True,False
proportional_fair,synthetic-20260830-v5-slots120-dt0.100000,controlled_synthetic_motion,20260830,5,12.0,3597,741,1,2797,0,59,0.741,0.20600500417014178,0.0,0.2,132.92847503373818,100.0,200.0,200.0,0.7775924381428969,0.016402557686961357,0.7939949958298582,0.25316023231978135,5,0,0,0.0,0.0,0,0,0.0,0.0,0.5039312772176818,0.37174765766543627,12.631198786218388,5.531454829934217e-08,0.000658681666438597,0.29195923726019124,51,deadline,deadline_s=0.1,1.0,0.1,0.72,poisson,single,12000,0.1,18.0,70.0,ber,perfect,True,False
kalman_predictive,synthetic-20260830-v5-slots120-dt0.100000,controlled_synthetic_motion,20260830,5,12.0,3597,1580,32,1966,0,51,1.58,0.4392549346677787,0.0,0.2,147.46835443037975,100.0,200.0,200.0,0.546566583263831,0.014178482068390326,0.5607450653322213,0.5398018448923813,5,0,0,0.0,0.0,0,0,0.0,0.0,0.5397621621621621,0.6263655070570094,12.119898975247066,1.4520339414440617e-06,0.016344116399880353,0.2636690710040992,119,deadline,deadline_s=0.1,1.0,0.1,0.72,poisson,single,12000,0.1,18.0,70.0,ber,perfect,True,False
link_lifetime,synthetic-20260830-v5-slots120-dt0.100000,controlled_synthetic_motion,20260830,5,12.0,3597,1602,31,1944,0,51,1.602,0.445371142618849,0.0,0.2,147.56554307116104,100.0,200.0,200.0,0.5404503753127606,0.014178482068390326,0.554628857381151,0.5473180731124018,5,0,0,0.0,0.0,0,0,0.0,0.0,0.5367754619704465,0.6284844067121955,12.110396522776512,1.4279074641501833e-06,0.016110371414556054,0.26316229770576866,119,deadline,deadline_s=0.1,1.0,0.1,0.72,poisson,single,12000,0.1,18.0,70.0,ber,perfect,True,False
oracle,synthetic-20260830-v5-slots120-dt0.100000,controlled_synthetic_motion,20260830,5,12.0,3597,1602,31,1944,0,51,1.602,0.445371142618849,0.0,0.2,147.56554307116104,100.0,200.0,200.0,0.5404503753127606,0.014178482068390326,0.554628857381151,0.5473180731124018,5,0,0,0.0,0.0,0,0,0.0,0.0,0.5367754619704465,0.6284844067121955,12.110396522776512,1.4279074641501833e-06,0.016110371414556054,0.26316229770576866,119,deadline,deadline_s=0.1,1.0,0.1,0.72,poisson,single,12000,0.1,18.0,70.0,ber,perfect,True,False
reactive_greedy,synthetic-20260830-v5-slots120-dt0.100000,controlled_synthetic_motion,20260830,5,12.0,3597,1949,73,1583,0,65,1.949,0.5418404225743675,0.0,0.2,163.4171369933299,200.0,300.00000000000006,300.00000000000006,0.4400889630247428,0.01807061440088963,0.45815957742563246,0.6658694909463615,5,0,0,0.0,0.0,0,0,0.0,0.0,0.4762720991712948,0.5408583765840698,11.701916965116975,3.0937136377182703e-06,0.03446640381471947,0.24087746817436279,119,deadline,deadline_s=0.25,1.0,0.1,0.72,poisson,single,12000,0.25,18.0,70.0,ber,perfect,True,False
proportional_fair,synthetic-20260830-v5-slots120-dt0.100000,controlled_synthetic_motion,20260830,5,12.0,3597,753,0,2769,0,75,0.753,0.20934111759799834,0.0,0.2,161.22177954847277,100.0,300.00000000000006,300.00000000000006,0.7698081734778982,0.020850708924103418,0.7906588824020017,0.25725999316706527,5,0,0,0.0,0.0,0,0,0.0,0.0,0.5105452482678204,0.3781282351689688,12.664682589434872,4.7503726335566414e-08,0.0005652298046910901,0.29402480803803066,35,deadline,deadline_s=0.25,1.0,0.1,0.72,poisson,single,12000,0.25,18.0,70.0,ber,perfect,True,False
kalman_predictive,synthetic-20260830-v5-slots120-dt0.100000,controlled_synthetic_motion,20260830,5,12.0,3597,2157,66,1377,0,63,2.157,0.5996663886572143,0.0,0.2,198.5628187297172,200.0,300.00000000000006,300.00000000000006,0.38281901584653877,0.01751459549624687,0.40033361134278567,0.7369320122992825,5,0,0,0.0,0.0,0,0,0.0,0.0,0.5719899264151302,0.6601311173869088,11.916508136211101,2.9979856015176194e-06,0.031331734371911064,0.2529455914913745,118,deadline,deadline_s=0.25,1.0,0.1,0.72,poisson,single,12000,0.25,18.0,70.0,ber,perfect,True,False
link_lifetime,synthetic-20260830-v5-slots120-dt0.100000,controlled_synthetic_motion,20260830,5,12.0,3597,2140,63,1394,0,63,2.14,0.5949402279677509,0.0,0.2,198.17757009345794,200.0,300.00000000000006,300.00000000000006,0.38754517653600223,0.01751459549624687,0.4050597720322491,0.7311240177656303,5,0,0,0.0,0.0,0,0,0.0,0.0,0.5634634621086939,0.6484454137736122,11.939380153290356,2.8552713921411936e-06,0.029780396051797043,0.2541390097115512,118,deadline,deadline_s=0.25,1.0,0.1,0.72,poisson,single,12000,0.25,18.0,70.0,ber,perfect,True,False
oracle,synthetic-20260830-v5-slots120-dt0.100000,controlled_synthetic_motion,20260830,5,12.0,3597,2140,63,1394,0,63,2.14,0.5949402279677509,0.0,0.2,198.17757009345794,200.0,300.00000000000006,300.00000000000006,0.38754517653600223,0.01751459549624687,0.4050597720322491,0.7311240177656303,5,0,0,0.0,0.0,0,0,0.0,0.0,0.5634634621086939,0.6484454137736122,11.939380153290356,2.8552713921411936e-06,0.029780396051797043,0.2541390097115512,118,deadline,deadline_s=0.25,1.0,0.1,0.72,poisson,single,12000,0.25,18.0,70.0,ber,perfect,True,False
reactive_greedy,synthetic-20260830-v5-slots120-dt0.100000,controlled_synthetic_motion,20260830,5,12.0,3597,2327,145,1175,0,95,2.327,0.6469279955518488,0.0,0.2,209.4112591319295,200.0,400.0,600.0000000000001,0.32666110647762026,0.026410897970531,0.35307200444815123,0.7950119576358046,5,0,0,0.0,0.0,0,0,0.0,0.0,0.5947474816260159,0.7102905688178289,11.670626808716579,4.469850584802139e-06,0.04742097886311258,0.24000107053801228,119,deadline,deadline_s=0.5,1.0,0.1,0.72,poisson,single,12000,0.5,18.0,70.0,ber,perfect,True,False
proportional_fair,synthetic-20260830-v5-slots120-dt0.100000,controlled_synthetic_motion,20260830,5,12.0,3597,823,0,2624,0,150,0.823,0.22880177926049486,0.0,0.2,253.58444714459296,200.0,600.0000000000001,600.0000000000001,0.7294968028912983,0.041701417848206836,0.7711982207395052,0.2811752647762214,5,0,0,0.0,0.0,0,0,0.0,0.0,0.5282656423655118,0.4044021024608258,12.682140682600535,4.5669104301653946e-08,0.0005432444338881229,0.295177306087247,27,deadline,deadline_s=0.5,1.0,0.1,0.72,poisson,single,12000,0.5,18.0,70.0,ber,perfect,True,False
kalman_predictive,synthetic-20260830-v5-slots120-dt0.100000,controlled_synthetic_motion,20260830,5,12.0,3597,2519,343,985,0,93,2.519,0.7003058103975535,0.0,0.2,254.82334259626836,200.0,500.0,600.0000000000001,0.27383931053655824,0.02585487906588824,0.2996941896024465,0.8606081311923471,5,0,0,0.0,0.0,0,0,0.0,0.0,0.6601962788689385,0.7540198362649857,11.564168175306408,1.0169876983894703e-05,0.08992660225358118,0.23606346022790092,116,deadline,deadline_s=0.5,1.0,0.1,0.72,poisson,single,12000,0.5,18.0,70.0,ber,perfect,True,False
link_lifetime,synthetic-20260830-v5-slots120-dt0.100000,controlled_synthetic_motion,20260830,5,12.0,3597,2499,301,1006,0,92,2.499,0.6947456213511259,0.0,0.2,247.57903161264505,200.0,500.0,600.0000000000001,0.2796775090353072,0.025576869613566863,0.30525437864887406,0.8537751964468739,5,0,0,0.0,0.0,0,0,0.0,0.0,0.6500872074412852,0.7446045350338069,11.621691233538943,8.728814428159646e-06,0.07921563868983858,0.23884915780771854,117,deadline,deadline_s=0.5,1.0,0.1,0.72,poisson,single,12000,0.5,18.0,70.0,ber,perfect,True,False
oracle,synthetic-20260830-v5-slots120-dt0.100000,controlled_synthetic_motion,20260830,5,12.0,3597,2499,301,1006,0,92,2.499,0.6947456213511259,0.0,0.2,247.57903161264505,200.0,500.0,600.0000000000001,0.2796775090353072,0.025576869613566863,0.30525437864887406,0.8537751964468739,5,0,0,0.0,0.0,0,0,0.0,0.0,0.6500872074412852,0.7446045350338069,11.621691233538943,8.728814428159646e-06,0.07921563868983858,0.23884915780771854,117,deadline,deadline_s=0.5,1.0,0.1,0.72,poisson,single,12000,0.5,18.0,70.0,ber,perfect,True,False
reactive_greedy,synthetic-20260830-v5-slots120-dt0.100000,controlled_synthetic_motion,20260830,5,12.0,3597,2445,189,1002,0,150,2.445,0.6797331109257715,0.0,0.2,248.7525562372188,200.0,600.0000000000001,900.0,0.2785654712260217,0.041701417848206836,0.3202668890742285,0.8353262726340963,5,0,0,0.0,0.0,0,0,0.0,0.0,0.6330102114560815,0.730289003209514,11.70794701383688,5.059881657679487e-06,0.05131007581173101,0.2422765417183109,119,deadline,deadline_s=1,1.0,0.1,0.72,poisson,single,12000,1.0,18.0,70.0,ber,perfect,True,False
proportional_fair,synthetic-20260830-v5-slots120-dt0.100000,controlled_synthetic_motion,20260830,5,12.0,3597,851,0,2474,0,272,0.851,0.23658604392549346,0.0,0.2,503.29024676850764,500.0,1100.0,1100.0,0.6877953850430915,0.07561857103141507,0.7634139560745066,0.2907413734198838,5,0,0,0.0,0.0,0,0,0.0,0.0,0.5208074589995937,0.41156508227152755,12.682140682600535,4.5669104301653946e-08,0.0005432444338881229,0.295177306087247,27,deadline,deadline_s=1,1.0,0.1,0.72,poisson,single,12000,1.0,18.0,70.0,ber,perfect,True,False
kalman_predictive,synthetic-20260830-v5-slots120-dt0.100000,controlled_synthetic_motion,20260830,5,12.0,3597,2679,630,783,0,135,2.679,0.7447873227689742,0.0,0.2,337.812616648003,300.00000000000006,800.0,1100.0,0.2176814011676397,0.03753127606338615,0.25521267723102586,0.9152716091561326,5,0,0,0.0,0.0,0,0,0.0,0.0,0.6937908634152353,0.7872335216899138,11.49477791959074,1.599666281476339e-05,0.13107858572371833,0.23389789027067706,110,deadline,deadline_s=1,1.0,0.1,0.72,poisson,single,12000,1.0,18.0,70.0,ber,perfect,True,False
link_lifetime,synthetic-20260830-v5-slots120-dt0.100000,controlled_synthetic_motion,20260830,5,12.0,3597,2660,631,780,0,157,2.66,0.7395051431748679,0.0,0.2,339.09774436090225,300.00000000000006,800.0,1100.0,0.21684737281067556,0.04364748401445649,0.26049485682513207,0.9087803211479331,5,0,0,0.0,0.0,0,0,0.0,0.0,0.6948941640714693,0.7885042612992423,11.47046334874855,1.6219181850071438e-05,0.13313967653815953,0.23263161183718692,107,deadline,deadline_s=1,1.0,0.1,0.72,poisson,single,12000,1.0,18.0,70.0,ber,perfect,True,False
oracle,synthetic-20260830-v5-slots120-dt0.100000,controlled_synthetic_motion,20260830,5,12.0,3597,2660,631,780,0,157,2.66,0.7395051431748679,0.0,0.2,339.09774436090225,300.00000000000006,800.0,1100.0,0.21684737281067556,0.04364748401445649,0.26049485682513207,0.9087803211479331,5,0,0,0.0,0.0,0,0,0.0,0.0,0.6948941640714693,0.7885042612992423,11.47046334874855,1.6219181850071438e-05,0.13313967653815953,0.23263161183718692,107,deadline,deadline_s=1,1.0,0.1,0.72,poisson,single,12000,1.0,18.0,70.0,ber,perfect,True,False
reactive_greedy,synthetic-20260830-v5-slots120-dt0.100000,controlled_synthetic_motion,20260830,5,12.0,3597,0,3858,3227,0,370,0.0,0.0,1.0,1.0,nan,nan,nan,nan,0.8971365026410898,0.1028634973589102,1.0,0.0,24,0,0,0.0,0.0,0,0,0.0,0.0,1.0,1.0,6.748668726002398,0.004619578993755002,0.9999999999997784,0.2992605461428705,0,reference_snr,snr_offset_db=-6,1.0,0.1,0.72,poisson,single,12000,1.2,12.0,70.0,ber,perfect,True,False
proportional_fair,synthetic-20260830-v5-slots120-dt0.100000,controlled_synthetic_motion,20260830,5,12.0,3597,0,3858,3227,0,370,0.0,0.0,1.0,1.0,nan,nan,nan,nan,0.8971365026410898,0.1028634973589102,1.0,0.0,24,0,0,0.0,0.0,0,0,0.0,0.0,1.0,1.0,6.748668726002398,0.004619578993755002,0.9999999999997784,0.2992605461428705,0,reference_snr,snr_offset_db=-6,1.0,0.1,0.72,poisson,single,12000,1.2,12.0,70.0,ber,perfect,True,False
kalman_predictive,synthetic-20260830-v5-slots120-dt0.100000,controlled_synthetic_motion,20260830,5,12.0,3597,0,4806,3227,0,370,0.0,0.0,1.0,1.0,nan,nan,nan,nan,0.8971365026410898,0.1028634973589102,1.0,0.0,24,0,0,0.0,0.0,0,0,0.0,0.0,1.0,1.0,5.286532543361478,0.027920927906580836,1.0,0.22825442942688606,30,reference_snr,snr_offset_db=-6,1.0,0.1,0.72,poisson,single,12000,1.2,12.0,70.0,ber,perfect,True,False
link_lifetime,synthetic-20260830-v5-slots120-dt0.100000,controlled_synthetic_motion,20260830,5,12.0,3597,0,4806,3227,0,370,0.0,0.0,1.0,1.0,nan,nan,nan,nan,0.8971365026410898,0.1028634973589102,1.0,0.0,24,0,0,0.0,0.0,0,0,0.0,0.0,1.0,1.0,5.286532543361478,0.027920927906580836,1.0,0.22825442942688606,30,reference_snr,snr_offset_db=-6,1.0,0.1,0.72,poisson,single,12000,1.2,12.0,70.0,ber,perfect,True,False
oracle,synthetic-20260830-v5-slots120-dt0.100000,controlled_synthetic_motion,20260830,5,12.0,3597,0,4806,3227,0,370,0.0,0.0,1.0,1.0,nan,nan,nan,nan,0.8971365026410898,0.1028634973589102,1.0,0.0,24,0,0,0.0,0.0,0,0,0.0,0.0,1.0,1.0,5.286532543361478,0.027920927906580836,1.0,0.22825442942688606,30,reference_snr,snr_offset_db=-6,1.0,0.1,0.72,poisson,single,12000,1.2,12.0,70.0,ber,perfect,True,False
reactive_greedy,synthetic-20260830-v5-slots120-dt0.100000,controlled_synthetic_motion,20260830,5,12.0,3597,966,871,2382,0,249,0.966,0.26855713094245204,0.0,0.5083333333333333,296.79089026915113,200.0,1000.0,1400.0000000000002,0.6622185154295246,0.06922435362802336,0.731442869057548,0.3726235741444867,138,0,0,0.0,0.0,0,0,0.0,0.0,0.36470638813436773,0.43103308736704615,9.78210861074717,4.383143979653444e-05,0.37604213620001425,0.30134300252741025,34,reference_snr,snr_offset_db=-3,1.0,0.1,0.72,poisson,single,12000,1.2,15.0,70.0,ber,perfect,True,False
proportional_fair,synthetic-20260830-v5-slots120-dt0.100000,controlled_synthetic_motion,20260830,5,12.0,3597,725,514,2548,0,324,0.725,0.2015568529329997,0.0,0.5083333333333333,291.17241379310343,100.0,1000.0,1500.0,0.7083680845148735,0.09007506255212677,0.7984431470670003,0.2813688212927757,138,0,0,0.0,0.0,0,0,0.0,0.0,0.35365496731740304,0.40578340488221804,9.854652455588669,3.647066053286821e-05,0.3352754923581954,0.30636322495894236,4,reference_snr,snr_offset_db=-3,1.0,0.1,0.72,poisson,single,12000,1.2,15.0,70.0,ber,perfect,True,False
kalman_predictive,synthetic-20260830-v5-slots120-dt0.100000,controlled_synthetic_motion,20260830,5,12.0,3597,986,2111,2356,0,255,0.986,0.2741173199888796,0.0,0.5083333333333333,412.6774847870183,300.00000000000006,1100.0,1500.0,0.6549902696691687,0.07089241034195162,0.7258826800111203,0.3840304182509506,138,0,0,0.0,0.0,0,0,0.0,0.0,0.3547914560669151,0.4066783358342675,9.400858435391806,0.00016326355962302432,0.5616920062510274,0.2782752649914672,49,reference_snr,snr_offset_db=-3,1.0,0.1,0.72,poisson,single,12000,1.2,15.0,70.0,ber,perfect,True,False
link_lifetime,synthetic-20260830-v5-slots120-dt0.100000,controlled_synthetic_motion,20260830,5,12.0,3597,846,2370,2471,0,280,0.846,0.23519599666388658,0.0,0.5083333333333333,443.26241134751774,300.00000000000006,1200.0000000000002,1500.0,0.6869613566861273,0.0778426466499861,0.7648040033361134,0.33713561470215464,138,0,0,0.0,0.0,0,0,0.0,0.0,0.3542832816877704,0.3981320963201886,9.263809501952467,0.0002439346529937446,0.5963702875571839,0.27087908841083996,50,reference_snr,snr_offset_db=-3,1.0,0.1,0.72,poisson,single,12000,1.2,15.0,70.0,ber,perfect,True,False
oracle,synthetic-20260830-v5-slots120-dt0.100000,controlled_synthetic_motion,20260830,5,12.0,3597,846,2370,2471,0,280,0.846,0.23519599666388658,0.0,0.5083333333333333,443.26241134751774,300.00000000000006,1200.0000000000002,1500.0,0.6869613566861273,0.0778426466499861,0.7648040033361134,0.33713561470215464,138,0,0,0.0,0.0,0,0,0.0,0.0,0.3542832816877704,0.3981320963201886,9.263809501952467,0.0002439346529937446,0.5963702875571839,0.27087908841083996,50,reference_snr,snr_offset_db=-3,1.0,0.1,0.72,poisson,single,12000,1.2,15.0,70.0,ber,perfect,True,False
reactive_greedy,synthetic-20260830-v5-slots120-dt0.100000,controlled_synthetic_motion,20260830,5,12.0,3597,2482,269,945,0,170,2.482,0.6900194606616625,0.0,0.2,269.5004029008864,200.0,794.9999999999818,1200.0000000000002,0.2627189324437031,0.04726160689463442,0.3099805393383375,0.8479672019132217,5,0,0,0.0,0.0,0,0,0.0,0.0,0.6490639115212268,0.7471647061931329,11.662417766221502,6.99568079749185e-06,0.06553375592090979,0.2402296702659383,119,reference_snr,snr_offset_db=0,1.0,0.1,0.72,poisson,single,12000,1.2,18.0,70.0,ber,perfect,True,False
proportional_fair,synthetic-20260830-v5-slots120-dt0.100000,controlled_synthetic_motion,20260830,5,12.0,3597,851,0,2422,0,324,0.851,0.23658604392549346,0.0,0.2,589.8942420681551,500.0,1400.0000000000002,1600.0,0.6733388935223797,0.09007506255212677,0.7634139560745066,0.2907413734198838,5,0,0,0.0,0.0,0,0,0.0,0.0,0.5208074589995937,0.41156508227152755,12.682140682600535,4.5669104301653946e-08,0.0005432444338881229,0.295177306087247,27,reference_snr,snr_offset_db=0,1.0,0.1,0.72,poisson,single,12000,1.2,18.0,70.0,ber,perfect,True,False
kalman_predictive,synthetic-20260830-v5-slots120-dt0.100000,controlled_synthetic_motion,20260830,5,12.0,3597,2661,586,773,0,163,2.661,0.7397831526271893,0.0,0.2,397.33183013904545,400.0,900.0,1300.0,0.21490130664442592,0.045315540728384764,0.2602168473728107,0.9091219678852067,5,0,0,0.0,0.0,0,0,0.0,0.0,0.692592909573118,0.7842161197264937,11.55924537129467,1.5277956966385834e-05,0.12515712608944066,0.23727952188647303,101,reference_snr,snr_offset_db=0,1.0,0.1,0.72,poisson,single,12000,1.2,18.0,70.0,ber,perfect,True,False
link_lifetime,synthetic-20260830-v5-slots120-dt0.100000,controlled_synthetic_motion,20260830,5,12.0,3597,2658,620,759,0,180,2.658,0.7389491242702252,0.0,0.2,415.8765989465764,400.0,1000.0,1400.0000000000002,0.21100917431192662,0.05004170141784821,0.2610508757297748,0.9080970276733857,5,0,0,0.0,0.0,0,0,0.0,0.0,0.7050798944919656,0.7899879923556448,11.550833297051271,1.6044367004000586e-05,0.1300616386371585,0.2369080570522971,95,reference_snr,snr_offset_db=0,1.0,0.1,0.72,poisson,single,12000,1.2,18.0,70.0,ber,perfect,True,False
oracle,synthetic-20260830-v5-slots120-dt0.100000,controlled_synthetic_motion,20260830,5,12.0,3597,2658,620,759,0,180,2.658,0.7389491242702252,0.0,0.2,415.8765989465764,400.0,1000.0,1400.0000000000002,0.21100917431192662,0.05004170141784821,0.2610508757297748,0.9080970276733857,5,0,0,0.0,0.0,0,0,0.0,0.0,0.7050798944919656,0.7899879923556448,11.550833297051271,1.6044367004000586e-05,0.1300616386371585,0.2369080570522971,95,reference_snr,snr_offset_db=0,1.0,0.1,0.72,poisson,single,12000,1.2,18.0,70.0,ber,perfect,True,False
reactive_greedy,synthetic-20260830-v5-slots120-dt0.100000,controlled_synthetic_motion,20260830,5,12.0,3597,2882,0,607,0,108,2.882,0.8012232415902141,0.0,0.0,242.50520471894518,200.0,500.0,800.0,0.16875173755907702,0.030025020850708923,0.19877675840978593,0.8012232415902141,0,0,0,0.0,0.0,0,0,0.0,0.0,0.7133228386489511,0.7995975518529183,14.315039676326453,2.3509340887105136e-09,2.8208862217947245e-05,0.2237651814553388,119,reference_snr,snr_offset_db=3,1.0,0.1,0.72,poisson,single,12000,1.2,21.0,70.0,ber,perfect,True,False
proportional_fair,synthetic-20260830-v5-slots120-dt0.100000,controlled_synthetic_motion,20260830,5,12.0,3597,1373,0,1963,0,261,1.373,0.3817069780372533,0.0,0.0,798.6161689730517,900.0,1500.0,1700.0000000000002,0.5457325549068668,0.0725604670558799,0.6182930219627467,0.3817069780372533,0,0,0,0.0,0.0,0,0,0.0,0.0,0.7993270847334734,0.6564925847335675,15.366512399319516,6.001394819079855e-10,7.201106295873435e-06,0.2789361314184045,49,reference_snr,snr_offset_db=3,1.0,0.1,0.72,poisson,single,12000,1.2,21.0,70.0,ber,perfect,True,False
kalman_predictive,synthetic-20260830-v5-slots120-dt0.100000,controlled_synthetic_motion,20260830,5,12.0,3597,2912,1073,543,0,142,2.912,0.8095635251598554,0.0,0.0,371.1881868131868,300.00000000000006,700.0000000000001,1000.0,0.15095913261050875,0.03947734222963581,0.19043647484014456,0.8095635251598554,0,0,0,0.0,0.0,0,0,0.0,0.0,0.7466811311151773,0.8392721498640735,13.176877968025126,6.823083019751736e-05,0.22069769745258502,0.1938440952815257,110,reference_snr,snr_offset_db=3,1.0,0.1,0.72,poisson,single,12000,1.2,21.0,70.0,ber,perfect,True,False
link_lifetime,synthetic-20260830-v5-slots120-dt0.100000,controlled_synthetic_motion,20260830,5,12.0,3597,2921,1074,542,0,134,2.921,0.8120656102307479,0.0,0.0,369.9760356042451,300.00000000000006,700.0000000000001,1000.0,0.15068112315818738,0.037253266611064775,0.18793438976925214,0.8120656102307479,0,0,0,0.0,0.0,0,0,0.0,0.0,0.7466858437806161,0.8385680658875382,13.176834916305337,6.832838251927564e-05,0.22073359146331892,0.19384629191874678,110,reference_snr,snr_offset_db=3,1.0,0.1,0.72,poisson,single,12000,1.2,21.0,70.0,ber,perfect,True,False
oracle,synthetic-20260830-v5-slots120-dt0.100000,controlled_synthetic_motion,20260830,5,12.0,3597,2921,1074,542,0,134,2.921,0.8120656102307479,0.0,0.0,369.9760356042451,300.00000000000006,700.0000000000001,1000.0,0.15068112315818738,0.037253266611064775,0.18793438976925214,0.8120656102307479,0,0,0,0.0,0.0,0,0,0.0,0.0,0.7466858437806161,0.8385680658875382,13.176834916305337,6.832838251927564e-05,0.22073359146331892,0.19384629191874678,110,reference_snr,snr_offset_db=3,1.0,0.1,0.72,poisson,single,12000,1.2,21.0,70.0,ber,perfect,True,False
reactive_greedy,synthetic-20260830-v5-slots120-dt0.100000,controlled_synthetic_motion,20260830,5,12.0,3597,3515,1,22,0,60,3.515,0.977203224909647,0.0,0.0,290.1849217638691,300.00000000000006,600.0000000000001,1000.0,0.0061162079510703364,0.016680567139282735,0.02279677509035307,0.977203224909647,0,0,0,0.0,0.0,0,0,0.0,0.0,0.9033508918736823,0.999154404406048,16.290156503427777,2.9116058261884074e-08,0.00034895748654363134,0.1930851109493729,119,reference_snr,snr_offset_db=6,1.0,0.1,0.72,poisson,single,12000,1.2,24.0,70.0,ber,perfect,True,False
proportional_fair,synthetic-20260830-v5-slots120-dt0.100000,controlled_synthetic_motion,20260830,5,12.0,3597,1687,1,1659,0,251,1.687,0.46900194606616624,0.0,0.0,820.7468879668049,900.0,1500.0,1700.0000000000002,0.46121768140116765,0.06978037253266611,0.5309980539338337,0.46900194606616624,0,0,0,0.0,0.0,0,0,0.0,0.0,0.9981040725965543,0.8399198275497796,17.90273137808841,9.896324002500849e-09,0.00011861137404284025,0.2627786693483939,64,reference_snr,snr_offset_db=6,1.0,0.1,0.72,poisson,single,12000,1.2,24.0,70.0,ber,perfect,True,False
kalman_predictive,synthetic-20260830-v5-slots120-dt0.100000,controlled_synthetic_motion,20260830,5,12.0,3597,3537,1,0,0,60,3.537,0.9833194328607172,0.0,0.0,293.97794741306194,300.00000000000006,500.0,600.0000000000001,0.0,0.016680567139282735,0.016680567139282735,0.9833194328607172,0,0,0,0.0,0.0,0,0,0.0,0.0,0.9097838145433853,0.9998983455583523,16.388690773643457,2.9967840437159543e-08,0.00035915268795309033,0.19844266938107813,119,reference_snr,snr_offset_db=6,1.0,0.1,0.72,poisson,single,12000,1.2,24.0,70.0,ber,perfect,True,False
link_lifetime,synthetic-20260830-v5-slots120-dt0.100000,controlled_synthetic_motion,20260830,5,12.0,3597,3537,1,0,0,60,3.537,0.9833194328607172,0.0,0.0,293.97794741306194,300.00000000000006,500.0,600.0000000000001,0.0,0.016680567139282735,0.016680567139282735,0.9833194328607172,0,0,0,0.0,0.0,0,0,0.0,0.0,0.9097838145433853,0.9998983455583523,16.388690773643457,2.9967840437159543e-08,0.00035915268795309033,0.19844266938107813,119,reference_snr,snr_offset_db=6,1.0,0.1,0.72,poisson,single,12000,1.2,24.0,70.0,ber,perfect,True,False
oracle,synthetic-20260830-v5-slots120-dt0.100000,controlled_synthetic_motion,20260830,5,12.0,3597,3537,1,0,0,60,3.537,0.9833194328607172,0.0,0.0,293.97794741306194,300.00000000000006,500.0,600.0000000000001,0.0,0.016680567139282735,0.016680567139282735,0.9833194328607172,0,0,0,0.0,0.0,0,0,0.0,0.0,0.9097838145433853,0.9998983455583523,16.388690773643457,2.9967840437159543e-08,0.00035915268795309033,0.19844266938107813,119,reference_snr,snr_offset_db=6,1.0,0.1,0.72,poisson,single,12000,1.2,24.0,70.0,ber,perfect,True,False
reactive_greedy,synthetic-20260830-v5-slots120-dt0.100000,controlled_synthetic_motion,20260830,5,12.0,3597,2482,269,945,0,170,2.482,0.6900194606616625,0.0,0.2,269.5004029008864,200.0,794.9999999999818,1200.0000000000002,0.2627189324437031,0.04726160689463442,0.3099805393383375,0.8479672019132217,5,0,0,0.0,0.0,0,0,0.0,0.0,0.6490639115212268,0.7471647061931329,11.662417766221502,6.99568079749185e-06,0.06553375592090979,0.2402296702659383,119,field_of_view,fov_deg=50,1.0,0.1,0.72,poisson,single,12000,1.2,18.0,50.0,ber,perfect,True,False
proportional_fair,synthetic-20260830-v5-slots120-dt0.100000,controlled_synthetic_motion,20260830,5,12.0,3597,851,0,2422,0,324,0.851,0.23658604392549346,0.0,0.2,589.8942420681551,500.0,1400.0000000000002,1600.0,0.6733388935223797,0.09007506255212677,0.7634139560745066,0.2907413734198838,5,0,0,0.0,0.0,0,0,0.0,0.0,0.5208074589995937,0.41156508227152755,12.682140682600535,4.5669104301653946e-08,0.0005432444338881229,0.295177306087247,27,field_of_view,fov_deg=50,1.0,0.1,0.72,poisson,single,12000,1.2,18.0,50.0,ber,perfect,True,False
kalman_predictive,synthetic-20260830-v5-slots120-dt0.100000,controlled_synthetic_motion,20260830,5,12.0,3597,2661,586,773,0,163,2.661,0.7397831526271893,0.0,0.2,397.33183013904545,400.0,900.0,1300.0,0.21490130664442592,0.045315540728384764,0.2602168473728107,0.9091219678852067,5,0,0,0.0,0.0,0,0,0.0,0.0,0.692592909573118,0.7842161197264937,11.55924537129467,1.5277956966385834e-05,0.12515712608944066,0.23727952188647303,101,field_of_view,fov_deg=50,1.0,0.1,0.72,poisson,single,12000,1.2,18.0,50.0,ber,perfect,True,False
link_lifetime,synthetic-20260830-v5-slots120-dt0.100000,controlled_synthetic_motion,20260830,5,12.0,3597,2658,620,759,0,180,2.658,0.7389491242702252,0.0,0.2,415.8765989465764,400.0,1000.0,1400.0000000000002,0.21100917431192662,0.05004170141784821,0.2610508757297748,0.9080970276733857,5,0,0,0.0,0.0,0,0,0.0,0.0,0.7050798944919656,0.7899879923556448,11.550833297051271,1.6044367004000586e-05,0.1300616386371585,0.2369080570522971,95,field_of_view,fov_deg=50,1.0,0.1,0.72,poisson,single,12000,1.2,18.0,50.0,ber,perfect,True,False
oracle,synthetic-20260830-v5-slots120-dt0.100000,controlled_synthetic_motion,20260830,5,12.0,3597,2658,620,759,0,180,2.658,0.7389491242702252,0.0,0.2,415.8765989465764,400.0,1000.0,1400.0000000000002,0.21100917431192662,0.05004170141784821,0.2610508757297748,0.9080970276733857,5,0,0,0.0,0.0,0,0,0.0,0.0,0.7050798944919656,0.7899879923556448,11.550833297051271,1.6044367004000586e-05,0.1300616386371585,0.2369080570522971,95,field_of_view,fov_deg=50,1.0,0.1,0.72,poisson,single,12000,1.2,18.0,50.0,ber,perfect,True,False
reactive_greedy,synthetic-20260830-v5-slots120-dt0.100000,controlled_synthetic_motion,20260830,5,12.0,3597,2482,269,945,0,170,2.482,0.6900194606616625,0.0,0.2,269.5004029008864,200.0,794.9999999999818,1200.0000000000002,0.2627189324437031,0.04726160689463442,0.3099805393383375,0.8479672019132217,5,0,0,0.0,0.0,0,0,0.0,0.0,0.6490639115212268,0.7471647061931329,11.662417766221502,6.99568079749185e-06,0.06553375592090979,0.2402296702659383,119,field_of_view,fov_deg=70,1.0,0.1,0.72,poisson,single,12000,1.2,18.0,70.0,ber,perfect,True,False
proportional_fair,synthetic-20260830-v5-slots120-dt0.100000,controlled_synthetic_motion,20260830,5,12.0,3597,851,0,2422,0,324,0.851,0.23658604392549346,0.0,0.2,589.8942420681551,500.0,1400.0000000000002,1600.0,0.6733388935223797,0.09007506255212677,0.7634139560745066,0.2907413734198838,5,0,0,0.0,0.0,0,0,0.0,0.0,0.5208074589995937,0.41156508227152755,12.682140682600535,4.5669104301653946e-08,0.0005432444338881229,0.295177306087247,27,field_of_view,fov_deg=70,1.0,0.1,0.72,poisson,single,12000,1.2,18.0,70.0,ber,perfect,True,False
kalman_predictive,synthetic-20260830-v5-slots120-dt0.100000,controlled_synthetic_motion,20260830,5,12.0,3597,2661,586,773,0,163,2.661,0.7397831526271893,0.0,0.2,397.33183013904545,400.0,900.0,1300.0,0.21490130664442592,0.045315540728384764,0.2602168473728107,0.9091219678852067,5,0,0,0.0,0.0,0,0,0.0,0.0,0.692592909573118,0.7842161197264937,11.55924537129467,1.5277956966385834e-05,0.12515712608944066,0.23727952188647303,101,field_of_view,fov_deg=70,1.0,0.1,0.72,poisson,single,12000,1.2,18.0,70.0,ber,perfect,True,False
link_lifetime,synthetic-20260830-v5-slots120-dt0.100000,controlled_synthetic_motion,20260830,5,12.0,3597,2658,620,759,0,180,2.658,0.7389491242702252,0.0,0.2,415.8765989465764,400.0,1000.0,1400.0000000000002,0.21100917431192662,0.05004170141784821,0.2610508757297748,0.9080970276733857,5,0,0,0.0,0.0,0,0,0.0,0.0,0.7050798944919656,0.7899879923556448,11.550833297051271,1.6044367004000586e-05,0.1300616386371585,0.2369080570522971,95,field_of_view,fov_deg=70,1.0,0.1,0.72,poisson,single,12000,1.2,18.0,70.0,ber,perfect,True,False
oracle,synthetic-20260830-v5-slots120-dt0.100000,controlled_synthetic_motion,20260830,5,12.0,3597,2658,620,759,0,180,2.658,0.7389491242702252,0.0,0.2,415.8765989465764,400.0,1000.0,1400.0000000000002,0.21100917431192662,0.05004170141784821,0.2610508757297748,0.9080970276733857,5,0,0,0.0,0.0,0,0,0.0,0.0,0.7050798944919656,0.7899879923556448,11.550833297051271,1.6044367004000586e-05,0.1300616386371585,0.2369080570522971,95,field_of_view,fov_deg=70,1.0,0.1,0.72,poisson,single,12000,1.2,18.0,70.0,ber,perfect,True,False
reactive_greedy,synthetic-20260830-v5-slots120-dt0.100000,controlled_synthetic_motion,20260830,5,12.0,3597,2482,269,945,0,170,2.482,0.6900194606616625,0.0,0.2,269.5004029008864,200.0,794.9999999999818,1200.0000000000002,0.2627189324437031,0.04726160689463442,0.3099805393383375,0.8479672019132217,5,0,0,0.0,0.0,0,0,0.0,0.0,0.6490639115212268,0.7471647061931329,11.662417766221502,6.99568079749185e-06,0.06553375592090979,0.2402296702659383,119,field_of_view,fov_deg=90,1.0,0.1,0.72,poisson,single,12000,1.2,18.0,90.0,ber,perfect,True,False
proportional_fair,synthetic-20260830-v5-slots120-dt0.100000,controlled_synthetic_motion,20260830,5,12.0,3597,851,0,2422,0,324,0.851,0.23658604392549346,0.0,0.2,589.8942420681551,500.0,1400.0000000000002,1600.0,0.6733388935223797,0.09007506255212677,0.7634139560745066,0.2907413734198838,5,0,0,0.0,0.0,0,0,0.0,0.0,0.5208074589995937,0.41156508227152755,12.682140682600535,4.5669104301653946e-08,0.0005432444338881229,0.295177306087247,27,field_of_view,fov_deg=90,1.0,0.1,0.72,poisson,single,12000,1.2,18.0,90.0,ber,perfect,True,False
kalman_predictive,synthetic-20260830-v5-slots120-dt0.100000,controlled_synthetic_motion,20260830,5,12.0,3597,2661,586,773,0,163,2.661,0.7397831526271893,0.0,0.2,397.33183013904545,400.0,900.0,1300.0,0.21490130664442592,0.045315540728384764,0.2602168473728107,0.9091219678852067,5,0,0,0.0,0.0,0,0,0.0,0.0,0.692592909573118,0.7842161197264937,11.55924537129467,1.5277956966385834e-05,0.12515712608944066,0.23727952188647303,101,field_of_view,fov_deg=90,1.0,0.1,0.72,poisson,single,12000,1.2,18.0,90.0,ber,perfect,True,False
link_lifetime,synthetic-20260830-v5-slots120-dt0.100000,controlled_synthetic_motion,20260830,5,12.0,3597,2658,620,759,0,180,2.658,0.7389491242702252,0.0,0.2,415.8765989465764,400.0,1000.0,1400.0000000000002,0.21100917431192662,0.05004170141784821,0.2610508757297748,0.9080970276733857,5,0,0,0.0,0.0,0,0,0.0,0.0,0.7050798944919656,0.7899879923556448,11.550833297051271,1.6044367004000586e-05,0.1300616386371585,0.2369080570522971,95,field_of_view,fov_deg=90,1.0,0.1,0.72,poisson,single,12000,1.2,18.0,90.0,ber,perfect,True,False
oracle,synthetic-20260830-v5-slots120-dt0.100000,controlled_synthetic_motion,20260830,5,12.0,3597,2658,620,759,0,180,2.658,0.7389491242702252,0.0,0.2,415.8765989465764,400.0,1000.0,1400.0000000000002,0.21100917431192662,0.05004170141784821,0.2610508757297748,0.9080970276733857,5,0,0,0.0,0.0,0,0,0.0,0.0,0.7050798944919656,0.7899879923556448,11.550833297051271,1.6044367004000586e-05,0.1300616386371585,0.2369080570522971,95,field_of_view,fov_deg=90,1.0,0.1,0.72,poisson,single,12000,1.2,18.0,90.0,ber,perfect,True,False
reactive_greedy,synthetic-20260830-v5-slots120-dt0.100000,controlled_synthetic_motion,20260830,5,12.0,3597,2482,269,945,0,170,2.482,0.6900194606616625,0.0,0.2,269.5004029008864,200.0,794.9999999999818,1200.0000000000002,0.2627189324437031,0.04726160689463442,0.3099805393383375,0.8479672019132217,5,0,0,0.0,0.0,0,0,0.0,0.0,0.6490639115212268,0.7471647061931329,11.662417766221502,6.99568079749185e-06,0.06553375592090979,0.2402296702659383,119,outage_definition,outage=ber,1.0,0.1,0.72,poisson,single,12000,1.2,18.0,70.0,ber,perfect,True,False
proportional_fair,synthetic-20260830-v5-slots120-dt0.100000,controlled_synthetic_motion,20260830,5,12.0,3597,851,0,2422,0,324,0.851,0.23658604392549346,0.0,0.2,589.8942420681551,500.0,1400.0000000000002,1600.0,0.6733388935223797,0.09007506255212677,0.7634139560745066,0.2907413734198838,5,0,0,0.0,0.0,0,0,0.0,0.0,0.5208074589995937,0.41156508227152755,12.682140682600535,4.5669104301653946e-08,0.0005432444338881229,0.295177306087247,27,outage_definition,outage=ber,1.0,0.1,0.72,poisson,single,12000,1.2,18.0,70.0,ber,perfect,True,False
kalman_predictive,synthetic-20260830-v5-slots120-dt0.100000,controlled_synthetic_motion,20260830,5,12.0,3597,2661,586,773,0,163,2.661,0.7397831526271893,0.0,0.2,397.33183013904545,400.0,900.0,1300.0,0.21490130664442592,0.045315540728384764,0.2602168473728107,0.9091219678852067,5,0,0,0.0,0.0,0,0,0.0,0.0,0.692592909573118,0.7842161197264937,11.55924537129467,1.5277956966385834e-05,0.12515712608944066,0.23727952188647303,101,outage_definition,outage=ber,1.0,0.1,0.72,poisson,single,12000,1.2,18.0,70.0,ber,perfect,True,False
link_lifetime,synthetic-20260830-v5-slots120-dt0.100000,controlled_synthetic_motion,20260830,5,12.0,3597,2658,620,759,0,180,2.658,0.7389491242702252,0.0,0.2,415.8765989465764,400.0,1000.0,1400.0000000000002,0.21100917431192662,0.05004170141784821,0.2610508757297748,0.9080970276733857,5,0,0,0.0,0.0,0,0,0.0,0.0,0.7050798944919656,0.7899879923556448,11.550833297051271,1.6044367004000586e-05,0.1300616386371585,0.2369080570522971,95,outage_definition,outage=ber,1.0,0.1,0.72,poisson,single,12000,1.2,18.0,70.0,ber,perfect,True,False
oracle,synthetic-20260830-v5-slots120-dt0.100000,controlled_synthetic_motion,20260830,5,12.0,3597,2658,620,759,0,180,2.658,0.7389491242702252,0.0,0.2,415.8765989465764,400.0,1000.0,1400.0000000000002,0.21100917431192662,0.05004170141784821,0.2610508757297748,0.9080970276733857,5,0,0,0.0,0.0,0,0,0.0,0.0,0.7050798944919656,0.7899879923556448,11.550833297051271,1.6044367004000586e-05,0.1300616386371585,0.2369080570522971,95,outage_definition,outage=ber,1.0,0.1,0.72,poisson,single,12000,1.2,18.0,70.0,ber,perfect,True,False
reactive_greedy,synthetic-20260830-v5-slots120-dt0.100000,controlled_synthetic_motion,20260830,5,12.0,3597,1952,14,1400,0,245,1.952,0.5426744509313317,0.0,0.43166666666666664,197.28483606557376,200.0,400.0,700.0000000000001,0.3892132332499305,0.06811231581873783,0.45732554906866835,0.9774661992989484,52,0,0,0.0,0.0,0,0,0.0,0.0,0.5616247790897688,0.6280583853656981,12.194798143029045,6.862264594326423e-07,0.008026338636495456,0.2672051755657544,108,outage_definition,outage=per,1.0,0.1,0.72,poisson,single,12000,1.2,18.0,70.0,per,perfect,True,False
proportional_fair,synthetic-20260830-v5-slots120-dt0.100000,controlled_synthetic_motion,20260830,5,12.0,3597,851,0,2422,0,324,0.851,0.23658604392549346,0.0,0.43166666666666664,589.8942420681551,500.0,1400.0000000000002,1600.0,0.6733388935223797,0.09007506255212677,0.7634139560745066,0.4261392088132198,169,0,0,0.0,0.0,0,0,0.0,0.0,0.5208074589995937,0.41156508227152755,12.682140682600535,4.5669104301653946e-08,0.0005432444338881229,0.295177306087247,27,outage_definition,outage=per,1.0,0.1,0.72,poisson,single,12000,1.2,18.0,70.0,per,perfect,True,False
kalman_predictive,synthetic-20260830-v5-slots120-dt0.100000,controlled_synthetic_motion,20260830,5,12.0,3597,1806,11,1532,0,259,1.806,0.5020850708924104,0.0,0.43166666666666664,270.2104097452935,200.0,500.0,700.0000000000001,0.42591048095635253,0.07200444815123715,0.49791492910758967,0.9043565348022033,162,0,0,0.0,0.0,0,0,0.0,0.0,0.5376798716809564,0.5914067916335531,12.475647546730986,2.323300303055964e-07,0.002747157027158591,0.2830818843600477,73,outage_definition,outage=per,1.0,0.1,0.72,poisson,single,12000,1.2,18.0,70.0,per,perfect,True,False
link_lifetime,synthetic-20260830-v5-slots120-dt0.100000,controlled_synthetic_motion,20260830,5,12.0,3597,1911,20,1427,0,259,1.911,0.5312760633861552,0.0,0.43166666666666664,285.50497121925696,300.00000000000006,600.0000000000001,700.0000000000001,0.39671948846260774,0.07200444815123715,0.46872393661384487,0.956935403104657,79,0,0,0.0,0.0,0,0,0.0,0.0,0.5620592560556962,0.6210305199703304,12.42462295111493,3.7768611544683215e-07,0.004425407187428376,0.280352536434516,74,outage_definition,outage=per,1.0,0.1,0.72,poisson,single,12000,1.2,18.0,70.0,per,perfect,True,False
oracle,synthetic-20260830-v5-slots120-dt0.100000,controlled_synthetic_motion,20260830,5,12.0,3597,1911,20,1427,0,259,1.911,0.5312760633861552,0.0,0.43166666666666664,285.50497121925696,300.00000000000006,600.0000000000001,700.0000000000001,0.39671948846260774,0.07200444815123715,0.46872393661384487,0.956935403104657,79,0,0,0.0,0.0,0,0,0.0,0.0,0.5620592560556962,0.6210305199703304,12.42462295111493,3.7768611544683215e-07,0.004425407187428376,0.280352536434516,74,outage_definition,outage=per,1.0,0.1,0.72,poisson,single,12000,1.2,18.0,70.0,per,perfect,True,False
reactive_greedy,synthetic-20260830-v5-slots120-dt0.100000,controlled_synthetic_motion,20260830,5,12.0,3597,2482,269,945,0,170,2.482,0.6900194606616625,0.0,0.2,269.5004029008864,200.0,794.9999999999818,1200.0000000000002,0.2627189324437031,0.04726160689463442,0.3099805393383375,0.8479672019132217,5,0,0,0.0,0.0,0,0,0.0,0.0,0.6490639115212268,0.7471647061931329,11.662417766221502,6.99568079749185e-06,0.06553375592090979,0.2402296702659383,119,outage_definition,outage=goodput,1.0,0.1,0.72,poisson,single,12000,1.2,18.0,70.0,goodput,perfect,True,False
proportional_fair,synthetic-20260830-v5-slots120-dt0.100000,controlled_synthetic_motion,20260830,5,12.0,3597,851,0,2422,0,324,0.851,0.23658604392549346,0.0,0.2,589.8942420681551,500.0,1400.0000000000002,1600.0,0.6733388935223797,0.09007506255212677,0.7634139560745066,0.2907413734198838,5,0,0,0.0,0.0,0,0,0.0,0.0,0.5208074589995937,0.41156508227152755,12.682140682600535,4.5669104301653946e-08,0.0005432444338881229,0.295177306087247,27,outage_definition,outage=goodput,1.0,0.1,0.72,poisson,single,12000,1.2,18.0,70.0,goodput,perfect,True,False
kalman_predictive,synthetic-20260830-v5-slots120-dt0.100000,controlled_synthetic_motion,20260830,5,12.0,3597,2661,586,773,0,163,2.661,0.7397831526271893,0.0,0.2,397.33183013904545,400.0,900.0,1300.0,0.21490130664442592,0.045315540728384764,0.2602168473728107,0.9091219678852067,5,0,0,0.0,0.0,0,0,0.0,0.0,0.692592909573118,0.7842161197264937,11.55924537129467,1.5277956966385834e-05,0.12515712608944066,0.23727952188647303,101,outage_definition,outage=goodput,1.0,0.1,0.72,poisson,single,12000,1.2,18.0,70.0,goodput,perfect,True,False
link_lifetime,synthetic-20260830-v5-slots120-dt0.100000,controlled_synthetic_motion,20260830,5,12.0,3597,2658,620,759,0,180,2.658,0.7389491242702252,0.0,0.2,415.8765989465764,400.0,1000.0,1400.0000000000002,0.21100917431192662,0.05004170141784821,0.2610508757297748,0.9080970276733857,5,0,0,0.0,0.0,0,0,0.0,0.0,0.7050798944919656,0.7899879923556448,11.550833297051271,1.6044367004000586e-05,0.1300616386371585,0.2369080570522971,95,outage_definition,outage=goodput,1.0,0.1,0.72,poisson,single,12000,1.2,18.0,70.0,goodput,perfect,True,False
oracle,synthetic-20260830-v5-slots120-dt0.100000,controlled_synthetic_motion,20260830,5,12.0,3597,2658,620,759,0,180,2.658,0.7389491242702252,0.0,0.2,415.8765989465764,400.0,1000.0,1400.0000000000002,0.21100917431192662,0.05004170141784821,0.2610508757297748,0.9080970276733857,5,0,0,0.0,0.0,0,0,0.0,0.0,0.7050798944919656,0.7899879923556448,11.550833297051271,1.6044367004000586e-05,0.1300616386371585,0.2369080570522971,95,outage_definition,outage=goodput,1.0,0.1,0.72,poisson,single,12000,1.2,18.0,70.0,goodput,perfect,True,False
reactive_greedy,synthetic-20260830-v5-slots120-dt0.100000,controlled_synthetic_motion,20260830,5,12.0,3597,2482,269,945,0,170,2.482,0.6900194606616625,0.0,0.2,269.5004029008864,200.0,794.9999999999818,1200.0000000000002,0.2627189324437031,0.04726160689463442,0.3099805393383375,0.8479672019132217,5,0,0,0.0,0.0,0,0,0.0,0.0,0.6490639115212268,0.7471647061931329,11.662417766221502,6.99568079749185e-06,0.06553375592090979,0.2402296702659383,119,sensing_uncertainty,perfect,1.0,0.1,0.72,poisson,single,12000,1.2,18.0,70.0,ber,perfect,True,False
proportional_fair,synthetic-20260830-v5-slots120-dt0.100000,controlled_synthetic_motion,20260830,5,12.0,3597,851,0,2422,0,324,0.851,0.23658604392549346,0.0,0.2,589.8942420681551,500.0,1400.0000000000002,1600.0,0.6733388935223797,0.09007506255212677,0.7634139560745066,0.2907413734198838,5,0,0,0.0,0.0,0,0,0.0,0.0,0.5208074589995937,0.41156508227152755,12.682140682600535,4.5669104301653946e-08,0.0005432444338881229,0.295177306087247,27,sensing_uncertainty,perfect,1.0,0.1,0.72,poisson,single,12000,1.2,18.0,70.0,ber,perfect,True,False
kalman_predictive,synthetic-20260830-v5-slots120-dt0.100000,controlled_synthetic_motion,20260830,5,12.0,3597,2661,586,773,0,163,2.661,0.7397831526271893,0.0,0.2,397.33183013904545,400.0,900.0,1300.0,0.21490130664442592,0.045315540728384764,0.2602168473728107,0.9091219678852067,5,0,0,0.0,0.0,0,0,0.0,0.0,0.692592909573118,0.7842161197264937,11.55924537129467,1.5277956966385834e-05,0.12515712608944066,0.23727952188647303,101,sensing_uncertainty,perfect,1.0,0.1,0.72,poisson,single,12000,1.2,18.0,70.0,ber,perfect,True,False
link_lifetime,synthetic-20260830-v5-slots120-dt0.100000,controlled_synthetic_motion,20260830,5,12.0,3597,2658,620,759,0,180,2.658,0.7389491242702252,0.0,0.2,415.8765989465764,400.0,1000.0,1400.0000000000002,0.21100917431192662,0.05004170141784821,0.2610508757297748,0.9080970276733857,5,0,0,0.0,0.0,0,0,0.0,0.0,0.7050798944919656,0.7899879923556448,11.550833297051271,1.6044367004000586e-05,0.1300616386371585,0.2369080570522971,95,sensing_uncertainty,perfect,1.0,0.1,0.72,poisson,single,12000,1.2,18.0,70.0,ber,perfect,True,False
oracle,synthetic-20260830-v5-slots120-dt0.100000,controlled_synthetic_motion,20260830,5,12.0,3597,2658,620,759,0,180,2.658,0.7389491242702252,0.0,0.2,415.8765989465764,400.0,1000.0,1400.0000000000002,0.21100917431192662,0.05004170141784821,0.2610508757297748,0.9080970276733857,5,0,0,0.0,0.0,0,0,0.0,0.0,0.7050798944919656,0.7899879923556448,11.550833297051271,1.6044367004000586e-05,0.1300616386371585,0.2369080570522971,95,sensing_uncertainty,perfect,1.0,0.1,0.72,poisson,single,12000,1.2,18.0,70.0,ber,perfect,True,False
reactive_greedy,synthetic-20260830-v5-slots120-dt0.100000,controlled_synthetic_motion,20260830,5,12.0,3597,2482,269,945,0,170,2.482,0.6900194606616625,0.0,0.2,269.5004029008864,200.0,794.9999999999818,1200.0000000000002,0.2627189324437031,0.04726160689463442,0.3099805393383375,0.8479672019132217,5,0,0,0.0,0.0,0,0,0.0,0.0,0.6490639115212268,0.7471647061931329,11.662417766221502,6.99568079749185e-06,0.06553375592090979,0.2402296702659383,119,sensing_uncertainty,cartesian_0.75m,1.0,0.1,0.72,poisson,single,12000,1.2,18.0,70.0,ber,cartesian_iid,False,False
proportional_fair,synthetic-20260830-v5-slots120-dt0.100000,controlled_synthetic_motion,20260830,5,12.0,3597,851,0,2422,0,324,0.851,0.23658604392549346,0.0,0.2,589.8942420681551,500.0,1400.0000000000002,1600.0,0.6733388935223797,0.09007506255212677,0.7634139560745066,0.2907413734198838,5,0,0,0.0,0.0,0,0,0.0,0.0,0.5208074589995937,0.41156508227152755,12.682140682600535,4.5669104301653946e-08,0.0005432444338881229,0.295177306087247,27,sensing_uncertainty,cartesian_0.75m,1.0,0.1,0.72,poisson,single,12000,1.2,18.0,70.0,ber,cartesian_iid,False,False
kalman_predictive,synthetic-20260830-v5-slots120-dt0.100000,controlled_synthetic_motion,20260830,5,12.0,3597,2651,596,779,0,167,2.651,0.7370030581039755,0.0,0.2,399.0946812523576,300.00000000000006,900.0,1400.0000000000002,0.2165693633583542,0.04642757853767028,0.26299694189602446,0.9057055005124701,5,0,0,0.0,0.0,0,0,0.0,0.0,0.6922294843148158,0.7862083815061572,11.578759093416819,1.5357951342944745e-05,0.12472031357595253,0.23821892550559762,103,sensing_uncertainty,cartesian_0.75m,1.0,0.1,0.72,poisson,single,12000,1.2,18.0,70.0,ber,cartesian_iid,False,False
link_lifetime,synthetic-20260830-v5-slots120-dt0.100000,controlled_synthetic_motion,20260830,5,12.0,3597,2668,672,732,0,197,2.668,0.741729218793439,0.0,0.2,394.07796101949026,300.00000000000006,900.0,1300.0,0.20350291909924936,0.054767862107311646,0.258270781206561,0.9115134950461223,5,0,0,0.0,0.0,0,0,0.0,0.0,0.7072570557054215,0.7928622645077325,11.486774439063035,1.7430623000022482e-05,0.1409435822094575,0.23390975765970845,106,sensing_uncertainty,cartesian_0.75m,1.0,0.1,0.72,poisson,single,12000,1.2,18.0,70.0,ber,cartesian_iid,False,False
oracle,synthetic-20260830-v5-slots120-dt0.100000,controlled_synthetic_motion,20260830,5,12.0,3597,2658,620,759,0,180,2.658,0.7389491242702252,0.0,0.2,415.8765989465764,400.0,1000.0,1400.0000000000002,0.21100917431192662,0.05004170141784821,0.2610508757297748,0.9080970276733857,5,0,0,0.0,0.0,0,0,0.0,0.0,0.7050798944919656,0.7899879923556448,11.550833297051271,1.6044367004000586e-05,0.1300616386371585,0.2369080570522971,95,sensing_uncertainty,cartesian_0.75m,1.0,0.1,0.72,poisson,single,12000,1.2,18.0,70.0,ber,cartesian_iid,False,False
reactive_greedy,synthetic-20260830-v5-slots120-dt0.100000,controlled_synthetic_motion,20260830,5,12.0,3597,2482,269,945,0,170,2.482,0.6900194606616625,0.0,0.2,269.5004029008864,200.0,794.9999999999818,1200.0000000000002,0.2627189324437031,0.04726160689463442,0.3099805393383375,0.8479672019132217,5,0,0,0.0,0.0,0,0,0.0,0.0,0.6490639115212268,0.7471647061931329,11.662417766221502,6.99568079749185e-06,0.06553375592090979,0.2402296702659383,119,sensing_uncertainty,range_bearing_exact_R,1.0,0.1,0.72,poisson,single,12000,1.2,18.0,70.0,ber,range_bearing_assumed,False,False
proportional_fair,synthetic-20260830-v5-slots120-dt0.100000,controlled_synthetic_motion,20260830,5,12.0,3597,851,0,2422,0,324,0.851,0.23658604392549346,0.0,0.2,589.8942420681551,500.0,1400.0000000000002,1600.0,0.6733388935223797,0.09007506255212677,0.7634139560745066,0.2907413734198838,5,0,0,0.0,0.0,0,0,0.0,0.0,0.5208074589995937,0.41156508227152755,12.682140682600535,4.5669104301653946e-08,0.0005432444338881229,0.295177306087247,27,sensing_uncertainty,range_bearing_exact_R,1.0,0.1,0.72,poisson,single,12000,1.2,18.0,70.0,ber,range_bearing_assumed,False,False
kalman_predictive,synthetic-20260830-v5-slots120-dt0.100000,controlled_synthetic_motion,20260830,5,12.0,3597,2631,742,780,0,186,2.631,0.731442869057548,0.0,0.2,396.3511972633979,400.0,900.0,1300.0,0.21684737281067556,0.05170975813177648,0.26855713094245204,0.8988725657669969,5,0,0,0.0,0.0,0,0,0.0,0.0,0.7006374113659126,0.7879845363374312,11.481240009590717,1.741708598146081e-05,0.14110677961457738,0.23354927655725255,104,sensing_uncertainty,range_bearing_exact_R,1.0,0.1,0.72,poisson,single,12000,1.2,18.0,70.0,ber,range_bearing_assumed,False,False
link_lifetime,synthetic-20260830-v5-slots120-dt0.100000,controlled_synthetic_motion,20260830,5,12.0,3597,2718,626,727,0,152,2.718,0.755629691409508,0.0,0.2,387.19646799117,300.00000000000006,900.0,1282.9999999999927,0.20211287183764248,0.0422574367528496,0.24437030859049208,0.9285958319098052,5,0,0,0.0,0.0,0,0,0.0,0.0,0.7002246398653298,0.7906847995683934,11.474746120659262,1.696541606816136e-05,0.13833571587500115,0.23314179577223268,105,sensing_uncertainty,range_bearing_exact_R,1.0,0.1,0.72,poisson,single,12000,1.2,18.0,70.0,ber,range_bearing_assumed,False,False
oracle,synthetic-20260830-v5-slots120-dt0.100000,controlled_synthetic_motion,20260830,5,12.0,3597,2658,620,759,0,180,2.658,0.7389491242702252,0.0,0.2,415.8765989465764,400.0,1000.0,1400.0000000000002,0.21100917431192662,0.05004170141784821,0.2610508757297748,0.9080970276733857,5,0,0,0.0,0.0,0,0,0.0,0.0,0.7050798944919656,0.7899879923556448,11.550833297051271,1.6044367004000586e-05,0.1300616386371585,0.2369080570522971,95,sensing_uncertainty,range_bearing_exact_R,1.0,0.1,0.72,poisson,single,12000,1.2,18.0,70.0,ber,range_bearing_assumed,False,False
reactive_greedy,synthetic-20260830-v5-slots120-dt0.100000,controlled_synthetic_motion,20260830,5,12.0,3597,2482,269,945,0,170,2.482,0.6900194606616625,0.0,0.2,269.5004029008864,200.0,794.9999999999818,1200.0000000000002,0.2627189324437031,0.04726160689463442,0.3099805393383375,0.8479672019132217,5,0,0,0.0,0.0,0,0,0.0,0.0,0.6490639115212268,0.7471647061931329,11.662417766221502,6.99568079749185e-06,0.06553375592090979,0.2402296702659383,119,sensing_uncertainty,range_bearing_covariance_R,1.0,0.1,0.72,poisson,single,12000,1.2,18.0,70.0,ber,range_bearing_assumed,True,False
proportional_fair,synthetic-20260830-v5-slots120-dt0.100000,controlled_synthetic_motion,20260830,5,12.0,3597,851,0,2422,0,324,0.851,0.23658604392549346,0.0,0.2,589.8942420681551,500.0,1400.0000000000002,1600.0,0.6733388935223797,0.09007506255212677,0.7634139560745066,0.2907413734198838,5,0,0,0.0,0.0,0,0,0.0,0.0,0.5208074589995937,0.41156508227152755,12.682140682600535,4.5669104301653946e-08,0.0005432444338881229,0.295177306087247,27,sensing_uncertainty,range_bearing_covariance_R,1.0,0.1,0.72,poisson,single,12000,1.2,18.0,70.0,ber,range_bearing_assumed,True,False
kalman_predictive,synthetic-20260830-v5-slots120-dt0.100000,controlled_synthetic_motion,20260830,5,12.0,3597,2631,742,780,0,186,2.631,0.731442869057548,0.0,0.2,396.3511972633979,400.0,900.0,1300.0,0.21684737281067556,0.05170975813177648,0.26855713094245204,0.8988725657669969,5,0,0,0.0,0.0,0,0,0.0,0.0,0.7006374113659126,0.7879845363374312,11.481240009590717,1.741708598146081e-05,0.14110677961457738,0.23354927655725255,104,sensing_uncertainty,range_bearing_covariance_R,1.0,0.1,0.72,poisson,single,12000,1.2,18.0,70.0,ber,range_bearing_assumed,True,False
link_lifetime,synthetic-20260830-v5-slots120-dt0.100000,controlled_synthetic_motion,20260830,5,12.0,3597,2718,626,727,0,152,2.718,0.755629691409508,0.0,0.2,387.19646799117,300.00000000000006,900.0,1282.9999999999927,0.20211287183764248,0.0422574367528496,0.24437030859049208,0.9285958319098052,5,0,0,0.0,0.0,0,0,0.0,0.0,0.7002246398653298,0.7906847995683934,11.474746120659262,1.696541606816136e-05,0.13833571587500115,0.23314179577223268,105,sensing_uncertainty,range_bearing_covariance_R,1.0,0.1,0.72,poisson,single,12000,1.2,18.0,70.0,ber,range_bearing_assumed,True,False
oracle,synthetic-20260830-v5-slots120-dt0.100000,controlled_synthetic_motion,20260830,5,12.0,3597,2658,620,759,0,180,2.658,0.7389491242702252,0.0,0.2,415.8765989465764,400.0,1000.0,1400.0000000000002,0.21100917431192662,0.05004170141784821,0.2610508757297748,0.9080970276733857,5,0,0,0.0,0.0,0,0,0.0,0.0,0.7050798944919656,0.7899879923556448,11.550833297051271,1.6044367004000586e-05,0.1300616386371585,0.2369080570522971,95,sensing_uncertainty,range_bearing_covariance_R,1.0,0.1,0.72,poisson,single,12000,1.2,18.0,70.0,ber,range_bearing_assumed,True,False
reactive_greedy,synthetic-20260831-v5-slots120-dt0.100000,controlled_synthetic_motion,20260831,5,12.0,1478,1364,2,86,0,28,1.364,0.9228687415426252,0.0,0.023333333333333334,226.97947214076245,200.0,500.0,800.0,0.058186738836265225,0.018944519621109608,0.07713125845737483,0.9285228046289993,21,0,0,0.0,0.0,0,0,0.0,0.0,0.626077592734052,0.8864439047122138,13.704118695391696,2.0426003656362856e-07,0.002299142656889276,0.3885974270347321,114,offered_load,load=0.3,1.0,0.1,0.3,poisson,single,12000,1.2,18.0,70.0,ber,perfect,True,False
proportional_fair,synthetic-20260831-v5-slots120-dt0.100000,controlled_synthetic_motion,20260831,5,12.0,1478,1017,0,409,0,52,1.017,0.6880920162381596,0.0,0.023333333333333334,542.4778761061947,500.0,1300.0,1500.0,0.2767253044654939,0.035182679296346414,0.3119079837618403,0.6923076923076923,13,0,0,0.0,0.0,0,0,0.0,0.0,0.7003131569949116,0.7969834656859588,13.938866296300331,3.163304022720124e-08,0.00037592037402592895,0.41544695515465213,76,offered_load,load=0.3,1.0,0.1,0.3,poisson,single,12000,1.2,18.0,70.0,ber,perfect,True,False
kalman_predictive,synthetic-20260831-v5-slots120-dt0.100000,controlled_synthetic_motion,20260831,5,12.0,1478,1391,19,60,0,27,1.391,0.9411366711772666,0.0,0.023333333333333334,269.51833213515454,200.0,500.0,700.0000000000001,0.04059539918809202,0.018267929634641408,0.05886332882273342,0.9469026548672567,19,0,0,0.0,0.0,0,0,0.0,0.0,0.647807447063176,0.9309103736157099,13.675705639231499,1.3328927993516728e-06,0.012179915112970223,0.39306016505743224,114,offered_load,load=0.3,1.0,0.1,0.3,poisson,single,12000,1.2,18.0,70.0,ber,perfect,True,False
link_lifetime,synthetic-20260831-v5-slots120-dt0.100000,controlled_synthetic_motion,20260831,5,12.0,1478,1396,80,61,0,21,1.396,0.9445196211096076,0.0,0.023333333333333334,278.2951289398281,300.00000000000006,500.0,800.0,0.041271989174560215,0.014208389715832206,0.05548037889039242,0.9503063308373043,13,0,0,0.0,0.0,0,0,0.0,0.0,0.6525374013902469,0.9302838068843928,13.439058211006483,3.1842149966251613e-05,0.04551248231849942,0.37841700678085904,113,offered_load,load=0.3,1.0,0.1,0.3,poisson,single,12000,1.2,18.0,70.0,ber,perfect,True,False
oracle,synthetic-20260831-v5-slots120-dt0.100000,controlled_synthetic_motion,20260831,5,12.0,1478,1396,80,61,0,21,1.396,0.9445196211096076,0.0,0.023333333333333334,278.2951289398281,300.00000000000006,500.0,800.0,0.041271989174560215,0.014208389715832206,0.05548037889039242,0.9503063308373043,13,0,0,0.0,0.0,0,0,0.0,0.0,0.6525374013902469,0.9302838068843928,13.439058211006483,3.1842149966251613e-05,0.04551248231849942,0.37841700678085904,113,offered_load,load=0.3,1.0,0.1,0.3,poisson,single,12000,1.2,18.0,70.0,ber,perfect,True,False
reactive_greedy,synthetic-20260831-v5-slots120-dt0.100000,controlled_synthetic_motion,20260831,5,12.0,2441,2281,6,117,0,43,2.281,0.9344530929946743,0.0,0.023333333333333334,247.08461201227533,200.0,600.0000000000001,1100.0,0.04793117574764441,0.017615731257681278,0.06554690700532569,0.9421726559273028,23,0,0,0.0,0.0,0,0,0.0,0.0,0.6564037058133733,0.9072327426850251,13.6242627579799,2.2611233037200105e-07,0.0025323623067019987,0.3814478325484673,119,offered_load,load=0.5,1.0,0.1,0.5,poisson,single,12000,1.2,18.0,70.0,ber,perfect,True,False
proportional_fair,synthetic-20260831-v5-slots120-dt0.100000,controlled_synthetic_motion,20260831,5,12.0,2441,1549,0,782,0,110,1.549,0.6345759934453093,0.0,0.023333333333333334,710.2001291155584,700.0000000000001,1400.0000000000002,1600.0,0.3203605079885293,0.04506349856616141,0.3654240065546907,0.6398182569186287,23,0,0,0.0,0.0,0,0,0.0,0.0,0.7293156247767814,0.8103374830911118,14.219944678723724,2.6095851999844232e-08,0.0003095477278483387,0.43784771222938157,71,offered_load,load=0.5,1.0,0.1,0.5,poisson,single,12000,1.2,18.0,70.0,ber,perfect,True,False
kalman_predictive,synthetic-20260831-v5-slots120-dt0.100000,controlled_synthetic_motion,20260831,5,12.0,2441,2297,14,88,0,56,2.297,0.9410077836952069,0.0,0.023333333333333334,257.68393556813237,200.0,500.0,700.0000000000001,0.036050798852929125,0.02294141745186399,0.058992216304793114,0.9487814952498967,43,0,0,0.0,0.0,0,0,0.0,0.0,0.6601173425949616,0.9270539272995925,13.631321565693233,7.243525518247618e-07,0.007641128745690429,0.38680320730582207,118,offered_load,load=0.5,1.0,0.1,0.5,poisson,single,12000,1.2,18.0,70.0,ber,perfect,True,False
link_lifetime,synthetic-20260831-v5-slots120-dt0.100000,controlled_synthetic_motion,20260831,5,12.0,2441,2310,53,86,0,45,2.31,0.9463334698893896,0.0,0.023333333333333334,262.94372294372295,200.0,500.0,700.0000000000001,0.035231462515362556,0.01843506759524785,0.05366653011061041,0.9541511771995044,26,0,0,0.0,0.0,0,0,0.0,0.0,0.669558496181731,0.9284844931078179,13.510509618625385,1.5816465447146536e-05,0.02430746743329274,0.37917688258289584,117,offered_load,load=0.5,1.0,0.1,0.5,poisson,single,12000,1.2,18.0,70.0,ber,perfect,True,False
oracle,synthetic-20260831-v5-slots120-dt0.100000,controlled_synthetic_motion,20260831,5,12.0,2441,2310,53,86,0,45,2.31,0.9463334698893896,0.0,0.023333333333333334,262.94372294372295,200.0,500.0,700.0000000000001,0.035231462515362556,0.01843506759524785,0.05366653011061041,0.9541511771995044,26,0,0,0.0,0.0,0,0,0.0,0.0,0.669558496181731,0.9284844931078179,13.510509618625385,1.5816465447146536e-05,0.02430746743329274,0.37917688258289584,117,offered_load,load=0.5,1.0,0.1,0.5,poisson,single,12000,1.2,18.0,70.0,ber,perfect,True,False
reactive_greedy,synthetic-20260831-v5-slots120-dt0.100000,controlled_synthetic_motion,20260831,5,12.0,3459,3149,2,228,0,82,3.149,0.9103787221740387,0.0,0.023333333333333334,234.7729437916799,200.0,500.0,1100.0,0.06591500433651344,0.02370627348944782,0.08962127782596126,0.9191476941039113,45,0,0,0.0,0.0,0,0,0.0,0.0,0.61756384223295,0.8547701772051709,13.654404671378499,1.2150312652198859e-07,0.001395837357244362,0.3842143291765678,119,offered_load,load=0.7,1.0,0.1,0.7,poisson,single,12000,1.2,18.0,70.0,ber,perfect,True,False
proportional_fair,synthetic-20260831-v5-slots120-dt0.100000,controlled_synthetic_motion,20260831,5,12.0,3459,1159,0,2057,0,243,1.159,0.33506793871061,0.0,0.023333333333333334,862.381363244176,1000.0,1500.0,1600.0,0.5946805435096849,0.07025151777970512,0.66493206128939,0.3382953882078225,27,0,0,0.0,0.0,0,0,0.0,0.0,0.7823487100935652,0.6438295874836925,14.53560424206048,1.56128371045331e-08,0.00018629769287314634,0.47044223104236,43,offered_load,load=0.7,1.0,0.1,0.7,poisson,single,12000,1.2,18.0,70.0,ber,perfect,True,False
kalman_predictive,synthetic-20260831-v5-slots120-dt0.100000,controlled_synthetic_motion,20260831,5,12.0,3459,3242,23,141,0,76,3.242,0.9372651055218271,0.0,0.023333333333333334,285.3177051202961,300.00000000000006,500.0,700.0000000000001,0.040763226366001735,0.021971668112171147,0.06273489447817288,0.9462930531231757,43,0,0,0.0,0.0,0,0,0.0,0.0,0.6467342901533681,0.922494199586516,13.692493957612214,1.1130019112639548e-06,0.010511942814222306,0.39313514905013386,118,offered_load,load=0.7,1.0,0.1,0.7,poisson,single,12000,1.2,18.0,70.0,ber,perfect,True,False
link_lifetime,synthetic-20260831-v5-slots120-dt0.100000,controlled_synthetic_motion,20260831,5,12.0,3459,3244,60,139,0,76,3.244,0.9378433073142527,0.0,0.023333333333333334,288.90258939580764,300.00000000000006,600.0000000000001,700.0000000000001,0.04018502457357618,0.021971668112171147,0.062156692685747326,0.9468768242848803,42,0,0,0.0,0.0,0,0,0.0,0.0,0.6473978368674996,0.9227445541182502,13.648421195666753,7.49292261026809e-06,0.018844408001954773,0.3910563959280656,118,offered_load,load=0.7,1.0,0.1,0.7,poisson,single,12000,1.2,18.0,70.0,ber,perfect,True,False
oracle,synthetic-20260831-v5-slots120-dt0.100000,controlled_synthetic_motion,20260831,5,12.0,3459,3244,60,139,0,76,3.244,0.9378433073142527,0.0,0.023333333333333334,288.90258939580764,300.00000000000006,600.0000000000001,700.0000000000001,0.04018502457357618,0.021971668112171147,0.062156692685747326,0.9468768242848803,42,0,0,0.0,0.0,0,0,0.0,0.0,0.6473978368674996,0.9227445541182502,13.648421195666753,7.49292261026809e-06,0.018844408001954773,0.3910563959280656,118,offered_load,load=0.7,1.0,0.1,0.7,poisson,single,12000,1.2,18.0,70.0,ber,perfect,True,False
reactive_greedy,synthetic-20260831-v5-slots120-dt0.100000,controlled_synthetic_motion,20260831,5,12.0,4394,4015,4,295,0,84,4.015,0.9137460172963131,0.0,0.023333333333333334,242.86425902864258,200.0,500.0,1000.0,0.0671370050068275,0.019116977696859355,0.08625398270368685,0.9223524006432345,33,0,0,0.0,0.0,0,0,0.0,0.0,0.6328748784176779,0.8388760538331796,13.695772356859687,4.6606068905393725e-08,0.0005510873519039849,0.38683279794038145,117,offered_load,load=0.9,1.0,0.1,0.9,poisson,single,12000,1.2,18.0,70.0,ber,perfect,True,False
proportional_fair,synthetic-20260831-v5-slots120-dt0.100000,controlled_synthetic_motion,20260831,5,12.0,4394,1398,0,2675,0,321,1.398,0.31816112881201636,0.0,0.023333333333333334,868.0257510729614,1000.0,1514.9999999999864,1700.0000000000002,0.6087847064178425,0.07305416477014111,0.6818388711879836,0.321157822191592,31,0,0,0.0,0.0,0,0,0.0,0.0,0.8037390403184682,0.6084016710528899,14.48385959442685,1.5163161694298573e-08,0.00018108526834594664,0.46450409670506027,51,offered_load,load=0.9,1.0,0.1,0.9,poisson,single,12000,1.2,18.0,70.0,ber,perfect,True,False
kalman_predictive,synthetic-20260831-v5-slots120-dt0.100000,controlled_synthetic_motion,20260831,5,12.0,4394,4115,25,181,0,98,4.115,0.9365043240782885,0.0,0.023333333333333334,381.89550425273393,400.0,700.0000000000001,900.0,0.04119253527537551,0.02230314064633591,0.06349567592171143,0.945325063174822,54,0,0,0.0,0.0,0,0,0.0,0.0,0.6612336472976685,0.9151984069168817,13.663937701169964,9.124495968911604e-07,0.009004238553669679,0.3898726753736591,114,offered_load,load=0.9,1.0,0.1,0.9,poisson,single,12000,1.2,18.0,70.0,ber,perfect,True,False
link_lifetime,synthetic-20260831-v5-slots120-dt0.100000,controlled_synthetic_motion,20260831,5,12.0,4394,4119,53,180,0,95,4.119,0.9374146563495676,0.0,0.023333333333333334,386.13741199320225,400.0,700.0000000000001,900.0,0.040964952207555756,0.02162039144287665,0.0625853436504324,0.9462439696760855,52,0,0,0.0,0.0,0,0,0.0,0.0,0.6649194440454591,0.9150216809680388,13.595860187385174,8.053596912392978e-06,0.017337282044264563,0.3850661625197154,115,offered_load,load=0.9,1.0,0.1,0.9,poisson,single,12000,1.2,18.0,70.0,ber,perfect,True,False
oracle,synthetic-20260831-v5-slots120-dt0.100000,controlled_synthetic_motion,20260831,5,12.0,4394,4119,53,180,0,95,4.119,0.9374146563495676,0.0,0.023333333333333334,386.13741199320225,400.0,700.0000000000001,900.0,0.040964952207555756,0.02162039144287665,0.0625853436504324,0.9462439696760855,52,0,0,0.0,0.0,0,0,0.0,0.0,0.6649194440454591,0.9150216809680388,13.595860187385174,8.053596912392978e-06,0.017337282044264563,0.3850661625197154,115,offered_load,load=0.9,1.0,0.1,0.9,poisson,single,12000,1.2,18.0,70.0,ber,perfect,True,False
reactive_greedy,synthetic-20260831-v5-slots120-dt0.100000,controlled_synthetic_motion,20260831,5,12.0,5279,4733,3,446,0,100,4.733,0.8965713203258193,0.0,0.023333333333333334,283.56222269173884,300.00000000000006,500.0,1000.0,0.08448569804887289,0.018942981625307824,0.10342867967418072,0.9030719328372449,48,0,0,0.0,0.0,0,0,0.0,0.0,0.6000901154906091,0.7982496735550809,13.699017773352752,4.227561868725893e-08,0.0005017069149349843,0.38763114168282975,113,offered_load,load=1.1,1.0,0.1,1.1,poisson,single,12000,1.2,18.0,70.0,ber,perfect,True,False
proportional_fair,synthetic-20260831-v5-slots120-dt0.100000,controlled_synthetic_motion,20260831,5,12.0,5279,1423,0,3465,0,391,1.423,0.26955862852813034,0.0,0.023333333333333334,935.9803232607168,1100.0,1600.0,1700.0000000000002,0.6563743133169161,0.07406705815495358,0.7304413714718697,0.2715130700248044,50,0,0,0.0,0.0,0,0,0.0,0.0,0.8126321576842582,0.5602450844889715,14.478379931656256,1.5704479241434493e-08,0.0001873949794861883,0.4638494918703811,51,offered_load,load=1.1,1.0,0.1,1.1,poisson,single,12000,1.2,18.0,70.0,ber,perfect,True,False
kalman_predictive,synthetic-20260831-v5-slots120-dt0.100000,controlled_synthetic_motion,20260831,5,12.0,5279,4572,18,446,0,261,4.572,0.8660731199090737,0.0,0.023333333333333334,757.7646544181978,800.0,1100.0,1300.0,0.08448569804887289,0.049441182042053416,0.13392688009092632,0.8723526044647968,80,0,0,0.0,0.0,0,0,0.0,0.0,0.6366091988503797,0.9079073692137027,13.691833807224969,4.1375631785736786e-07,0.004403147917626359,0.38965593186350594,99,offered_load,load=1.1,1.0,0.1,1.1,poisson,single,12000,1.2,18.0,70.0,ber,perfect,True,False
link_lifetime,synthetic-20260831-v5-slots120-dt0.100000,controlled_synthetic_motion,20260831,5,12.0,5279,4520,9,497,0,262,4.52,0.8562227694639136,0.0,0.023333333333333334,757.0796460176991,800.0,1100.0,1300.0,0.09414661867777989,0.0496306118583065,0.14377723053608638,0.8624308338103416,79,0,0,0.0,0.0,0,0,0.0,0.0,0.6295355794649083,0.8969041019524355,13.72133004172324,2.782458966214975e-07,0.0031543289898400217,0.3924090452648181,97,offered_load,load=1.1,1.0,0.1,1.1,poisson,single,12000,1.2,18.0,70.0,ber,perfect,True,False
oracle,synthetic-20260831-v5-slots120-dt0.100000,controlled_synthetic_motion,20260831,5,12.0,5279,4520,9,497,0,262,4.52,0.8562227694639136,0.0,0.023333333333333334,757.0796460176991,800.0,1100.0,1300.0,0.09414661867777989,0.0496306118583065,0.14377723053608638,0.8624308338103416,79,0,0,0.0,0.0,0,0,0.0,0.0,0.6295355794649083,0.8969041019524355,13.72133004172324,2.782458966214975e-07,0.0031543289898400217,0.3924090452648181,97,offered_load,load=1.1,1.0,0.1,1.1,poisson,single,12000,1.2,18.0,70.0,ber,perfect,True,False
reactive_greedy,synthetic-20260831-v5-slots120-dt0.100000,controlled_synthetic_motion,20260831,5,12.0,3507,3222,3,222,0,63,3.222,0.9187339606501284,0.0,0.023333333333333334,235.53693358162633,200.0,500.0,1000.0,0.06330196749358426,0.017964071856287425,0.08126603934987169,0.926394479585969,29,0,0,0.0,0.0,0,0,0.0,0.0,0.6193447927778295,0.8608185619619731,13.670925235073929,1.3537333365590043e-07,0.001539344123244166,0.38506983338616246,118,prediction_horizon,horizon_s=0.1,0.1,0.1,0.72,poisson,single,12000,1.2,18.0,70.0,ber,perfect,True,False
proportional_fair,synthetic-20260831-v5-slots120-dt0.100000,controlled_synthetic_motion,20260831,5,12.0,3507,1198,0,2066,0,243,1.198,0.34160250926717994,0.0,0.023333333333333334,887.8964941569283,1000.0,1500.0,1700.0000000000002,0.58910749928714,0.06928999144568007,0.6583974907328201,0.34445083381253594,23,0,0,0.0,0.0,0,0,0.0,0.0,0.7777197355586865,0.6486537226244325,14.500307015419661,1.5548651644443115e-08,0.00018552740229589836,0.4657680926853089,45,prediction_horizon,horizon_s=0.1,0.1,0.1,0.72,poisson,single,12000,1.2,18.0,70.0,ber,perfect,True,False
kalman_predictive,synthetic-20260831-v5-slots120-dt0.100000,controlled_synthetic_motion,20260831,5,12.0,3507,3308,44,129,0,70,3.308,0.9432563444539492,0.0,0.023333333333333334,326.360338573156,300.00000000000006,600.0000000000001,800.0,0.036783575705731396,0.01996007984031936,0.05674365554605076,0.9511213341000575,28,0,0,0.0,0.0,0,0,0.0,0.0,0.6546349062394188,0.9309066821690059,13.650662120655893,1.6946611066221213e-06,0.015179383071210719,0.3904847976277714,117,prediction_horizon,horizon_s=0.1,0.1,0.1,0.72,poisson,single,12000,1.2,18.0,70.0,ber,perfect,True,False
link_lifetime,synthetic-20260831-v5-slots120-dt0.100000,controlled_synthetic_motion,20260831,5,12.0,3507,3308,44,129,0,70,3.308,0.9432563444539492,0.0,0.023333333333333334,326.360338573156,300.00000000000006,600.0000000000001,800.0,0.036783575705731396,0.01996007984031936,0.05674365554605076,0.9511213341000575,28,0,0,0.0,0.0,0,0,0.0,0.0,0.6546349062394188,0.9309066821690059,13.650662120655893,1.6946611066221213e-06,0.015179383071210719,0.3904847976277714,117,prediction_horizon,horizon_s=0.1,0.1,0.1,0.72,poisson,single,12000,1.2,18.0,70.0,ber,perfect,True,False
oracle,synthetic-20260831-v5-slots120-dt0.100000,controlled_synthetic_motion,20260831,5,12.0,3507,3308,44,129,0,70,3.308,0.9432563444539492,0.0,0.023333333333333334,326.360338573156,300.00000000000006,600.0000000000001,800.0,0.036783575705731396,0.01996007984031936,0.05674365554605076,0.9511213341000575,28,0,0,0.0,0.0,0,0,0.0,0.0,0.6546349062394188,0.9309066821690059,13.650662120655893,1.6946611066221213e-06,0.015179383071210719,0.3904847976277714,117,prediction_horizon,horizon_s=0.1,0.1,0.1,0.72,poisson,single,12000,1.2,18.0,70.0,ber,perfect,True,False
reactive_greedy,synthetic-20260831-v5-slots120-dt0.100000,controlled_synthetic_motion,20260831,5,12.0,3507,3222,3,222,0,63,3.222,0.9187339606501284,0.0,0.023333333333333334,235.53693358162633,200.0,500.0,1000.0,0.06330196749358426,0.017964071856287425,0.08126603934987169,0.926394479585969,29,0,0,0.0,0.0,0,0,0.0,0.0,0.6193447927778295,0.8608185619619731,13.670925235073929,1.3537333365590043e-07,0.001539344123244166,0.38506983338616246,118,prediction_horizon,horizon_s=0.3,0.30000000000000004,0.1,0.72,poisson,single,12000,1.2,18.0,70.0,ber,perfect,True,False
proportional_fair,synthetic-20260831-v5-slots120-dt0.100000,controlled_synthetic_motion,20260831,5,12.0,3507,1198,0,2066,0,243,1.198,0.34160250926717994,0.0,0.023333333333333334,887.8964941569283,1000.0,1500.0,1700.0000000000002,0.58910749928714,0.06928999144568007,0.6583974907328201,0.34445083381253594,23,0,0,0.0,0.0,0,0,0.0,0.0,0.7777197355586865,0.6486537226244325,14.500307015419661,1.5548651644443115e-08,0.00018552740229589836,0.4657680926853089,45,prediction_horizon,horizon_s=0.3,0.30000000000000004,0.1,0.72,poisson,single,12000,1.2,18.0,70.0,ber,perfect,True,False
kalman_predictive,synthetic-20260831-v5-slots120-dt0.100000,controlled_synthetic_motion,20260831,5,12.0,3507,3308,44,129,0,70,3.308,0.9432563444539492,0.0,0.023333333333333334,326.360338573156,300.00000000000006,600.0000000000001,800.0,0.036783575705731396,0.01996007984031936,0.05674365554605076,0.9511213341000575,28,0,0,0.0,0.0,0,0,0.0,0.0,0.6546349062394188,0.9309066821690059,13.650662120655893,1.6946611066221213e-06,0.015179383071210719,0.3904847976277714,117,prediction_horizon,horizon_s=0.3,0.30000000000000004,0.1,0.72,poisson,single,12000,1.2,18.0,70.0,ber,perfect,True,False
link_lifetime,synthetic-20260831-v5-slots120-dt0.100000,controlled_synthetic_motion,20260831,5,12.0,3507,3308,44,129,0,70,3.308,0.9432563444539492,0.0,0.023333333333333334,326.360338573156,300.00000000000006,600.0000000000001,800.0,0.036783575705731396,0.01996007984031936,0.05674365554605076,0.9511213341000575,28,0,0,0.0,0.0,0,0,0.0,0.0,0.6546349062394188,0.9309066821690059,13.650662120655893,1.6946611066221213e-06,0.015179383071210719,0.3904847976277714,117,prediction_horizon,horizon_s=0.3,0.30000000000000004,0.1,0.72,poisson,single,12000,1.2,18.0,70.0,ber,perfect,True,False
oracle,synthetic-20260831-v5-slots120-dt0.100000,controlled_synthetic_motion,20260831,5,12.0,3507,3308,44,129,0,70,3.308,0.9432563444539492,0.0,0.023333333333333334,326.360338573156,300.00000000000006,600.0000000000001,800.0,0.036783575705731396,0.01996007984031936,0.05674365554605076,0.9511213341000575,28,0,0,0.0,0.0,0,0,0.0,0.0,0.6546349062394188,0.9309066821690059,13.650662120655893,1.6946611066221213e-06,0.015179383071210719,0.3904847976277714,117,prediction_horizon,horizon_s=0.3,0.30000000000000004,0.1,0.72,poisson,single,12000,1.2,18.0,70.0,ber,perfect,True,False
reactive_greedy,synthetic-20260831-v5-slots120-dt0.100000,controlled_synthetic_motion,20260831,5,12.0,3507,3222,3,222,0,63,3.222,0.9187339606501284,0.0,0.023333333333333334,235.53693358162633,200.0,500.0,1000.0,0.06330196749358426,0.017964071856287425,0.08126603934987169,0.926394479585969,29,0,0,0.0,0.0,0,0,0.0,0.0,0.6193447927778295,0.8608185619619731,13.670925235073929,1.3537333365590043e-07,0.001539344123244166,0.38506983338616246,118,prediction_horizon,horizon_s=0.5,0.5,0.1,0.72,poisson,single,12000,1.2,18.0,70.0,ber,perfect,True,False
proportional_fair,synthetic-20260831-v5-slots120-dt0.100000,controlled_synthetic_motion,20260831,5,12.0,3507,1198,0,2066,0,243,1.198,0.34160250926717994,0.0,0.023333333333333334,887.8964941569283,1000.0,1500.0,1700.0000000000002,0.58910749928714,0.06928999144568007,0.6583974907328201,0.34445083381253594,23,0,0,0.0,0.0,0,0,0.0,0.0,0.7777197355586865,0.6486537226244325,14.500307015419661,1.5548651644443115e-08,0.00018552740229589836,0.4657680926853089,45,prediction_horizon,horizon_s=0.5,0.5,0.1,0.72,poisson,single,12000,1.2,18.0,70.0,ber,perfect,True,False
kalman_predictive,synthetic-20260831-v5-slots120-dt0.100000,controlled_synthetic_motion,20260831,5,12.0,3507,3306,44,130,0,71,3.306,0.9426860564585116,0.0,0.023333333333333334,323.5329703569268,300.00000000000006,600.0000000000001,800.0,0.03706871970345024,0.020245223838038208,0.05731394354148845,0.9505462909718229,33,0,0,0.0,0.0,0,0,0.0,0.0,0.6496698342840941,0.9309575170199623,13.655350333832269,1.694661261092998e-06,0.015179384924860156,0.39123017967095913,117,prediction_horizon,horizon_s=0.5,0.5,0.1,0.72,poisson,single,12000,1.2,18.0,70.0,ber,perfect,True,False
link_lifetime,synthetic-20260831-v5-slots120-dt0.100000,controlled_synthetic_motion,20260831,5,12.0,3507,3306,44,130,0,71,3.306,0.9426860564585116,0.0,0.023333333333333334,323.5329703569268,300.00000000000006,600.0000000000001,800.0,0.03706871970345024,0.020245223838038208,0.05731394354148845,0.9505462909718229,33,0,0,0.0,0.0,0,0,0.0,0.0,0.6496698342840941,0.9309575170199623,13.655350333832269,1.694661261092998e-06,0.015179384924860156,0.39123017967095913,117,prediction_horizon,horizon_s=0.5,0.5,0.1,0.72,poisson,single,12000,1.2,18.0,70.0,ber,perfect,True,False
oracle,synthetic-20260831-v5-slots120-dt0.100000,controlled_synthetic_motion,20260831,5,12.0,3507,3306,44,130,0,71,3.306,0.9426860564585116,0.0,0.023333333333333334,323.5329703569268,300.00000000000006,600.0000000000001,800.0,0.03706871970345024,0.020245223838038208,0.05731394354148845,0.9505462909718229,33,0,0,0.0,0.0,0,0,0.0,0.0,0.6496698342840941,0.9309575170199623,13.655350333832269,1.694661261092998e-06,0.015179384924860156,0.39123017967095913,117,prediction_horizon,horizon_s=0.5,0.5,0.1,0.72,poisson,single,12000,1.2,18.0,70.0,ber,perfect,True,False
reactive_greedy,synthetic-20260831-v5-slots120-dt0.100000,controlled_synthetic_motion,20260831,5,12.0,3507,3222,3,222,0,63,3.222,0.9187339606501284,0.0,0.023333333333333334,235.53693358162633,200.0,500.0,1000.0,0.06330196749358426,0.017964071856287425,0.08126603934987169,0.926394479585969,29,0,0,0.0,0.0,0,0,0.0,0.0,0.6193447927778295,0.8608185619619731,13.670925235073929,1.3537333365590043e-07,0.001539344123244166,0.38506983338616246,118,prediction_horizon,horizon_s=1,1.0,0.1,0.72,poisson,single,12000,1.2,18.0,70.0,ber,perfect,True,False
proportional_fair,synthetic-20260831-v5-slots120-dt0.100000,controlled_synthetic_motion,20260831,5,12.0,3507,1198,0,2066,0,243,1.198,0.34160250926717994,0.0,0.023333333333333334,887.8964941569283,1000.0,1500.0,1700.0000000000002,0.58910749928714,0.06928999144568007,0.6583974907328201,0.34445083381253594,23,0,0,0.0,0.0,0,0,0.0,0.0,0.7777197355586865,0.6486537226244325,14.500307015419661,1.5548651644443115e-08,0.00018552740229589836,0.4657680926853089,45,prediction_horizon,horizon_s=1,1.0,0.1,0.72,poisson,single,12000,1.2,18.0,70.0,ber,perfect,True,False
kalman_predictive,synthetic-20260831-v5-slots120-dt0.100000,controlled_synthetic_motion,20260831,5,12.0,3507,3297,21,134,0,76,3.297,0.9401197604790419,0.0,0.023333333333333334,295.84470730967547,300.00000000000006,600.0000000000001,700.0000000000001,0.038209295694325636,0.021670943826632448,0.059880239520958084,0.9479585968947671,35,0,0,0.0,0.0,0,0,0.0,0.0,0.6526649020436064,0.928558183127918,13.690995227822091,9.403141800615936e-07,0.009556142411702839,0.3924912192622564,118,prediction_horizon,horizon_s=1,1.0,0.1,0.72,poisson,single,12000,1.2,18.0,70.0,ber,perfect,True,False
link_lifetime,synthetic-20260831-v5-slots120-dt0.100000,controlled_synthetic_motion,20260831,5,12.0,3507,3311,69,131,0,65,3.311,0.9441117764471058,0.0,0.023333333333333334,299.36575052854124,300.00000000000006,600.0000000000001,700.0000000000001,0.03735386370116909,0.01853435985172512,0.05588822355289421,0.9519838987924094,26,0,0,0.0,0.0,0,0,0.0,0.0,0.6512367605567286,0.9289564475963117,13.594591684060429,1.6336094157504656e-05,0.026222452236837692,0.3876839829845543,118,prediction_horizon,horizon_s=1,1.0,0.1,0.72,poisson,single,12000,1.2,18.0,70.0,ber,perfect,True,False
oracle,synthetic-20260831-v5-slots120-dt0.100000,controlled_synthetic_motion,20260831,5,12.0,3507,3311,69,131,0,65,3.311,0.9441117764471058,0.0,0.023333333333333334,299.36575052854124,300.00000000000006,600.0000000000001,700.0000000000001,0.03735386370116909,0.01853435985172512,0.05588822355289421,0.9519838987924094,26,0,0,0.0,0.0,0,0,0.0,0.0,0.6512367605567286,0.9289564475963117,13.594591684060429,1.6336094157504656e-05,0.026222452236837692,0.3876839829845543,118,prediction_horizon,horizon_s=1,1.0,0.1,0.72,poisson,single,12000,1.2,18.0,70.0,ber,perfect,True,False
reactive_greedy,synthetic-20260831-v5-slots120-dt0.100000,controlled_synthetic_motion,20260831,5,12.0,3507,3222,3,222,0,63,3.222,0.9187339606501284,0.0,0.023333333333333334,235.53693358162633,200.0,500.0,1000.0,0.06330196749358426,0.017964071856287425,0.08126603934987169,0.926394479585969,29,0,0,0.0,0.0,0,0,0.0,0.0,0.6193447927778295,0.8608185619619731,13.670925235073929,1.3537333365590043e-07,0.001539344123244166,0.38506983338616246,118,prediction_horizon,horizon_s=2,2.0,0.1,0.72,poisson,single,12000,1.2,18.0,70.0,ber,perfect,True,False
proportional_fair,synthetic-20260831-v5-slots120-dt0.100000,controlled_synthetic_motion,20260831,5,12.0,3507,1198,0,2066,0,243,1.198,0.34160250926717994,0.0,0.023333333333333334,887.8964941569283,1000.0,1500.0,1700.0000000000002,0.58910749928714,0.06928999144568007,0.6583974907328201,0.34445083381253594,23,0,0,0.0,0.0,0,0,0.0,0.0,0.7777197355586865,0.6486537226244325,14.500307015419661,1.5548651644443115e-08,0.00018552740229589836,0.4657680926853089,45,prediction_horizon,horizon_s=2,2.0,0.1,0.72,poisson,single,12000,1.2,18.0,70.0,ber,perfect,True,False
kalman_predictive,synthetic-20260831-v5-slots120-dt0.100000,controlled_synthetic_motion,20260831,5,12.0,3507,3298,21,134,0,75,3.298,0.9404049044767607,0.0,0.023333333333333334,291.7525773195876,300.00000000000006,600.0000000000001,700.0000000000001,0.038209295694325636,0.0213857998289136,0.05959509552323924,0.9482461184588844,35,0,0,0.0,0.0,0,0,0.0,0.0,0.6512986087575104,0.9286957293250984,13.667327689593805,9.403151292300444e-07,0.009556153801705698,0.3896857593184691,118,prediction_horizon,horizon_s=2,2.0,0.1,0.72,poisson,single,12000,1.2,18.0,70.0,ber,perfect,True,False
link_lifetime,synthetic-20260831-v5-slots120-dt0.100000,controlled_synthetic_motion,20260831,5,12.0,3507,3300,83,132,0,75,3.3,0.9409751924721984,0.0,0.023333333333333334,297.4848484848485,300.00000000000006,600.0000000000001,700.0000000000001,0.037639007698887936,0.0213857998289136,0.05902480752780154,0.948821161587119,33,0,0,0.0,0.0,0,0,0.0,0.0,0.6536524405725491,0.9287258837422714,13.58157314272506,1.186039391980238e-05,0.02621606217951176,0.38577523271358954,118,prediction_horizon,horizon_s=2,2.0,0.1,0.72,poisson,single,12000,1.2,18.0,70.0,ber,perfect,True,False
oracle,synthetic-20260831-v5-slots120-dt0.100000,controlled_synthetic_motion,20260831,5,12.0,3507,3300,83,132,0,75,3.3,0.9409751924721984,0.0,0.023333333333333334,297.4848484848485,300.00000000000006,600.0000000000001,700.0000000000001,0.037639007698887936,0.0213857998289136,0.05902480752780154,0.948821161587119,33,0,0,0.0,0.0,0,0,0.0,0.0,0.6536524405725491,0.9287258837422714,13.58157314272506,1.186039391980238e-05,0.02621606217951176,0.38577523271358954,118,prediction_horizon,horizon_s=2,2.0,0.1,0.72,poisson,single,12000,1.2,18.0,70.0,ber,perfect,True,False
reactive_greedy,synthetic-20260831-v5-slots240-dt0.050000,controlled_synthetic_motion,20260831,5,6.0,1700,1647,13,8,0,45,3.294,0.9688235294117648,0.0,0.0,135.0333940497875,100.0,350.00000000000006,800.0,0.004705882352941176,0.026470588235294117,0.031176470588235295,0.9688235294117648,0,0,0,0.0,0.0,0,0,0.0,0.0,0.6962289647844215,0.9884228440616152,12.934618043894458,6.842408026624014e-07,0.007432599368328337,0.32130812687890475,118,slot_duration,slot_s=0.05,1.0,0.05,0.72,poisson,single,12000,1.2,18.0,70.0,ber,perfect,True,False
proportional_fair,synthetic-20260831-v5-slots240-dt0.050000,controlled_synthetic_motion,20260831,5,6.0,1700,994,1,442,0,264,1.988,0.5847058823529412,0.0,0.0,771.9818913480885,800.0,1350.0,1500.0,0.26,0.15529411764705883,0.4152941176470588,0.5847058823529412,0,0,0,0.0,0.0,0,0,0.0,0.0,0.7414180980467197,0.7988481856727727,13.266758533528522,4.1706767332712695e-08,0.0004982306411555687,0.34210245160693364,72,slot_duration,slot_s=0.05,1.0,0.05,0.72,poisson,single,12000,1.2,18.0,70.0,ber,perfect,True,False
kalman_predictive,synthetic-20260831-v5-slots240-dt0.050000,controlled_synthetic_motion,20260831,5,6.0,1700,1652,41,3,0,45,3.304,0.971764705882353,0.0,0.0,159.95762711864407,150.00000000000003,300.00000000000006,450.0,0.0017647058823529412,0.026470588235294117,0.02823529411764706,0.971764705882353,0,0,0,0.0,0.0,0,0,0.0,0.0,0.7017549633964777,0.9974780113292542,12.747132548362929,2.433244747906082e-06,0.023086843690728377,0.31045631390562556,117,slot_duration,slot_s=0.05,1.0,0.05,0.72,poisson,single,12000,1.2,18.0,70.0,ber,perfect,True,False
link_lifetime,synthetic-20260831-v5-slots240-dt0.050000,controlled_synthetic_motion,20260831,5,6.0,1700,1652,41,3,0,45,3.304,0.971764705882353,0.0,0.0,159.95762711864407,150.00000000000003,300.00000000000006,450.0,0.0017647058823529412,0.026470588235294117,0.02823529411764706,0.971764705882353,0,0,0,0.0,0.0,0,0,0.0,0.0,0.7017549633964777,0.9974780113292542,12.747132548362929,2.433244747906082e-06,0.023086843690728377,0.31045631390562556,117,slot_duration,slot_s=0.05,1.0,0.05,0.72,poisson,single,12000,1.2,18.0,70.0,ber,perfect,True,False
oracle,synthetic-20260831-v5-slots240-dt0.050000,controlled_synthetic_motion,20260831,5,6.0,1700,1652,41,3,0,45,3.304,0.971764705882353,0.0,0.0,159.95762711864407,150.00000000000003,300.00000000000006,450.0,0.0017647058823529412,0.026470588235294117,0.02823529411764706,0.971764705882353,0,0,0,0.0,0.0,0,0,0.0,0.0,0.7017549633964777,0.9974780113292542,12.747132548362929,2.433244747906082e-06,0.023086843690728377,0.31045631390562556,117,slot_duration,slot_s=0.05,1.0,0.05,0.72,poisson,single,12000,1.2,18.0,70.0,ber,perfect,True,False
reactive_greedy,synthetic-20260831-v5-slots120-dt0.100000,controlled_synthetic_motion,20260831,5,12.0,3507,3222,3,222,0,63,3.222,0.9187339606501284,0.0,0.023333333333333334,235.53693358162633,200.0,500.0,1000.0,0.06330196749358426,0.017964071856287425,0.08126603934987169,0.926394479585969,29,0,0,0.0,0.0,0,0,0.0,0.0,0.6193447927778295,0.8608185619619731,13.670925235073929,1.3537333365590043e-07,0.001539344123244166,0.38506983338616246,118,slot_duration,slot_s=0.1,1.0,0.1,0.72,poisson,single,12000,1.2,18.0,70.0,ber,perfect,True,False
proportional_fair,synthetic-20260831-v5-slots120-dt0.100000,controlled_synthetic_motion,20260831,5,12.0,3507,1198,0,2066,0,243,1.198,0.34160250926717994,0.0,0.023333333333333334,887.8964941569283,1000.0,1500.0,1700.0000000000002,0.58910749928714,0.06928999144568007,0.6583974907328201,0.34445083381253594,23,0,0,0.0,0.0,0,0,0.0,0.0,0.7777197355586865,0.6486537226244325,14.500307015419661,1.5548651644443115e-08,0.00018552740229589836,0.4657680926853089,45,slot_duration,slot_s=0.1,1.0,0.1,0.72,poisson,single,12000,1.2,18.0,70.0,ber,perfect,True,False
kalman_predictive,synthetic-20260831-v5-slots120-dt0.100000,controlled_synthetic_motion,20260831,5,12.0,3507,3297,21,134,0,76,3.297,0.9401197604790419,0.0,0.023333333333333334,295.84470730967547,300.00000000000006,600.0000000000001,700.0000000000001,0.038209295694325636,0.021670943826632448,0.059880239520958084,0.9479585968947671,35,0,0,0.0,0.0,0,0,0.0,0.0,0.6526649020436064,0.928558183127918,13.690995227822091,9.403141800615936e-07,0.009556142411702839,0.3924912192622564,118,slot_duration,slot_s=0.1,1.0,0.1,0.72,poisson,single,12000,1.2,18.0,70.0,ber,perfect,True,False
link_lifetime,synthetic-20260831-v5-slots120-dt0.100000,controlled_synthetic_motion,20260831,5,12.0,3507,3311,69,131,0,65,3.311,0.9441117764471058,0.0,0.023333333333333334,299.36575052854124,300.00000000000006,600.0000000000001,700.0000000000001,0.03735386370116909,0.01853435985172512,0.05588822355289421,0.9519838987924094,26,0,0,0.0,0.0,0,0,0.0,0.0,0.6512367605567286,0.9289564475963117,13.594591684060429,1.6336094157504656e-05,0.026222452236837692,0.3876839829845543,118,slot_duration,slot_s=0.1,1.0,0.1,0.72,poisson,single,12000,1.2,18.0,70.0,ber,perfect,True,False
oracle,synthetic-20260831-v5-slots120-dt0.100000,controlled_synthetic_motion,20260831,5,12.0,3507,3311,69,131,0,65,3.311,0.9441117764471058,0.0,0.023333333333333334,299.36575052854124,300.00000000000006,600.0000000000001,700.0000000000001,0.03735386370116909,0.01853435985172512,0.05588822355289421,0.9519838987924094,26,0,0,0.0,0.0,0,0,0.0,0.0,0.6512367605567286,0.9289564475963117,13.594591684060429,1.6336094157504656e-05,0.026222452236837692,0.3876839829845543,118,slot_duration,slot_s=0.1,1.0,0.1,0.72,poisson,single,12000,1.2,18.0,70.0,ber,perfect,True,False
reactive_greedy,synthetic-20260831-v5-slots60-dt0.200000,controlled_synthetic_motion,20260831,5,12.0,3573,3041,0,433,0,99,3.041,0.8511055135740274,0.0,0.056666666666666664,397.7638934561,400.0,800.0,800.0,0.12118667786174084,0.027707808564231738,0.14889448642597258,0.8661350042722871,60,0,0,0.0,0.0,0,0,0.0,0.0,0.5604704404978105,0.5998780142532923,13.77967350632193,9.043149064431028e-09,0.00010844275663569055,0.39556218557438805,58,slot_duration,slot_s=0.2,1.0,0.2,0.72,poisson,single,12000,1.2,18.0,70.0,ber,perfect,True,False
proportional_fair,synthetic-20260831-v5-slots60-dt0.200000,controlled_synthetic_motion,20260831,5,12.0,3573,1279,0,2124,0,170,1.279,0.35796249650153933,0.0,0.056666666666666664,755.4339327599687,800.0,1600.0,1800.0,0.5944584382871536,0.047579065211307024,0.6420375034984607,0.3642836798632868,39,0,0,0.0,0.0,0,0,0.0,0.0,0.7542104571577426,0.6561543265896471,14.683013433413162,2.7444579708790185e-09,3.2909041729809535e-05,0.48385841119295014,23,slot_duration,slot_s=0.2,1.0,0.2,0.72,poisson,single,12000,1.2,18.0,70.0,ber,perfect,True,False
kalman_predictive,synthetic-20260831-v5-slots60-dt0.200000,controlled_synthetic_motion,20260831,5,12.0,3573,3250,15,210,0,113,3.25,0.9095997760985166,0.0,0.056666666666666664,536.3076923076923,600.0000000000001,1000.0,1200.0000000000002,0.05877413937867338,0.03162608452280996,0.09040022390148335,0.9256622045001424,58,0,0,0.0,0.0,0,0,0.0,0.0,0.6481218426111656,0.8881640210750822,13.810911296042717,7.986823102008124e-07,0.008506648783973827,0.40366578840938944,59,slot_duration,slot_s=0.2,1.0,0.2,0.72,poisson,single,12000,1.2,18.0,70.0,ber,perfect,True,False
link_lifetime,synthetic-20260831-v5-slots60-dt0.200000,controlled_synthetic_motion,20260831,5,12.0,3573,3250,15,210,0,113,3.25,0.9095997760985166,0.0,0.056666666666666664,536.3076923076923,600.0000000000001,1000.0,1200.0000000000002,0.05877413937867338,0.03162608452280996,0.09040022390148335,0.9256622045001424,58,0,0,0.0,0.0,0,0,0.0,0.0,0.6481218426111656,0.8881640210750822,13.810911296042717,7.986823102008124e-07,0.008506648783973827,0.40366578840938944,59,slot_duration,slot_s=0.2,1.0,0.2,0.72,poisson,single,12000,1.2,18.0,70.0,ber,perfect,True,False
oracle,synthetic-20260831-v5-slots60-dt0.200000,controlled_synthetic_motion,20260831,5,12.0,3573,3250,15,210,0,113,3.25,0.9095997760985166,0.0,0.056666666666666664,536.3076923076923,600.0000000000001,1000.0,1200.0000000000002,0.05877413937867338,0.03162608452280996,0.09040022390148335,0.9256622045001424,58,0,0,0.0,0.0,0,0,0.0,0.0,0.6481218426111656,0.8881640210750822,13.810911296042717,7.986823102008124e-07,0.008506648783973827,0.40366578840938944,59,slot_duration,slot_s=0.2,1.0,0.2,0.72,poisson,single,12000,1.2,18.0,70.0,ber,perfect,True,False
reactive_greedy,synthetic-20260831-v3-slots120-dt0.100000,controlled_synthetic_motion,20260831,3,12.0,3558,3198,21,269,0,91,3.198,0.8988195615514334,0.0,0.03888888888888889,171.48217636022514,100.0,500.0,800.0,0.07560427206295672,0.025576166385609892,0.10118043844856661,0.9163323782234957,72,0,0,0.0,0.0,0,0,0.0,0.0,0.47216969071770853,0.8541313671720902,14.572435274926589,6.250027590476337e-07,0.006358984187823302,0.4711471713516813,44,vehicle_count,vehicles=3,1.0,0.1,0.72,poisson,single,12000,1.2,18.0,70.0,ber,perfect,True,False
proportional_fair,synthetic-20260831-v3-slots120-dt0.100000,controlled_synthetic_motion,20260831,3,12.0,3558,1095,1,2203,0,260,1.095,0.3077571669477234,0.0,0.03888888888888889,774.2465753424658,900.0,1600.0,1700.0000000000002,0.619168071950534,0.07307476110174255,0.6922428330522765,0.3137535816618911,62,0,0,0.0,0.0,0,0,0.0,0.0,0.6985529942479817,0.5786111041034615,14.735696640274517,3.921862576776655e-08,0.00046510573074500764,0.48987795779829857,30,vehicle_count,vehicles=3,1.0,0.1,0.72,poisson,single,12000,1.2,18.0,70.0,ber,perfect,True,False
kalman_predictive,synthetic-20260831-v3-slots120-dt0.100000,controlled_synthetic_motion,20260831,3,12.0,3558,3234,89,224,0,100,3.234,0.9089376053962901,0.0,0.03888888888888889,199.41249226963512,200.0,400.0,600.0000000000001,0.0629567172568859,0.028105677346824058,0.09106239460370995,0.926647564469914,85,0,0,0.0,0.0,0,0,0.0,0.0,0.482365729105499,0.9004229316629653,14.419961956927741,2.9380948012257796e-06,0.02438769062334643,0.4672380712944764,86,vehicle_count,vehicles=3,1.0,0.1,0.72,poisson,single,12000,1.2,18.0,70.0,ber,perfect,True,False
link_lifetime,synthetic-20260831-v3-slots120-dt0.100000,controlled_synthetic_motion,20260831,3,12.0,3558,3234,253,224,0,100,3.234,0.9089376053962901,0.0,0.03888888888888889,210.23500309214594,200.0,400.0,600.0000000000001,0.0629567172568859,0.028105677346824058,0.09106239460370995,0.926647564469914,85,0,0,0.0,0.0,0,0,0.0,0.0,0.482365729105499,0.9004229316629653,14.151523921479214,3.186194254431636e-05,0.0577195109631627,0.4491266280061352,89,vehicle_count,vehicles=3,1.0,0.1,0.72,poisson,single,12000,1.2,18.0,70.0,ber,perfect,True,False
oracle,synthetic-20260831-v3-slots120-dt0.100000,controlled_synthetic_motion,20260831,3,12.0,3558,3234,253,224,0,100,3.234,0.9089376053962901,0.0,0.03888888888888889,210.23500309214594,200.0,400.0,600.0000000000001,0.0629567172568859,0.028105677346824058,0.09106239460370995,0.926647564469914,85,0,0,0.0,0.0,0,0,0.0,0.0,0.482365729105499,0.9004229316629653,14.151523921479214,3.186194254431636e-05,0.0577195109631627,0.4491266280061352,89,vehicle_count,vehicles=3,1.0,0.1,0.72,poisson,single,12000,1.2,18.0,70.0,ber,perfect,True,False
reactive_greedy,synthetic-20260831-v5-slots120-dt0.100000,controlled_synthetic_motion,20260831,5,12.0,3507,3222,3,222,0,63,3.222,0.9187339606501284,0.0,0.023333333333333334,235.53693358162633,200.0,500.0,1000.0,0.06330196749358426,0.017964071856287425,0.08126603934987169,0.926394479585969,29,0,0,0.0,0.0,0,0,0.0,0.0,0.6193447927778295,0.8608185619619731,13.670925235073929,1.3537333365590043e-07,0.001539344123244166,0.38506983338616246,118,vehicle_count,vehicles=5,1.0,0.1,0.72,poisson,single,12000,1.2,18.0,70.0,ber,perfect,True,False
proportional_fair,synthetic-20260831-v5-slots120-dt0.100000,controlled_synthetic_motion,20260831,5,12.0,3507,1198,0,2066,0,243,1.198,0.34160250926717994,0.0,0.023333333333333334,887.8964941569283,1000.0,1500.0,1700.0000000000002,0.58910749928714,0.06928999144568007,0.6583974907328201,0.34445083381253594,23,0,0,0.0,0.0,0,0,0.0,0.0,0.7777197355586865,0.6486537226244325,14.500307015419661,1.5548651644443115e-08,0.00018552740229589836,0.4657680926853089,45,vehicle_count,vehicles=5,1.0,0.1,0.72,poisson,single,12000,1.2,18.0,70.0,ber,perfect,True,False
kalman_predictive,synthetic-20260831-v5-slots120-dt0.100000,controlled_synthetic_motion,20260831,5,12.0,3507,3297,21,134,0,76,3.297,0.9401197604790419,0.0,0.023333333333333334,295.84470730967547,300.00000000000006,600.0000000000001,700.0000000000001,0.038209295694325636,0.021670943826632448,0.059880239520958084,0.9479585968947671,35,0,0,0.0,0.0,0,0,0.0,0.0,0.6526649020436064,0.928558183127918,13.690995227822091,9.403141800615936e-07,0.009556142411702839,0.3924912192622564,118,vehicle_count,vehicles=5,1.0,0.1,0.72,poisson,single,12000,1.2,18.0,70.0,ber,perfect,True,False
link_lifetime,synthetic-20260831-v5-slots120-dt0.100000,controlled_synthetic_motion,20260831,5,12.0,3507,3311,69,131,0,65,3.311,0.9441117764471058,0.0,0.023333333333333334,299.36575052854124,300.00000000000006,600.0000000000001,700.0000000000001,0.03735386370116909,0.01853435985172512,0.05588822355289421,0.9519838987924094,26,0,0,0.0,0.0,0,0,0.0,0.0,0.6512367605567286,0.9289564475963117,13.594591684060429,1.6336094157504656e-05,0.026222452236837692,0.3876839829845543,118,vehicle_count,vehicles=5,1.0,0.1,0.72,poisson,single,12000,1.2,18.0,70.0,ber,perfect,True,False
oracle,synthetic-20260831-v5-slots120-dt0.100000,controlled_synthetic_motion,20260831,5,12.0,3507,3311,69,131,0,65,3.311,0.9441117764471058,0.0,0.023333333333333334,299.36575052854124,300.00000000000006,600.0000000000001,700.0000000000001,0.03735386370116909,0.01853435985172512,0.05588822355289421,0.9519838987924094,26,0,0,0.0,0.0,0,0,0.0,0.0,0.6512367605567286,0.9289564475963117,13.594591684060429,1.6336094157504656e-05,0.026222452236837692,0.3876839829845543,118,vehicle_count,vehicles=5,1.0,0.1,0.72,poisson,single,12000,1.2,18.0,70.0,ber,perfect,True,False
reactive_greedy,synthetic-20260831-v10-slots120-dt0.100000,controlled_synthetic_motion,20260831,10,12.0,3509,1697,0,1595,0,217,1.697,0.4836135651182673,0.0,0.3441666666666667,223.80671773718328,200.0,500.0,900.0,0.45454545454545453,0.06184098033627814,0.5163864348817326,0.7236673773987207,95,0,0,0.0,0.0,0,0,0.0,0.0,0.3129774717350644,0.39723552494622205,13.68772984562941,1.920033860249676e-08,0.0002300087862246054,0.38594774808748405,117,vehicle_count,vehicles=10,1.0,0.1,0.72,poisson,single,12000,1.2,18.0,70.0,ber,perfect,True,False
proportional_fair,synthetic-20260831-v10-slots120-dt0.100000,controlled_synthetic_motion,20260831,10,12.0,3509,1328,1,1932,0,249,1.328,0.3784554003989741,0.0,0.3441666666666667,593.6746987951807,600.0000000000001,1300.0,1500.0,0.5505842120262183,0.07096038757480763,0.6215445996010259,0.5663113006396588,86,0,0,0.0,0.0,0,0,0.0,0.0,0.3525363014136762,0.3943002207898469,14.216098558895556,2.1035342359062788e-08,0.00025106456705161964,0.43917079094223316,73,vehicle_count,vehicles=10,1.0,0.1,0.72,poisson,single,12000,1.2,18.0,70.0,ber,perfect,True,False
kalman_predictive,synthetic-20260831-v10-slots120-dt0.100000,controlled_synthetic_motion,20260831,10,12.0,3509,1801,1334,1493,0,215,1.801,0.5132516386434882,0.0,0.3441666666666667,445.5302609661299,400.0,900.0,1300.0,0.42547734397264175,0.06127101738387005,0.48674836135651184,0.7496801705756929,93,0,0,0.0,0.0,0,0,0.0,0.0,0.35926921147100294,0.488712669861465,11.934684833569374,0.00015085877458222792,0.31213844871735535,0.2951307239628079,99,vehicle_count,vehicles=10,1.0,0.1,0.72,poisson,single,12000,1.2,18.0,70.0,ber,perfect,True,False
link_lifetime,synthetic-20260831-v10-slots120-dt0.100000,controlled_synthetic_motion,20260831,10,12.0,3509,1801,1399,1500,0,208,1.801,0.5132516386434882,0.0,0.3441666666666667,445.0860632981677,400.0,900.0,1300.0,0.42747221430607013,0.05927614705044172,0.48674836135651184,0.7522388059701492,95,0,0,0.0,0.0,0,0,0.0,0.0,0.35709775046982184,0.48395256559430355,11.849957179140297,0.00016491443891947894,0.3279211215367328,0.289983758006016,96,vehicle_count,vehicles=10,1.0,0.1,0.72,poisson,single,12000,1.2,18.0,70.0,ber,perfect,True,False
oracle,synthetic-20260831-v10-slots120-dt0.100000,controlled_synthetic_motion,20260831,10,12.0,3509,1801,1399,1500,0,208,1.801,0.5132516386434882,0.0,0.3441666666666667,445.0860632981677,400.0,900.0,1300.0,0.42747221430607013,0.05927614705044172,0.48674836135651184,0.7522388059701492,95,0,0,0.0,0.0,0,0,0.0,0.0,0.35709775046982184,0.48395256559430355,11.849957179140297,0.00016491443891947894,0.3279211215367328,0.289983758006016,96,vehicle_count,vehicles=10,1.0,0.1,0.72,poisson,single,12000,1.2,18.0,70.0,ber,perfect,True,False
reactive_greedy,synthetic-20260831-v5-slots120-dt0.100000,controlled_synthetic_motion,20260831,5,12.0,3507,3222,3,222,0,63,3.222,0.9187339606501284,0.0,0.023333333333333334,235.53693358162633,200.0,500.0,1000.0,0.06330196749358426,0.017964071856287425,0.08126603934987169,0.926394479585969,29,0,0,0.0,0.0,0,0,0.0,0.0,0.6193447927778295,0.8608185619619731,13.670925235073929,1.3537333365590043e-07,0.001539344123244166,0.38506983338616246,118,traffic_model,traffic=poisson,1.0,0.1,0.72,poisson,single,12000,1.2,18.0,70.0,ber,perfect,True,False
proportional_fair,synthetic-20260831-v5-slots120-dt0.100000,controlled_synthetic_motion,20260831,5,12.0,3507,1198,0,2066,0,243,1.198,0.34160250926717994,0.0,0.023333333333333334,887.8964941569283,1000.0,1500.0,1700.0000000000002,0.58910749928714,0.06928999144568007,0.6583974907328201,0.34445083381253594,23,0,0,0.0,0.0,0,0,0.0,0.0,0.7777197355586865,0.6486537226244325,14.500307015419661,1.5548651644443115e-08,0.00018552740229589836,0.4657680926853089,45,traffic_model,traffic=poisson,1.0,0.1,0.72,poisson,single,12000,1.2,18.0,70.0,ber,perfect,True,False
kalman_predictive,synthetic-20260831-v5-slots120-dt0.100000,controlled_synthetic_motion,20260831,5,12.0,3507,3297,21,134,0,76,3.297,0.9401197604790419,0.0,0.023333333333333334,295.84470730967547,300.00000000000006,600.0000000000001,700.0000000000001,0.038209295694325636,0.021670943826632448,0.059880239520958084,0.9479585968947671,35,0,0,0.0,0.0,0,0,0.0,0.0,0.6526649020436064,0.928558183127918,13.690995227822091,9.403141800615936e-07,0.009556142411702839,0.3924912192622564,118,traffic_model,traffic=poisson,1.0,0.1,0.72,poisson,single,12000,1.2,18.0,70.0,ber,perfect,True,False
link_lifetime,synthetic-20260831-v5-slots120-dt0.100000,controlled_synthetic_motion,20260831,5,12.0,3507,3311,69,131,0,65,3.311,0.9441117764471058,0.0,0.023333333333333334,299.36575052854124,300.00000000000006,600.0000000000001,700.0000000000001,0.03735386370116909,0.01853435985172512,0.05588822355289421,0.9519838987924094,26,0,0,0.0,0.0,0,0,0.0,0.0,0.6512367605567286,0.9289564475963117,13.594591684060429,1.6336094157504656e-05,0.026222452236837692,0.3876839829845543,118,traffic_model,traffic=poisson,1.0,0.1,0.72,poisson,single,12000,1.2,18.0,70.0,ber,perfect,True,False
oracle,synthetic-20260831-v5-slots120-dt0.100000,controlled_synthetic_motion,20260831,5,12.0,3507,3311,69,131,0,65,3.311,0.9441117764471058,0.0,0.023333333333333334,299.36575052854124,300.00000000000006,600.0000000000001,700.0000000000001,0.03735386370116909,0.01853435985172512,0.05588822355289421,0.9519838987924094,26,0,0,0.0,0.0,0,0,0.0,0.0,0.6512367605567286,0.9289564475963117,13.594591684060429,1.6336094157504656e-05,0.026222452236837692,0.3876839829845543,118,traffic_model,traffic=poisson,1.0,0.1,0.72,poisson,single,12000,1.2,18.0,70.0,ber,perfect,True,False
reactive_greedy,synthetic-20260831-v5-slots120-dt0.100000,controlled_synthetic_motion,20260831,5,12.0,3493,3306,15,162,0,25,3.306,0.9464643572860005,0.0,0.023333333333333334,258.529945553539,200.0,500.0,900.0,0.046378471228170626,0.0071571714858288,0.05353564271399943,0.9505462909718229,39,0,0,0.0,0.0,0,0,0.0,0.0,0.6594546195037333,0.9217543501779014,13.756209674699717,6.346610249541483e-07,0.006548661087830312,0.39760434621399665,112,traffic_model,traffic=periodic,1.0,0.1,0.72,periodic,single,12000,1.2,18.0,70.0,ber,perfect,True,False
proportional_fair,synthetic-20260831-v5-slots120-dt0.100000,controlled_synthetic_motion,20260831,5,12.0,3493,3210,4,226,0,57,3.21,0.9189808187804179,0.0,0.023333333333333334,386.3239875389408,300.00000000000006,900.0,1000.0,0.06470083023189235,0.016318350987689665,0.08101918121958201,0.9229442208165612,27,0,0,0.0,0.0,0,0,0.0,0.0,0.6563212987697917,0.8606063670749106,13.756507341015952,9.257879032183532e-08,0.001092925180559252,0.3949124646944048,101,traffic_model,traffic=periodic,1.0,0.1,0.72,periodic,single,12000,1.2,18.0,70.0,ber,perfect,True,False
kalman_predictive,synthetic-20260831-v5-slots120-dt0.100000,controlled_synthetic_motion,20260831,5,12.0,3493,3319,19,143,0,31,3.319,0.9501860864586316,0.0,0.023333333333333334,298.6140403736065,300.00000000000006,600.0000000000001,700.0000000000001,0.04093902089894074,0.008874892642427712,0.04981391354136845,0.9542840713053479,46,0,0,0.0,0.0,0,0,0.0,0.0,0.6640506946430816,0.9325446326267866,13.735989151289791,8.175083559615752e-07,0.007950220681154094,0.39571280112412316,111,traffic_model,traffic=periodic,1.0,0.1,0.72,periodic,single,12000,1.2,18.0,70.0,ber,perfect,True,False
link_lifetime,synthetic-20260831-v5-slots120-dt0.100000,controlled_synthetic_motion,20260831,5,12.0,3493,3324,39,138,0,31,3.324,0.9516175207557973,0.0,0.023333333333333334,305.0240673886883,300.00000000000006,600.0000000000001,700.0000000000001,0.03950758660177498,0.008874892642427712,0.04838247924420269,0.9557216791259344,46,0,0,0.0,0.0,0,0,0.0,0.0,0.6658372157349807,0.9371426418456951,13.709472132037797,1.5977238905406677e-06,0.013335563491326708,0.3945686166812073,111,traffic_model,traffic=periodic,1.0,0.1,0.72,periodic,single,12000,1.2,18.0,70.0,ber,perfect,True,False
oracle,synthetic-20260831-v5-slots120-dt0.100000,controlled_synthetic_motion,20260831,5,12.0,3493,3324,39,138,0,31,3.324,0.9516175207557973,0.0,0.023333333333333334,305.0240673886883,300.00000000000006,600.0000000000001,700.0000000000001,0.03950758660177498,0.008874892642427712,0.04838247924420269,0.9557216791259344,46,0,0,0.0,0.0,0,0,0.0,0.0,0.6658372157349807,0.9371426418456951,13.709472132037797,1.5977238905406677e-06,0.013335563491326708,0.3945686166812073,111,traffic_model,traffic=periodic,1.0,0.1,0.72,periodic,single,12000,1.2,18.0,70.0,ber,perfect,True,False
reactive_greedy,synthetic-20260831-v5-slots120-dt0.100000,controlled_synthetic_motion,20260831,5,12.0,3182,2938,10,222,0,22,2.938,0.923318667504714,0.0,0.023333333333333334,223.14499659632403,200.0,600.0000000000001,900.0,0.06976744186046512,0.0069138906348208675,0.07668133249528598,0.925645872715816,18,0,0,0.0,0.0,0,0,0.0,0.0,0.6585398491708977,0.8762756861932276,13.582287803369713,2.60426748353412e-07,0.0027479910155305738,0.38048608602439493,93,traffic_model,traffic=markov_modulated,1.0,0.1,0.72,markov_modulated,single,12000,1.2,18.0,70.0,ber,perfect,True,False
proportional_fair,synthetic-20260831-v5-slots120-dt0.100000,controlled_synthetic_motion,20260831,5,12.0,3182,1726,0,1416,0,40,1.726,0.5424261470773099,0.0,0.023333333333333334,760.6025492468134,800.0,1500.0,1600.0,0.4450031426775613,0.01257071024512885,0.45757385292269015,0.5437933207309389,11,0,0,0.0,0.0,0,0,0.0,0.0,0.6975108932079297,0.7781567988038639,13.928577633917648,2.6474419467299326e-08,0.0003166565891352295,0.4114939192569375,82,traffic_model,traffic=markov_modulated,1.0,0.1,0.72,markov_modulated,single,12000,1.2,18.0,70.0,ber,perfect,True,False
kalman_predictive,synthetic-20260831-v5-slots120-dt0.100000,controlled_synthetic_motion,20260831,5,12.0,3182,2832,61,330,0,20,2.832,0.8900062853551226,0.0,0.023333333333333334,569.3855932203389,600.0000000000001,1100.0,1400.0000000000002,0.10370835952231301,0.006285355122564425,0.10999371464487744,0.8922495274102079,18,0,0,0.0,0.0,0,0,0.0,0.0,0.6793777344825396,0.907500120280326,13.73011952718591,4.409393656017979e-06,0.01514748131336666,0.3990684636821121,101,traffic_model,traffic=markov_modulated,1.0,0.1,0.72,markov_modulated,single,12000,1.2,18.0,70.0,ber,perfect,True,False
link_lifetime,synthetic-20260831-v5-slots120-dt0.100000,controlled_synthetic_motion,20260831,5,12.0,3182,2838,254,332,0,12,2.838,0.8918918918918919,0.0,0.023333333333333334,575.2642706131078,600.0000000000001,1100.0,1400.0000000000002,0.10433689503456946,0.003771213073538655,0.10810810810810811,0.8941398865784499,12,0,0,0.0,0.0,0,0,0.0,0.0,0.6820515122132976,0.9062187671644414,13.386218414306422,4.7101266188016563e-05,0.0651450572464983,0.37831212592688945,99,traffic_model,traffic=markov_modulated,1.0,0.1,0.72,markov_modulated,single,12000,1.2,18.0,70.0,ber,perfect,True,False
oracle,synthetic-20260831-v5-slots120-dt0.100000,controlled_synthetic_motion,20260831,5,12.0,3182,2838,254,332,0,12,2.838,0.8918918918918919,0.0,0.023333333333333334,575.2642706131078,600.0000000000001,1100.0,1400.0000000000002,0.10433689503456946,0.003771213073538655,0.10810810810810811,0.8941398865784499,12,0,0,0.0,0.0,0,0,0.0,0.0,0.6820515122132976,0.9062187671644414,13.386218414306422,4.7101266188016563e-05,0.0651450572464983,0.37831212592688945,99,traffic_model,traffic=markov_modulated,1.0,0.1,0.72,markov_modulated,single,12000,1.2,18.0,70.0,ber,perfect,True,False
reactive_greedy,synthetic-20260831-v5-slots120-dt0.100000,controlled_synthetic_motion,20260831,5,12.0,5400,4495,23,703,0,202,4.495,0.8324074074074074,0.0,0.023333333333333334,347.1412680756396,300.00000000000006,700.0000000000001,800.0,0.13018518518518518,0.03740740740740741,0.1675925925925926,0.8522942737959803,156,0,0,0.0,0.0,0,0,0.0,0.0,0.8889537350859552,0.8889537350859552,13.62442242134321,4.6175072233281734e-07,0.0051361871497964985,0.38572710462373794,119,traffic_model,traffic=saturated,1.0,0.1,0.72,saturated,single,12000,1.2,18.0,70.0,ber,perfect,True,False
proportional_fair,synthetic-20260831-v5-slots120-dt0.100000,controlled_synthetic_motion,20260831,5,12.0,5400,4338,2,887,0,175,4.338,0.8033333333333333,0.0,0.023333333333333334,261.1802674043338,300.00000000000006,400.0,500.0,0.16425925925925927,0.032407407407407406,0.19666666666666666,0.8225255972696246,129,0,0,0.0,0.0,0,0,0.0,0.0,0.8294027346399628,0.8294027346399628,13.73449056189438,4.407087519431933e-08,0.000523608308132663,0.3920067938313858,119,traffic_model,traffic=saturated,1.0,0.1,0.72,saturated,single,12000,1.2,18.0,70.0,ber,perfect,True,False
kalman_predictive,synthetic-20260831-v5-slots120-dt0.100000,controlled_synthetic_motion,20260831,5,12.0,5400,4528,84,634,0,238,4.528,0.8385185185185186,0.0,0.023333333333333334,454.4832155477032,400.0,900.0,1000.0,0.1174074074074074,0.04407407407407407,0.16148148148148148,0.8585513841486537,201,0,0,0.0,0.0,0,0,0.0,0.0,0.9134148612466197,0.9134148612466196,13.495482607115399,1.672580805503046e-06,0.016520896787284425,0.37773271330757097,118,traffic_model,traffic=saturated,1.0,0.1,0.72,saturated,single,12000,1.2,18.0,70.0,ber,perfect,True,False
link_lifetime,synthetic-20260831-v5-slots120-dt0.100000,controlled_synthetic_motion,20260831,5,12.0,5400,4453,330,665,0,282,4.453,0.8246296296296296,0.0,0.023333333333333334,496.2272625196497,500.0,900.0,1100.0,0.12314814814814815,0.052222222222222225,0.17537037037037037,0.8443306788016686,222,0,0,0.0,0.0,0,0,0.0,0.0,0.9144182018445423,0.9144182018445424,13.155627689991134,4.544920716758713e-05,0.06651879621415469,0.357586178671257,114,traffic_model,traffic=saturated,1.0,0.1,0.72,saturated,single,12000,1.2,18.0,70.0,ber,perfect,True,False
oracle,synthetic-20260831-v5-slots120-dt0.100000,controlled_synthetic_motion,20260831,5,12.0,5400,4453,330,665,0,282,4.453,0.8246296296296296,0.0,0.023333333333333334,496.2272625196497,500.0,900.0,1100.0,0.12314814814814815,0.052222222222222225,0.17537037037037037,0.8443306788016686,222,0,0,0.0,0.0,0,0,0.0,0.0,0.9144182018445423,0.9144182018445424,13.155627689991134,4.544920716758713e-05,0.06651879621415469,0.357586178671257,114,traffic_model,traffic=saturated,1.0,0.1,0.72,saturated,single,12000,1.2,18.0,70.0,ber,perfect,True,False
reactive_greedy,synthetic-20260831-v5-slots120-dt0.100000,controlled_synthetic_motion,20260831,5,12.0,3507,3222,3,222,0,63,3.222,0.9187339606501284,0.0,0.023333333333333334,235.53693358162633,200.0,500.0,1000.0,0.06330196749358426,0.017964071856287425,0.08126603934987169,0.926394479585969,29,0,0,0.0,0.0,0,0,0.0,0.0,0.6193447927778295,0.8608185619619731,13.670925235073929,1.3537333365590043e-07,0.001539344123244166,0.38506983338616246,118,traffic_class,classes=single,1.0,0.1,0.72,poisson,single,12000,1.2,18.0,70.0,ber,perfect,True,False
proportional_fair,synthetic-20260831-v5-slots120-dt0.100000,controlled_synthetic_motion,20260831,5,12.0,3507,1198,0,2066,0,243,1.198,0.34160250926717994,0.0,0.023333333333333334,887.8964941569283,1000.0,1500.0,1700.0000000000002,0.58910749928714,0.06928999144568007,0.6583974907328201,0.34445083381253594,23,0,0,0.0,0.0,0,0,0.0,0.0,0.7777197355586865,0.6486537226244325,14.500307015419661,1.5548651644443115e-08,0.00018552740229589836,0.4657680926853089,45,traffic_class,classes=single,1.0,0.1,0.72,poisson,single,12000,1.2,18.0,70.0,ber,perfect,True,False
kalman_predictive,synthetic-20260831-v5-slots120-dt0.100000,controlled_synthetic_motion,20260831,5,12.0,3507,3297,21,134,0,76,3.297,0.9401197604790419,0.0,0.023333333333333334,295.84470730967547,300.00000000000006,600.0000000000001,700.0000000000001,0.038209295694325636,0.021670943826632448,0.059880239520958084,0.9479585968947671,35,0,0,0.0,0.0,0,0,0.0,0.0,0.6526649020436064,0.928558183127918,13.690995227822091,9.403141800615936e-07,0.009556142411702839,0.3924912192622564,118,traffic_class,classes=single,1.0,0.1,0.72,poisson,single,12000,1.2,18.0,70.0,ber,perfect,True,False
link_lifetime,synthetic-20260831-v5-slots120-dt0.100000,controlled_synthetic_motion,20260831,5,12.0,3507,3311,69,131,0,65,3.311,0.9441117764471058,0.0,0.023333333333333334,299.36575052854124,300.00000000000006,600.0000000000001,700.0000000000001,0.03735386370116909,0.01853435985172512,0.05588822355289421,0.9519838987924094,26,0,0,0.0,0.0,0,0,0.0,0.0,0.6512367605567286,0.9289564475963117,13.594591684060429,1.6336094157504656e-05,0.026222452236837692,0.3876839829845543,118,traffic_class,classes=single,1.0,0.1,0.72,poisson,single,12000,1.2,18.0,70.0,ber,perfect,True,False
oracle,synthetic-20260831-v5-slots120-dt0.100000,controlled_synthetic_motion,20260831,5,12.0,3507,3311,69,131,0,65,3.311,0.9441117764471058,0.0,0.023333333333333334,299.36575052854124,300.00000000000006,600.0000000000001,700.0000000000001,0.03735386370116909,0.01853435985172512,0.05588822355289421,0.9519838987924094,26,0,0,0.0,0.0,0,0,0.0,0.0,0.6512367605567286,0.9289564475963117,13.594591684060429,1.6336094157504656e-05,0.026222452236837692,0.3876839829845543,118,traffic_class,classes=single,1.0,0.1,0.72,poisson,single,12000,1.2,18.0,70.0,ber,perfect,True,False
reactive_greedy,synthetic-20260831-v5-slots120-dt0.100000,controlled_synthetic_motion,20260831,5,12.0,3507,2765,8,682,0,60,2.765,0.7884231536926147,0.0,0.023333333333333334,186.7992766726944,200.0,400.0,500.0,0.19446820644425436,0.01710863986313088,0.21157684630738524,0.7949971247843588,24,1256,808,0.643312101910828,0.3479299363057325,2251,1957,0.8693913816081742,0.10884051532652154,0.5354243331817101,0.6218641648222957,13.664770927400845,2.2029185501990517e-07,0.0023210056003486776,0.38388957212123714,118,traffic_class,classes=urgent_bulk,1.0,0.1,0.72,poisson,urgent_bulk,12000,1.2,18.0,70.0,ber,perfect,True,False
proportional_fair,synthetic-20260831-v5-slots120-dt0.100000,controlled_synthetic_motion,20260831,5,12.0,3507,1200,0,2221,0,86,1.2,0.3421727972626176,0.0,0.023333333333333334,573.6666666666666,600.0000000000001,1100.0,1100.0,0.6333048189335615,0.024522383803820928,0.6578272027373824,0.3450258769407706,15,1256,125,0.09952229299363058,0.8877388535031847,2251,1075,0.47756552643269656,0.49133718347401156,0.7716049382716049,0.6444501639161392,14.491598745767472,1.6128237040451766e-08,0.00019247654084102495,0.465194542844384,47,traffic_class,classes=urgent_bulk,1.0,0.1,0.72,poisson,urgent_bulk,12000,1.2,18.0,70.0,ber,perfect,True,False
kalman_predictive,synthetic-20260831-v5-slots120-dt0.100000,controlled_synthetic_motion,20260831,5,12.0,3507,2677,11,758,0,72,2.677,0.7633304818933562,0.0,0.023333333333333334,279.94023160254017,200.0,700.0000000000001,900.0,0.2161391502708868,0.020530367835757058,0.23666951810664386,0.7696952271420356,24,1256,589,0.46894904458598724,0.5230891719745223,2251,2088,0.9275877387827632,0.04486894713460684,0.6452858968823569,0.9057037486114331,13.652106160182994,6.028132678627428e-07,0.006478592090113135,0.38697705167583474,111,traffic_class,classes=urgent_bulk,1.0,0.1,0.72,poisson,urgent_bulk,12000,1.2,18.0,70.0,ber,perfect,True,False
link_lifetime,synthetic-20260831-v5-slots120-dt0.100000,controlled_synthetic_motion,20260831,5,12.0,3507,2677,11,758,0,72,2.677,0.7633304818933562,0.0,0.023333333333333334,279.94023160254017,200.0,700.0000000000001,900.0,0.2161391502708868,0.020530367835757058,0.23666951810664386,0.7696952271420356,24,1256,589,0.46894904458598724,0.5230891719745223,2251,2088,0.9275877387827632,0.04486894713460684,0.6452858968823569,0.9057037486114331,13.652106160182994,6.028132678627428e-07,0.006478592090113135,0.38697705167583474,111,traffic_class,classes=urgent_bulk,1.0,0.1,0.72,poisson,urgent_bulk,12000,1.2,18.0,70.0,ber,perfect,True,False
oracle,synthetic-20260831-v5-slots120-dt0.100000,controlled_synthetic_motion,20260831,5,12.0,3507,2677,11,758,0,72,2.677,0.7633304818933562,0.0,0.023333333333333334,279.94023160254017,200.0,700.0000000000001,900.0,0.2161391502708868,0.020530367835757058,0.23666951810664386,0.7696952271420356,24,1256,589,0.46894904458598724,0.5230891719745223,2251,2088,0.9275877387827632,0.04486894713460684,0.6452858968823569,0.9057037486114331,13.652106160182994,6.028132678627428e-07,0.006478592090113135,0.38697705167583474,111,traffic_class,classes=urgent_bulk,1.0,0.1,0.72,poisson,urgent_bulk,12000,1.2,18.0,70.0,ber,perfect,True,False
reactive_greedy,synthetic-20260831-v5-slots120-dt0.100000,controlled_synthetic_motion,20260831,5,12.0,17778,16529,30,861,0,388,3.3058,0.9297446281921476,0.0,0.023333333333333334,252.25361485873313,200.0,500.0,1100.0,0.04843064461694229,0.021824727190910113,0.07025537180785241,0.9362750651410445,250,0,0,0.0,0.0,0,0,0.0,0.0,0.6501016795758632,0.913475289004505,13.56613394958661,7.523371165781154e-07,0.0017124304052304586,0.3775929025570912,119,packet_size,packet_bits=2400,1.0,0.1,0.72,poisson,single,2400,1.2,18.0,70.0,ber,perfect,True,False
proportional_fair,synthetic-20260831-v5-slots120-dt0.100000,controlled_synthetic_motion,20260831,5,12.0,17778,5230,0,11313,0,1235,1.046,0.2941838227022162,0.0,0.023333333333333334,827.9732313575525,900.0,1500.0,1700.0000000000002,0.6363482956463045,0.06946788165147935,0.7058161772977838,0.29625014161096636,159,0,0,0.0,0.0,0,0,0.0,0.0,0.825371928682149,0.6083490150635803,14.53055758660884,3.2260329840924425e-08,7.727624209545737e-05,0.4694842925944964,39,packet_size,packet_bits=2400,1.0,0.1,0.72,poisson,single,2400,1.2,18.0,70.0,ber,perfect,True,False
kalman_predictive,synthetic-20260831-v5-slots120-dt0.100000,controlled_synthetic_motion,20260831,5,12.0,17778,17047,230,365,0,366,3.4094,0.9588817639779503,0.0,0.023333333333333334,317.6218689505485,300.00000000000006,600.0000000000001,800.0,0.020530993362582968,0.020587242659466758,0.041118236022049726,0.9656168573694347,226,0,0,0.0,0.0,0,0,0.0,0.0,0.6831239692689874,0.9747913588209213,13.36231802184611,1.0646041017267337e-05,0.02012155944939216,0.37254418174017556,116,packet_size,packet_bits=2400,1.0,0.1,0.72,poisson,single,2400,1.2,18.0,70.0,ber,perfect,True,False
link_lifetime,synthetic-20260831-v5-slots120-dt0.100000,controlled_synthetic_motion,20260831,5,12.0,17778,17089,475,345,0,344,3.4178,0.9612442344470694,0.0,0.023333333333333334,324.8815027210486,300.00000000000006,600.0000000000001,800.0,0.01940600742490719,0.0193497581280234,0.03875576555293059,0.967995921604169,235,0,0,0.0,0.0,0,0,0.0,0.0,0.6846166789424262,0.9779035629961408,13.230804552614346,2.365284214150179e-05,0.03422739051523896,0.363630896584438,115,packet_size,packet_bits=2400,1.0,0.1,0.72,poisson,single,2400,1.2,18.0,70.0,ber,perfect,True,False
oracle,synthetic-20260831-v5-slots120-dt0.100000,controlled_synthetic_motion,20260831,5,12.0,17778,17089,475,345,0,344,3.4178,0.9612442344470694,0.0,0.023333333333333334,324.8815027210486,300.00000000000006,600.0000000000001,800.0,0.01940600742490719,0.0193497581280234,0.03875576555293059,0.967995921604169,235,0,0,0.0,0.0,0,0,0.0,0.0,0.6846166789424262,0.9779035629961408,13.230804552614346,2.365284214150179e-05,0.03422739051523896,0.363630896584438,115,packet_size,packet_bits=2400,1.0,0.1,0.72,poisson,single,2400,1.2,18.0,70.0,ber,perfect,True,False
reactive_greedy,synthetic-20260831-v5-slots120-dt0.100000,controlled_synthetic_motion,20260831,5,12.0,4415,4115,21,221,0,79,3.292,0.9320498301245753,0.0,0.023333333333333334,246.58566221142163,200.0,500.0,1100.0,0.05005662514156285,0.017893544733861833,0.06795016987542468,0.9420787545787546,46,0,0,0.0,0.0,0,0,0.0,0.0,0.6510413813135959,0.9138136873839326,13.602813264144642,5.695921422268282e-07,0.004679394343481819,0.3808218113592851,118,packet_size,packet_bits=9600,1.0,0.1,0.72,poisson,single,9600,1.2,18.0,70.0,ber,perfect,True,False
proportional_fair,synthetic-20260831-v5-slots120-dt0.100000,controlled_synthetic_motion,20260831,5,12.0,4415,1505,0,2618,0,292,1.204,0.3408833522083805,0.0,0.023333333333333334,861.5282392026578,1000.0,1500.0,1700.0000000000002,0.5929784824462061,0.06613816534541336,0.6591166477916195,0.34455128205128205,39,0,0,0.0,0.0,0,0,0.0,0.0,0.8015390086858974,0.6557117207392366,14.529119519723842,1.6430503888919458e-08,0.00015704496950163775,0.46932103326210955,45,packet_size,packet_bits=9600,1.0,0.1,0.72,poisson,single,9600,1.2,18.0,70.0,ber,perfect,True,False
kalman_predictive,synthetic-20260831-v5-slots120-dt0.100000,controlled_synthetic_motion,20260831,5,12.0,4415,4164,24,155,0,96,3.3312,0.9431483578708947,0.0,0.023333333333333334,277.01729106628244,300.00000000000006,500.0,700.0000000000001,0.035107587768969425,0.0217440543601359,0.056851642129105324,0.9532967032967034,57,0,0,0.0,0.0,0,0,0.0,0.0,0.6680618000364491,0.9373093918636106,13.63999681489982,1.0343162388532983e-06,0.008485660383918504,0.3876137039402312,119,packet_size,packet_bits=9600,1.0,0.1,0.72,poisson,single,9600,1.2,18.0,70.0,ber,perfect,True,False
link_lifetime,synthetic-20260831-v5-slots120-dt0.100000,controlled_synthetic_motion,20260831,5,12.0,4415,4177,55,150,0,88,3.3416,0.9460928652321631,0.0,0.023333333333333334,279.1237730428537,300.00000000000006,500.0,700.0000000000001,0.03397508493771234,0.019932049830124577,0.05390713476783692,0.9562728937728938,44,0,0,0.0,0.0,0,0,0.0,0.0,0.6713871963215433,0.9375235176005928,13.588810366149428,8.443029087413886e-06,0.016817359999648732,0.38484188766125516,119,packet_size,packet_bits=9600,1.0,0.1,0.72,poisson,single,9600,1.2,18.0,70.0,ber,perfect,True,False
oracle,synthetic-20260831-v5-slots120-dt0.100000,controlled_synthetic_motion,20260831,5,12.0,4415,4177,55,150,0,88,3.3416,0.9460928652321631,0.0,0.023333333333333334,279.1237730428537,300.00000000000006,500.0,700.0000000000001,0.03397508493771234,0.019932049830124577,0.05390713476783692,0.9562728937728938,44,0,0,0.0,0.0,0,0,0.0,0.0,0.6713871963215433,0.9375235176005928,13.588810366149428,8.443029087413886e-06,0.016817359999648732,0.38484188766125516,119,packet_size,packet_bits=9600,1.0,0.1,0.72,poisson,single,9600,1.2,18.0,70.0,ber,perfect,True,False
reactive_greedy,synthetic-20260831-v5-slots120-dt0.100000,controlled_synthetic_motion,20260831,5,12.0,3507,3222,3,222,0,63,3.222,0.9187339606501284,0.0,0.023333333333333334,235.53693358162633,200.0,500.0,1000.0,0.06330196749358426,0.017964071856287425,0.08126603934987169,0.926394479585969,29,0,0,0.0,0.0,0,0,0.0,0.0,0.6193447927778295,0.8608185619619731,13.670925235073929,1.3537333365590043e-07,0.001539344123244166,0.38506983338616246,118,packet_size,packet_bits=12000,1.0,0.1,0.72,poisson,single,12000,1.2,18.0,70.0,ber,perfect,True,False
proportional_fair,synthetic-20260831-v5-slots120-dt0.100000,controlled_synthetic_motion,20260831,5,12.0,3507,1198,0,2066,0,243,1.198,0.34160250926717994,0.0,0.023333333333333334,887.8964941569283,1000.0,1500.0,1700.0000000000002,0.58910749928714,0.06928999144568007,0.6583974907328201,0.34445083381253594,23,0,0,0.0,0.0,0,0,0.0,0.0,0.7777197355586865,0.6486537226244325,14.500307015419661,1.5548651644443115e-08,0.00018552740229589836,0.4657680926853089,45,packet_size,packet_bits=12000,1.0,0.1,0.72,poisson,single,12000,1.2,18.0,70.0,ber,perfect,True,False
kalman_predictive,synthetic-20260831-v5-slots120-dt0.100000,controlled_synthetic_motion,20260831,5,12.0,3507,3297,21,134,0,76,3.297,0.9401197604790419,0.0,0.023333333333333334,295.84470730967547,300.00000000000006,600.0000000000001,700.0000000000001,0.038209295694325636,0.021670943826632448,0.059880239520958084,0.9479585968947671,35,0,0,0.0,0.0,0,0,0.0,0.0,0.6526649020436064,0.928558183127918,13.690995227822091,9.403141800615936e-07,0.009556142411702839,0.3924912192622564,118,packet_size,packet_bits=12000,1.0,0.1,0.72,poisson,single,12000,1.2,18.0,70.0,ber,perfect,True,False
link_lifetime,synthetic-20260831-v5-slots120-dt0.100000,controlled_synthetic_motion,20260831,5,12.0,3507,3311,69,131,0,65,3.311,0.9441117764471058,0.0,0.023333333333333334,299.36575052854124,300.00000000000006,600.0000000000001,700.0000000000001,0.03735386370116909,0.01853435985172512,0.05588822355289421,0.9519838987924094,26,0,0,0.0,0.0,0,0,0.0,0.0,0.6512367605567286,0.9289564475963117,13.594591684060429,1.6336094157504656e-05,0.026222452236837692,0.3876839829845543,118,packet_size,packet_bits=12000,1.0,0.1,0.72,poisson,single,12000,1.2,18.0,70.0,ber,perfect,True,False
oracle,synthetic-20260831-v5-slots120-dt0.100000,controlled_synthetic_motion,20260831,5,12.0,3507,3311,69,131,0,65,3.311,0.9441117764471058,0.0,0.023333333333333334,299.36575052854124,300.00000000000006,600.0000000000001,700.0000000000001,0.03735386370116909,0.01853435985172512,0.05588822355289421,0.9519838987924094,26,0,0,0.0,0.0,0,0,0.0,0.0,0.6512367605567286,0.9289564475963117,13.594591684060429,1.6336094157504656e-05,0.026222452236837692,0.3876839829845543,118,packet_size,packet_bits=12000,1.0,0.1,0.72,poisson,single,12000,1.2,18.0,70.0,ber,perfect,True,False
reactive_greedy,synthetic-20260831-v5-slots120-dt0.100000,controlled_synthetic_motion,20260831,5,12.0,3507,2289,1,1177,0,41,2.289,0.6526946107784432,0.0,0.023333333333333334,142.81345565749234,100.0,200.0,200.0,0.33561448531508414,0.011690903906472769,0.3473053892215569,0.6581368602645198,4,0,0,0.0,0.0,0,0,0.0,0.0,0.421725602975852,0.4821266725594269,13.810880055567447,2.0891760481854113e-08,0.0002503197429714201,0.39685264711990703,105,deadline,deadline_s=0.05,1.0,0.1,0.72,poisson,single,12000,0.05,18.0,70.0,ber,perfect,True,False
proportional_fair,synthetic-20260831-v5-slots120-dt0.100000,controlled_synthetic_motion,20260831,5,12.0,3507,790,0,2683,0,34,0.79,0.22526375819788994,0.0,0.023333333333333334,138.35443037974684,100.0,200.0,200.0,0.7650413458796692,0.009694895922440832,0.7747362418021101,0.22714203565267396,4,0,0,0.0,0.0,0,0,0.0,0.0,0.7962998405103668,0.4969576720051868,14.25106113882077,1.8062299728087643e-08,0.00021565218865604807,0.44201685543789476,70,deadline,deadline_s=0.05,1.0,0.1,0.72,poisson,single,12000,0.05,18.0,70.0,ber,perfect,True,False
kalman_predictive,synthetic-20260831-v5-slots120-dt0.100000,controlled_synthetic_motion,20260831,5,12.0,3507,1953,3,1511,0,43,1.953,0.5568862275449101,0.0,0.023333333333333334,149.82078853046596,100.0,200.0,200.0,0.4308525805531794,0.012261191901910464,0.4431137724550898,0.5615296147211041,4,0,0,0.0,0.0,0,0,0.0,0.0,0.5631029791593927,0.8314882262479196,13.754172423743727,2.0498684176306878e-07,0.002354158652319991,0.39482026462671294,119,deadline,deadline_s=0.05,1.0,0.1,0.72,poisson,single,12000,0.05,18.0,70.0,ber,perfect,True,False
link_lifetime,synthetic-20260831-v5-slots120-dt0.100000,controlled_synthetic_motion,20260831,5,12.0,3507,1953,3,1511,0,43,1.953,0.5568862275449101,0.0,0.023333333333333334,149.82078853046596,100.0,200.0,200.0,0.4308525805531794,0.012261191901910464,0.4431137724550898,0.5615296147211041,4,0,0,0.0,0.0,0,0,0.0,0.0,0.5631029791593927,0.8314882262479196,13.754172423743727,2.0498684176306878e-07,0.002354158652319991,0.39482026462671294,119,deadline,deadline_s=0.05,1.0,0.1,0.72,poisson,single,12000,0.05,18.0,70.0,ber,perfect,True,False
oracle,synthetic-20260831-v5-slots120-dt0.100000,controlled_synthetic_motion,20260831,5,12.0,3507,1953,3,1511,0,43,1.953,0.5568862275449101,0.0,0.023333333333333334,149.82078853046596,100.0,200.0,200.0,0.4308525805531794,0.012261191901910464,0.4431137724550898,0.5615296147211041,4,0,0,0.0,0.0,0,0,0.0,0.0,0.5631029791593927,0.8314882262479196,13.754172423743727,2.0498684176306878e-07,0.002354158652319991,0.39482026462671294,119,deadline,deadline_s=0.05,1.0,0.1,0.72,poisson,single,12000,0.05,18.0,70.0,ber,perfect,True,False
reactive_greedy,synthetic-20260831-v5-slots120-dt0.100000,controlled_synthetic_motion,20260831,5,12.0,3507,2289,1,1177,0,41,2.289,0.6526946107784432,0.0,0.023333333333333334,142.81345565749234,100.0,200.0,200.0,0.33561448531508414,0.011690903906472769,0.3473053892215569,0.6581368602645198,4,0,0,0.0,0.0,0,0,0.0,0.0,0.421725602975852,0.4821266725594269,13.810880055567447,2.0891760481854113e-08,0.0002503197429714201,0.39685264711990703,105,deadline,deadline_s=0.1,1.0,0.1,0.72,poisson,single,12000,0.1,18.0,70.0,ber,perfect,True,False
proportional_fair,synthetic-20260831-v5-slots120-dt0.100000,controlled_synthetic_motion,20260831,5,12.0,3507,790,0,2683,0,34,0.79,0.22526375819788994,0.0,0.023333333333333334,138.35443037974684,100.0,200.0,200.0,0.7650413458796692,0.009694895922440832,0.7747362418021101,0.22714203565267396,4,0,0,0.0,0.0,0,0,0.0,0.0,0.7962998405103668,0.4969576720051868,14.25106113882077,1.8062299728087643e-08,0.00021565218865604807,0.44201685543789476,70,deadline,deadline_s=0.1,1.0,0.1,0.72,poisson,single,12000,0.1,18.0,70.0,ber,perfect,True,False
kalman_predictive,synthetic-20260831-v5-slots120-dt0.100000,controlled_synthetic_motion,20260831,5,12.0,3507,1953,3,1511,0,43,1.953,0.5568862275449101,0.0,0.023333333333333334,149.82078853046596,100.0,200.0,200.0,0.4308525805531794,0.012261191901910464,0.4431137724550898,0.5615296147211041,4,0,0,0.0,0.0,0,0,0.0,0.0,0.5631029791593927,0.8314882262479196,13.754172423743727,2.0498684176306878e-07,0.002354158652319991,0.39482026462671294,119,deadline,deadline_s=0.1,1.0,0.1,0.72,poisson,single,12000,0.1,18.0,70.0,ber,perfect,True,False
link_lifetime,synthetic-20260831-v5-slots120-dt0.100000,controlled_synthetic_motion,20260831,5,12.0,3507,1953,3,1511,0,43,1.953,0.5568862275449101,0.0,0.023333333333333334,149.82078853046596,100.0,200.0,200.0,0.4308525805531794,0.012261191901910464,0.4431137724550898,0.5615296147211041,4,0,0,0.0,0.0,0,0,0.0,0.0,0.5631029791593927,0.8314882262479196,13.754172423743727,2.0498684176306878e-07,0.002354158652319991,0.39482026462671294,119,deadline,deadline_s=0.1,1.0,0.1,0.72,poisson,single,12000,0.1,18.0,70.0,ber,perfect,True,False
oracle,synthetic-20260831-v5-slots120-dt0.100000,controlled_synthetic_motion,20260831,5,12.0,3507,1953,3,1511,0,43,1.953,0.5568862275449101,0.0,0.023333333333333334,149.82078853046596,100.0,200.0,200.0,0.4308525805531794,0.012261191901910464,0.4431137724550898,0.5615296147211041,4,0,0,0.0,0.0,0,0,0.0,0.0,0.5631029791593927,0.8314882262479196,13.754172423743727,2.0498684176306878e-07,0.002354158652319991,0.39482026462671294,119,deadline,deadline_s=0.1,1.0,0.1,0.72,poisson,single,12000,0.1,18.0,70.0,ber,perfect,True,False
reactive_greedy,synthetic-20260831-v5-slots120-dt0.100000,controlled_synthetic_motion,20260831,5,12.0,3507,2738,0,732,0,37,2.738,0.7807242657542058,0.0,0.023333333333333334,171.14682249817386,200.0,300.00000000000006,300.00000000000006,0.20872540633019676,0.010550327915597377,0.21927573424579413,0.7872340425531915,8,0,0,0.0,0.0,0,0,0.0,0.0,0.5120214298349801,0.5841619271769414,13.659416826171979,1.89243172655749e-08,0.0002267396702113823,0.38267411788132005,115,deadline,deadline_s=0.25,1.0,0.1,0.72,poisson,single,12000,0.25,18.0,70.0,ber,perfect,True,False
proportional_fair,synthetic-20260831-v5-slots120-dt0.100000,controlled_synthetic_motion,20260831,5,12.0,3507,881,0,2580,0,46,0.881,0.2512118619903051,0.0,0.023333333333333334,182.17934165720771,200.0,300.00000000000006,300.00000000000006,0.7356715141146278,0.01311662389506701,0.7487881380096949,0.25330649798734906,5,0,0,0.0,0.0,0,0,0.0,0.0,0.7991896497577702,0.5261384199269206,14.376619588894437,1.6278885109238685e-08,0.0001942858873129162,0.4535644516915918,55,deadline,deadline_s=0.25,1.0,0.1,0.72,poisson,single,12000,0.25,18.0,70.0,ber,perfect,True,False
kalman_predictive,synthetic-20260831-v5-slots120-dt0.100000,controlled_synthetic_motion,20260831,5,12.0,3507,2641,6,829,0,37,2.641,0.7530652979754776,0.0,0.023333333333333334,199.6592199924271,200.0,300.00000000000006,300.00000000000006,0.23638437410892502,0.010550327915597377,0.2469347020245224,0.7593444508338125,8,0,0,0.0,0.0,0,0,0.0,0.0,0.6004290450777107,0.8498447648559948,13.672651864811332,1.8248229287908812e-07,0.002088388665974547,0.38677738626199765,119,deadline,deadline_s=0.25,1.0,0.1,0.72,poisson,single,12000,0.25,18.0,70.0,ber,perfect,True,False
link_lifetime,synthetic-20260831-v5-slots120-dt0.100000,controlled_synthetic_motion,20260831,5,12.0,3507,2641,6,829,0,37,2.641,0.7530652979754776,0.0,0.023333333333333334,199.6592199924271,200.0,300.00000000000006,300.00000000000006,0.23638437410892502,0.010550327915597377,0.2469347020245224,0.7593444508338125,8,0,0,0.0,0.0,0,0,0.0,0.0,0.6004290450777107,0.8498447648559948,13.672651864811332,1.8248229287908812e-07,0.002088388665974547,0.38677738626199765,119,deadline,deadline_s=0.25,1.0,0.1,0.72,poisson,single,12000,0.25,18.0,70.0,ber,perfect,True,False
oracle,synthetic-20260831-v5-slots120-dt0.100000,controlled_synthetic_motion,20260831,5,12.0,3507,2641,6,829,0,37,2.641,0.7530652979754776,0.0,0.023333333333333334,199.6592199924271,200.0,300.00000000000006,300.00000000000006,0.23638437410892502,0.010550327915597377,0.2469347020245224,0.7593444508338125,8,0,0,0.0,0.0,0,0,0.0,0.0,0.6004290450777107,0.8498447648559948,13.672651864811332,1.8248229287908812e-07,0.002088388665974547,0.38677738626199765,119,deadline,deadline_s=0.25,1.0,0.1,0.72,poisson,single,12000,0.25,18.0,70.0,ber,perfect,True,False
reactive_greedy,synthetic-20260831-v5-slots120-dt0.100000,controlled_synthetic_motion,20260831,5,12.0,3507,3052,2,394,0,61,3.052,0.8702594810379242,0.0,0.023333333333333334,200.6880733944954,200.0,400.0,500.0,0.11234673510122611,0.017393783860849728,0.12974051896207583,0.8775158136860265,17,0,0,0.0,0.0,0,0,0.0,0.0,0.5656426882818065,0.6326049158926896,13.583652426343262,1.5548764808167766e-07,0.001712092630000665,0.3763648689984867,119,deadline,deadline_s=0.5,1.0,0.1,0.72,poisson,single,12000,0.5,18.0,70.0,ber,perfect,True,False
proportional_fair,synthetic-20260831-v5-slots120-dt0.100000,controlled_synthetic_motion,20260831,5,12.0,3507,1127,0,2297,0,83,1.127,0.3213572854291417,0.0,0.023333333333333334,335.40372670807454,300.00000000000006,600.0000000000001,600.0000000000001,0.6549757627601939,0.023666951810664385,0.6786427145708582,0.324036802760207,11,0,0,0.0,0.0,0,0,0.0,0.0,0.7865866535375774,0.629485758003649,14.4804787381764,1.555854064222972e-08,0.000185646076820434,0.46348401666670896,45,deadline,deadline_s=0.5,1.0,0.1,0.72,poisson,single,12000,0.5,18.0,70.0,ber,perfect,True,False
kalman_predictive,synthetic-20260831-v5-slots120-dt0.100000,controlled_synthetic_motion,20260831,5,12.0,3507,3276,17,174,0,57,3.276,0.9341317365269461,0.0,0.023333333333333334,292.06349206349205,300.00000000000006,500.0,600.0000000000001,0.04961505560307956,0.016253207869974338,0.0658682634730539,0.9419206440483037,17,0,0,0.0,0.0,0,0,0.0,0.0,0.6412012228747115,0.9088285917508359,13.66687681618612,7.491773631824858e-07,0.007835842288222976,0.3900981133501551,118,deadline,deadline_s=0.5,1.0,0.1,0.72,poisson,single,12000,0.5,18.0,70.0,ber,perfect,True,False
link_lifetime,synthetic-20260831-v5-slots120-dt0.100000,controlled_synthetic_motion,20260831,5,12.0,3507,3276,17,174,0,57,3.276,0.9341317365269461,0.0,0.023333333333333334,292.06349206349205,300.00000000000006,500.0,600.0000000000001,0.04961505560307956,0.016253207869974338,0.0658682634730539,0.9419206440483037,17,0,0,0.0,0.0,0,0,0.0,0.0,0.6412012228747115,0.9088285917508359,13.66687681618612,7.491773631824858e-07,0.007835842288222976,0.3900981133501551,118,deadline,deadline_s=0.5,1.0,0.1,0.72,poisson,single,12000,0.5,18.0,70.0,ber,perfect,True,False
oracle,synthetic-20260831-v5-slots120-dt0.100000,controlled_synthetic_motion,20260831,5,12.0,3507,3276,17,174,0,57,3.276,0.9341317365269461,0.0,0.023333333333333334,292.06349206349205,300.00000000000006,500.0,600.0000000000001,0.04961505560307956,0.016253207869974338,0.0658682634730539,0.9419206440483037,17,0,0,0.0,0.0,0,0,0.0,0.0,0.6412012228747115,0.9088285917508359,13.66687681618612,7.491773631824858e-07,0.007835842288222976,0.3900981133501551,118,deadline,deadline_s=0.5,1.0,0.1,0.72,poisson,single,12000,0.5,18.0,70.0,ber,perfect,True,False
reactive_greedy,synthetic-20260831-v5-slots120-dt0.100000,controlled_synthetic_motion,20260831,5,12.0,3507,3159,3,280,0,68,3.159,0.9007698887938409,0.0,0.023333333333333334,218.32858499525167,200.0,400.0,842.0000000000073,0.07984031936127745,0.019389791844881665,0.09923011120615911,0.9082806210465785,34,0,0,0.0,0.0,0,0,0.0,0.0,0.5987288993603999,0.8078612428848013,13.63643219579216,1.4438945149594068e-07,0.0016332133721431053,0.38184104957588505,118,deadline,deadline_s=1,1.0,0.1,0.72,poisson,single,12000,1.0,18.0,70.0,ber,perfect,True,False
proportional_fair,synthetic-20260831-v5-slots120-dt0.100000,controlled_synthetic_motion,20260831,5,12.0,3507,1198,0,2108,0,201,1.198,0.34160250926717994,0.0,0.023333333333333334,693.5726210350584,800.0,1100.0,1100.0,0.6010835471913316,0.05731394354148845,0.6583974907328201,0.34445083381253594,19,0,0,0.0,0.0,0,0,0.0,0.0,0.7777197355586865,0.6486537226244325,14.500307015419661,1.5548651644443115e-08,0.00018552740229589836,0.4657680926853089,45,deadline,deadline_s=1,1.0,0.1,0.72,poisson,single,12000,1.0,18.0,70.0,ber,perfect,True,False
kalman_predictive,synthetic-20260831-v5-slots120-dt0.100000,controlled_synthetic_motion,20260831,5,12.0,3507,3301,35,143,0,63,3.301,0.9412603364699174,0.0,0.023333333333333334,321.0239321417752,300.00000000000006,600.0000000000001,800.0,0.04077559167379527,0.017964071856287425,0.05873966353008269,0.9491086831512363,34,0,0,0.0,0.0,0,0,0.0,0.0,0.646933070521374,0.9272159916678895,13.645358658304259,1.430497246403579e-06,0.01357895406240844,0.389884117125429,119,deadline,deadline_s=1,1.0,0.1,0.72,poisson,single,12000,1.0,18.0,70.0,ber,perfect,True,False
link_lifetime,synthetic-20260831-v5-slots120-dt0.100000,controlled_synthetic_motion,20260831,5,12.0,3507,3307,35,135,0,65,3.307,0.9429712004562304,0.0,0.023333333333333334,322.28605987299665,300.00000000000006,600.0000000000001,800.0,0.03849443969204448,0.01853435985172512,0.057028799543769604,0.9508338125359402,25,0,0,0.0,0.0,0,0,0.0,0.0,0.6499070415194738,0.9280125701810334,13.665245454093128,1.4304966592475638e-06,0.013578947016539477,0.3920925555559573,119,deadline,deadline_s=1,1.0,0.1,0.72,poisson,single,12000,1.0,18.0,70.0,ber,perfect,True,False
oracle,synthetic-20260831-v5-slots120-dt0.100000,controlled_synthetic_motion,20260831,5,12.0,3507,3307,35,135,0,65,3.307,0.9429712004562304,0.0,0.023333333333333334,322.28605987299665,300.00000000000006,600.0000000000001,800.0,0.03849443969204448,0.01853435985172512,0.057028799543769604,0.9508338125359402,25,0,0,0.0,0.0,0,0,0.0,0.0,0.6499070415194738,0.9280125701810334,13.665245454093128,1.4304966592475638e-06,0.013578947016539477,0.3920925555559573,119,deadline,deadline_s=1,1.0,0.1,0.72,poisson,single,12000,1.0,18.0,70.0,ber,perfect,True,False
reactive_greedy,synthetic-20260831-v5-slots120-dt0.100000,controlled_synthetic_motion,20260831,5,12.0,3507,564,2731,2687,0,256,0.564,0.16082121471343028,0.15,0.7033333333333334,446.09929078014187,300.00000000000006,1100.0,1437.0000000000007,0.7661819218705447,0.0729968634160251,0.8391787852865698,0.0,33,0,0,0.0,0.0,0,0,0.0,0.0,0.27060715106040883,0.3919335342721801,8.901380459124889,0.00043418665961371844,0.7258557503030985,0.49956448287029737,6,reference_snr,snr_offset_db=-6,1.0,0.1,0.72,poisson,single,12000,1.2,12.0,70.0,ber,perfect,True,False
proportional_fair,synthetic-20260831-v5-slots120-dt0.100000,controlled_synthetic_motion,20260831,5,12.0,3507,460,2378,2790,0,257,0.46,0.1311662389506701,0.15,0.7033333333333334,642.6086956521739,700.0000000000001,1400.0000000000002,1600.0,0.795551753635586,0.07328200741374394,0.86883376104933,0.0,33,0,0,0.0,0.0,0,0,0.0,0.0,0.29411764705882354,0.36832622828099754,8.980704761454847,0.0004266094535043464,0.6820902986002877,0.5106220981951791,10,reference_snr,snr_offset_db=-6,1.0,0.1,0.72,poisson,single,12000,1.2,12.0,70.0,ber,perfect,True,False
kalman_predictive,synthetic-20260831-v5-slots120-dt0.100000,controlled_synthetic_motion,20260831,5,12.0,3507,589,3544,2660,0,258,0.589,0.1679498146564015,0.15,0.7033333333333334,572.4957555178269,500.0,1300.0,1600.0,0.7584830339321357,0.07356715141146279,0.8320501853435985,0.0,33,0,0,0.0,0.0,0,0,0.0,0.0,0.2563130538860218,0.39974602431743156,8.722005737256467,0.0008243561856705984,0.7729704333203099,0.4822202180312256,24,reference_snr,snr_offset_db=-6,1.0,0.1,0.72,poisson,single,12000,1.2,12.0,70.0,ber,perfect,True,False
link_lifetime,synthetic-20260831-v5-slots120-dt0.100000,controlled_synthetic_motion,20260831,5,12.0,3507,589,3544,2660,0,258,0.589,0.1679498146564015,0.15,0.7033333333333334,572.4957555178269,500.0,1300.0,1600.0,0.7584830339321357,0.07356715141146279,0.8320501853435985,0.0,33,0,0,0.0,0.0,0,0,0.0,0.0,0.2563130538860218,0.39974602431743156,8.799821142602012,0.00047025668396580284,0.7729702784302834,0.4878399441924213,20,reference_snr,snr_offset_db=-6,1.0,0.1,0.72,poisson,single,12000,1.2,12.0,70.0,ber,perfect,True,False
oracle,synthetic-20260831-v5-slots120-dt0.100000,controlled_synthetic_motion,20260831,5,12.0,3507,589,3544,2660,0,258,0.589,0.1679498146564015,0.15,0.7033333333333334,572.4957555178269,500.0,1300.0,1600.0,0.7584830339321357,0.07356715141146279,0.8320501853435985,0.0,33,0,0,0.0,0.0,0,0,0.0,0.0,0.2563130538860218,0.39974602431743156,8.799821142602012,0.00047025668396580284,0.7729702784302834,0.4878399441924213,20,reference_snr,snr_offset_db=-6,1.0,0.1,0.72,poisson,single,12000,1.2,12.0,70.0,ber,perfect,True,False
reactive_greedy,synthetic-20260831-v5-slots120-dt0.100000,controlled_synthetic_motion,20260831,5,12.0,3507,2741,590,690,0,76,2.741,0.7815796977473625,0.0,0.19,333.3454943451295,200.0,1000.0,1400.0000000000002,0.19674935842600513,0.021670943826632448,0.2184203022526376,0.8387392900856793,33,0,0,0.0,0.0,0,0,0.0,0.0,0.5590840883020376,0.7747703499642403,10.894976276655331,1.4255215705428198e-05,0.1321272964750053,0.39976843997677824,99,reference_snr,snr_offset_db=-3,1.0,0.1,0.72,poisson,single,12000,1.2,15.0,70.0,ber,perfect,True,False
proportional_fair,synthetic-20260831-v5-slots120-dt0.100000,controlled_synthetic_motion,20260831,5,12.0,3507,1098,15,2152,0,257,1.098,0.31308810949529514,0.0,0.19,641.0746812386157,700.0000000000001,1400.0000000000002,1600.0,0.6136298830909609,0.07328200741374394,0.6869118905047049,0.33598531211750304,24,0,0,0.0,0.0,0,0,0.0,0.0,0.40362376337066236,0.460109475888484,11.71169903131006,2.023842716681082e-06,0.023346538682234522,0.48150147051131414,30,reference_snr,snr_offset_db=-3,1.0,0.1,0.72,poisson,single,12000,1.2,15.0,70.0,ber,perfect,True,False
kalman_predictive,synthetic-20260831-v5-slots120-dt0.100000,controlled_synthetic_motion,20260831,5,12.0,3507,2817,1165,612,0,78,2.817,0.8032506415739948,0.0,0.19,478.38125665601706,400.0,1000.0,1400.0000000000002,0.174508126603935,0.022241231822070145,0.19674935842600513,0.8619951040391677,37,0,0,0.0,0.0,0,0,0.0,0.0,0.5777170045453734,0.7903408351020356,10.626208552607489,4.2211418470454563e-05,0.24782055872082637,0.3814186282801904,104,reference_snr,snr_offset_db=-3,1.0,0.1,0.72,poisson,single,12000,1.2,15.0,70.0,ber,perfect,True,False
link_lifetime,synthetic-20260831-v5-slots120-dt0.100000,controlled_synthetic_motion,20260831,5,12.0,3507,2824,1148,605,0,78,2.824,0.8052466495580268,0.0,0.19,470.6444759206799,400.0,1000.0,1400.0000000000002,0.17251211861990304,0.022241231822070145,0.1947533504419732,0.8641370869033048,37,0,0,0.0,0.0,0,0,0.0,0.0,0.578741018601772,0.7907292386036359,10.627351511334039,4.2307095398648914e-05,0.24874114873477401,0.3817365468374971,104,reference_snr,snr_offset_db=-3,1.0,0.1,0.72,poisson,single,12000,1.2,15.0,70.0,ber,perfect,True,False
oracle,synthetic-20260831-v5-slots120-dt0.100000,controlled_synthetic_motion,20260831,5,12.0,3507,2824,1148,605,0,78,2.824,0.8052466495580268,0.0,0.19,470.6444759206799,400.0,1000.0,1400.0000000000002,0.17251211861990304,0.022241231822070145,0.1947533504419732,0.8641370869033048,37,0,0,0.0,0.0,0,0,0.0,0.0,0.578741018601772,0.7907292386036359,10.627351511334039,4.2307095398648914e-05,0.24874114873477401,0.3817365468374971,104,reference_snr,snr_offset_db=-3,1.0,0.1,0.72,poisson,single,12000,1.2,15.0,70.0,ber,perfect,True,False
reactive_greedy,synthetic-20260831-v5-slots120-dt0.100000,controlled_synthetic_motion,20260831,5,12.0,3507,3222,3,222,0,63,3.222,0.9187339606501284,0.0,0.023333333333333334,235.53693358162633,200.0,500.0,1000.0,0.06330196749358426,0.017964071856287425,0.08126603934987169,0.926394479585969,29,0,0,0.0,0.0,0,0,0.0,0.0,0.6193447927778295,0.8608185619619731,13.670925235073929,1.3537333365590043e-07,0.001539344123244166,0.38506983338616246,118,reference_snr,snr_offset_db=0,1.0,0.1,0.72,poisson,single,12000,1.2,18.0,70.0,ber,perfect,True,False
proportional_fair,synthetic-20260831-v5-slots120-dt0.100000,controlled_synthetic_motion,20260831,5,12.0,3507,1198,0,2066,0,243,1.198,0.34160250926717994,0.0,0.023333333333333334,887.8964941569283,1000.0,1500.0,1700.0000000000002,0.58910749928714,0.06928999144568007,0.6583974907328201,0.34445083381253594,23,0,0,0.0,0.0,0,0,0.0,0.0,0.7777197355586865,0.6486537226244325,14.500307015419661,1.5548651644443115e-08,0.00018552740229589836,0.4657680926853089,45,reference_snr,snr_offset_db=0,1.0,0.1,0.72,poisson,single,12000,1.2,18.0,70.0,ber,perfect,True,False
kalman_predictive,synthetic-20260831-v5-slots120-dt0.100000,controlled_synthetic_motion,20260831,5,12.0,3507,3297,21,134,0,76,3.297,0.9401197604790419,0.0,0.023333333333333334,295.84470730967547,300.00000000000006,600.0000000000001,700.0000000000001,0.038209295694325636,0.021670943826632448,0.059880239520958084,0.9479585968947671,35,0,0,0.0,0.0,0,0,0.0,0.0,0.6526649020436064,0.928558183127918,13.690995227822091,9.403141800615936e-07,0.009556142411702839,0.3924912192622564,118,reference_snr,snr_offset_db=0,1.0,0.1,0.72,poisson,single,12000,1.2,18.0,70.0,ber,perfect,True,False
link_lifetime,synthetic-20260831-v5-slots120-dt0.100000,controlled_synthetic_motion,20260831,5,12.0,3507,3311,69,131,0,65,3.311,0.9441117764471058,0.0,0.023333333333333334,299.36575052854124,300.00000000000006,600.0000000000001,700.0000000000001,0.03735386370116909,0.01853435985172512,0.05588822355289421,0.9519838987924094,26,0,0,0.0,0.0,0,0,0.0,0.0,0.6512367605567286,0.9289564475963117,13.594591684060429,1.6336094157504656e-05,0.026222452236837692,0.3876839829845543,118,reference_snr,snr_offset_db=0,1.0,0.1,0.72,poisson,single,12000,1.2,18.0,70.0,ber,perfect,True,False
oracle,synthetic-20260831-v5-slots120-dt0.100000,controlled_synthetic_motion,20260831,5,12.0,3507,3311,69,131,0,65,3.311,0.9441117764471058,0.0,0.023333333333333334,299.36575052854124,300.00000000000006,600.0000000000001,700.0000000000001,0.03735386370116909,0.01853435985172512,0.05588822355289421,0.9519838987924094,26,0,0,0.0,0.0,0,0,0.0,0.0,0.6512367605567286,0.9289564475963117,13.594591684060429,1.6336094157504656e-05,0.026222452236837692,0.3876839829845543,118,reference_snr,snr_offset_db=0,1.0,0.1,0.72,poisson,single,12000,1.2,18.0,70.0,ber,perfect,True,False
reactive_greedy,synthetic-20260831-v5-slots120-dt0.100000,controlled_synthetic_motion,20260831,5,12.0,3507,3391,1,57,0,59,3.391,0.9669232962646136,0.0,0.006666666666666667,265.93925095841934,200.0,600.0000000000001,1109.999999999991,0.016253207869974338,0.016823495865412035,0.03307670373538637,0.9694110920526015,6,0,0,0.0,0.0,0,0,0.0,0.0,0.6768397337700846,0.9830162331911502,16.406794154742094,2.1422023427167615e-08,0.0002550602410375317,0.37094698504826695,119,reference_snr,snr_offset_db=3,1.0,0.1,0.72,poisson,single,12000,1.2,21.0,70.0,ber,perfect,True,False
proportional_fair,synthetic-20260831-v5-slots120-dt0.100000,controlled_synthetic_motion,20260831,5,12.0,3507,1297,0,1972,0,238,1.297,0.3698317650413459,0.0,0.006666666666666667,818.5042405551272,900.0,1500.0,1600.0,0.5623039635015683,0.06786427145708583,0.6301682349586541,0.3707833047455689,2,0,0,0.0,0.0,0,0,0.0,0.0,0.9195539460198155,0.8066482058262942,17.210119343007626,1.4262323505073536e-09,1.7102458987714284e-05,0.4470426600658752,59,reference_snr,snr_offset_db=3,1.0,0.1,0.72,poisson,single,12000,1.2,21.0,70.0,ber,perfect,True,False
kalman_predictive,synthetic-20260831-v5-slots120-dt0.100000,controlled_synthetic_motion,20260831,5,12.0,3507,3437,1,7,0,63,3.437,0.9800399201596807,0.0,0.006666666666666667,350.82921152167586,300.00000000000006,600.0000000000001,700.0000000000001,0.001996007984031936,0.017964071856287425,0.01996007984031936,0.9825614636935391,15,0,0,0.0,0.0,0,0,0.0,0.0,0.6973328850903014,0.9973277803231273,16.15093819117791,8.095640210295814e-08,0.000958431608296051,0.3620275536734999,119,reference_snr,snr_offset_db=3,1.0,0.1,0.72,poisson,single,12000,1.2,21.0,70.0,ber,perfect,True,False
link_lifetime,synthetic-20260831-v5-slots120-dt0.100000,controlled_synthetic_motion,20260831,5,12.0,3507,3439,0,0,0,68,3.439,0.9806102081551183,0.0,0.006666666666666667,354.9869148008142,400.0,600.0000000000001,700.0000000000001,0.0,0.019389791844881665,0.019389791844881665,0.9831332189822756,8,0,0,0.0,0.0,0,0,0.0,0.0,0.7055798321232833,0.9992301758794175,16.14831598717005,8.438723877345145e-08,0.000998068247313417,0.3615046793277721,119,reference_snr,snr_offset_db=3,1.0,0.1,0.72,poisson,single,12000,1.2,21.0,70.0,ber,perfect,True,False
oracle,synthetic-20260831-v5-slots120-dt0.100000,controlled_synthetic_motion,20260831,5,12.0,3507,3439,0,0,0,68,3.439,0.9806102081551183,0.0,0.006666666666666667,354.9869148008142,400.0,600.0000000000001,700.0000000000001,0.0,0.019389791844881665,0.019389791844881665,0.9831332189822756,8,0,0,0.0,0.0,0,0,0.0,0.0,0.7055798321232833,0.9992301758794175,16.14831598717005,8.438723877345145e-08,0.000998068247313417,0.3615046793277721,119,reference_snr,snr_offset_db=3,1.0,0.1,0.72,poisson,single,12000,1.2,21.0,70.0,ber,perfect,True,False
reactive_greedy,synthetic-20260831-v5-slots120-dt0.100000,controlled_synthetic_motion,20260831,5,12.0,3507,3372,0,62,0,73,3.372,0.9615055603079555,0.0,0.006666666666666667,263.70106761565836,200.0,600.0000000000001,1100.0,0.017678927858568578,0.020815511833475905,0.03849443969204448,0.9639794168096055,17,0,0,0.0,0.0,0,0,0.0,0.0,0.6759467393359181,0.9777881729176744,19.385777169104138,6.097968302334291e-14,7.31756170597861e-10,0.3685860325362845,119,reference_snr,snr_offset_db=6,1.0,0.1,0.72,poisson,single,12000,1.2,24.0,70.0,ber,perfect,True,False
proportional_fair,synthetic-20260831-v5-slots120-dt0.100000,controlled_synthetic_motion,20260831,5,12.0,3507,1101,0,2132,0,274,1.101,0.31394354148845166,0.0,0.006666666666666667,779.3823796548592,900.0,1500.0,1600.0,0.607927003136584,0.07812945537496435,0.6860564585115483,0.31475128644939965,2,0,0,0.0,0.0,0,0,0.0,0.0,0.9917904494634829,0.7063117220827447,19.955546375858493,4.69992225960735e-13,5.63990580871208e-09,0.43351910910497854,55,reference_snr,snr_offset_db=6,1.0,0.1,0.72,poisson,single,12000,1.2,24.0,70.0,ber,perfect,True,False
kalman_predictive,synthetic-20260831-v5-slots120-dt0.100000,controlled_synthetic_motion,20260831,5,12.0,3507,3438,0,7,0,62,3.438,0.9803250641573995,0.0,0.006666666666666667,350.9889470622455,300.00000000000006,600.0000000000001,700.0000000000001,0.001996007984031936,0.017678927858568578,0.019674935842600515,0.9828473413379074,15,0,0,0.0,0.0,0,0,0.0,0.0,0.6976367979346845,0.9972954590525327,19.15130277549999,3.7502411076969735e-13,4.500288836977995e-09,0.3620460953376573,119,reference_snr,snr_offset_db=6,1.0,0.1,0.72,poisson,single,12000,1.2,24.0,70.0,ber,perfect,True,False
link_lifetime,synthetic-20260831-v5-slots120-dt0.100000,controlled_synthetic_motion,20260831,5,12.0,3507,3438,0,0,0,69,3.438,0.9803250641573995,0.0,0.006666666666666667,356.5154159394997,400.0,600.0000000000001,700.0000000000001,0.0,0.019674935842600515,0.019674935842600515,0.9828473413379074,8,0,0,0.0,0.0,0,0,0.0,0.0,0.7052741118023392,0.9992532639075521,19.149267094658843,3.891484283109022e-13,4.669780622435308e-09,0.361589912546041,119,reference_snr,snr_offset_db=6,1.0,0.1,0.72,poisson,single,12000,1.2,24.0,70.0,ber,perfect,True,False
oracle,synthetic-20260831-v5-slots120-dt0.100000,controlled_synthetic_motion,20260831,5,12.0,3507,3438,0,0,0,69,3.438,0.9803250641573995,0.0,0.006666666666666667,356.5154159394997,400.0,600.0000000000001,700.0000000000001,0.0,0.019674935842600515,0.019674935842600515,0.9828473413379074,8,0,0,0.0,0.0,0,0,0.0,0.0,0.7052741118023392,0.9992532639075521,19.149267094658843,3.891484283109022e-13,4.669780622435308e-09,0.361589912546041,119,reference_snr,snr_offset_db=6,1.0,0.1,0.72,poisson,single,12000,1.2,24.0,70.0,ber,perfect,True,False
reactive_greedy,synthetic-20260831-v5-slots120-dt0.100000,controlled_synthetic_motion,20260831,5,12.0,3507,3188,3,242,0,77,3.188,0.9090390647276875,0.0,0.05333333333333334,231.68130489335007,200.0,500.0,1000.0,0.06900484744796122,0.021956087824351298,0.09096093527231251,0.9248621990136351,29,0,0,0.0,0.0,0,0,0.0,0.0,0.6146344944450123,0.8436147272142969,13.65091210502083,1.353737893913892e-07,0.0015393495920680406,0.38281951904886363,118,field_of_view,fov_deg=50,1.0,0.1,0.72,poisson,single,12000,1.2,18.0,50.0,ber,perfect,True,False
proportional_fair,synthetic-20260831-v5-slots120-dt0.100000,controlled_synthetic_motion,20260831,5,12.0,3507,1504,0,1809,0,194,1.504,0.42885657256914744,0.0,0.05333333333333334,800.2659574468086,900.0,1500.0,1600.0,0.5158254918733961,0.05531793555745652,0.5711434274308526,0.436321438932405,21,0,0,0.0,0.0,0,0,0.0,0.0,0.727240460260866,0.7629158078986209,14.227762512869553,1.556098223537357e-08,0.00018567536924697664,0.435456854143822,55,field_of_view,fov_deg=50,1.0,0.1,0.72,poisson,single,12000,1.2,18.0,50.0,ber,perfect,True,False
kalman_predictive,synthetic-20260831-v5-slots120-dt0.100000,controlled_synthetic_motion,20260831,5,12.0,3507,3269,21,162,0,76,3.269,0.9321357285429142,0.0,0.05333333333333334,285.1942490058122,300.00000000000006,600.0000000000001,700.0000000000001,0.046193327630453376,0.021670943826632448,0.06786427145708583,0.9483608935306064,30,0,0,0.0,0.0,0,0,0.0,0.0,0.6416163550805671,0.9219081342113873,13.611166952503352,9.403194084165232e-07,0.009556205151813563,0.38314400668021426,118,field_of_view,fov_deg=50,1.0,0.1,0.72,poisson,single,12000,1.2,18.0,50.0,ber,perfect,True,False
link_lifetime,synthetic-20260831-v5-slots120-dt0.100000,controlled_synthetic_motion,20260831,5,12.0,3507,3277,102,162,0,68,3.277,0.934416880524665,0.0,0.05333333333333334,288.8922795239548,300.00000000000006,600.0000000000001,700.0000000000001,0.046193327630453376,0.019389791844881665,0.06558311947533504,0.9506817522483318,30,0,0,0.0,0.0,0,0,0.0,0.0,0.6389698753117504,0.9217666878532508,13.455991196657598,2.218637733933514e-05,0.03455461170859097,0.3748518825461096,118,field_of_view,fov_deg=50,1.0,0.1,0.72,poisson,single,12000,1.2,18.0,50.0,ber,perfect,True,False
oracle,synthetic-20260831-v5-slots120-dt0.100000,controlled_synthetic_motion,20260831,5,12.0,3507,3277,102,162,0,68,3.277,0.934416880524665,0.0,0.05333333333333334,288.8922795239548,300.00000000000006,600.0000000000001,700.0000000000001,0.046193327630453376,0.019389791844881665,0.06558311947533504,0.9506817522483318,30,0,0,0.0,0.0,0,0,0.0,0.0,0.6389698753117504,0.9217666878532508,13.455991196657598,2.218637733933514e-05,0.03455461170859097,0.3748518825461096,118,field_of_view,fov_deg=50,1.0,0.1,0.72,poisson,single,12000,1.2,18.0,50.0,ber,perfect,True,False
reactive_greedy,synthetic-20260831-v5-slots120-dt0.100000,controlled_synthetic_motion,20260831,5,12.0,3507,3222,3,222,0,63,3.222,0.9187339606501284,0.0,0.023333333333333334,235.53693358162633,200.0,500.0,1000.0,0.06330196749358426,0.017964071856287425,0.08126603934987169,0.926394479585969,29,0,0,0.0,0.0,0,0,0.0,0.0,0.6193447927778295,0.8608185619619731,13.670925235073929,1.3537333365590043e-07,0.001539344123244166,0.38506983338616246,118,field_of_view,fov_deg=70,1.0,0.1,0.72,poisson,single,12000,1.2,18.0,70.0,ber,perfect,True,False
proportional_fair,synthetic-20260831-v5-slots120-dt0.100000,controlled_synthetic_motion,20260831,5,12.0,3507,1198,0,2066,0,243,1.198,0.34160250926717994,0.0,0.023333333333333334,887.8964941569283,1000.0,1500.0,1700.0000000000002,0.58910749928714,0.06928999144568007,0.6583974907328201,0.34445083381253594,23,0,0,0.0,0.0,0,0,0.0,0.0,0.7777197355586865,0.6486537226244325,14.500307015419661,1.5548651644443115e-08,0.00018552740229589836,0.4657680926853089,45,field_of_view,fov_deg=70,1.0,0.1,0.72,poisson,single,12000,1.2,18.0,70.0,ber,perfect,True,False
kalman_predictive,synthetic-20260831-v5-slots120-dt0.100000,controlled_synthetic_motion,20260831,5,12.0,3507,3297,21,134,0,76,3.297,0.9401197604790419,0.0,0.023333333333333334,295.84470730967547,300.00000000000006,600.0000000000001,700.0000000000001,0.038209295694325636,0.021670943826632448,0.059880239520958084,0.9479585968947671,35,0,0,0.0,0.0,0,0,0.0,0.0,0.6526649020436064,0.928558183127918,13.690995227822091,9.403141800615936e-07,0.009556142411702839,0.3924912192622564,118,field_of_view,fov_deg=70,1.0,0.1,0.72,poisson,single,12000,1.2,18.0,70.0,ber,perfect,True,False
link_lifetime,synthetic-20260831-v5-slots120-dt0.100000,controlled_synthetic_motion,20260831,5,12.0,3507,3311,69,131,0,65,3.311,0.9441117764471058,0.0,0.023333333333333334,299.36575052854124,300.00000000000006,600.0000000000001,700.0000000000001,0.03735386370116909,0.01853435985172512,0.05588822355289421,0.9519838987924094,26,0,0,0.0,0.0,0,0,0.0,0.0,0.6512367605567286,0.9289564475963117,13.594591684060429,1.6336094157504656e-05,0.026222452236837692,0.3876839829845543,118,field_of_view,fov_deg=70,1.0,0.1,0.72,poisson,single,12000,1.2,18.0,70.0,ber,perfect,True,False
oracle,synthetic-20260831-v5-slots120-dt0.100000,controlled_synthetic_motion,20260831,5,12.0,3507,3311,69,131,0,65,3.311,0.9441117764471058,0.0,0.023333333333333334,299.36575052854124,300.00000000000006,600.0000000000001,700.0000000000001,0.03735386370116909,0.01853435985172512,0.05588822355289421,0.9519838987924094,26,0,0,0.0,0.0,0,0,0.0,0.0,0.6512367605567286,0.9289564475963117,13.594591684060429,1.6336094157504656e-05,0.026222452236837692,0.3876839829845543,118,field_of_view,fov_deg=70,1.0,0.1,0.72,poisson,single,12000,1.2,18.0,70.0,ber,perfect,True,False
reactive_greedy,synthetic-20260831-v5-slots120-dt0.100000,controlled_synthetic_motion,20260831,5,12.0,3507,3222,3,222,0,63,3.222,0.9187339606501284,0.0,0.016666666666666666,235.53693358162633,200.0,500.0,1000.0,0.06330196749358426,0.017964071856287425,0.08126603934987169,0.9240034413535991,21,0,0,0.0,0.0,0,0,0.0,0.0,0.6193447927778295,0.8608185619619731,13.670925235073929,1.3537333365590043e-07,0.001539344123244166,0.38506983338616246,118,field_of_view,fov_deg=90,1.0,0.1,0.72,poisson,single,12000,1.2,18.0,90.0,ber,perfect,True,False
proportional_fair,synthetic-20260831-v5-slots120-dt0.100000,controlled_synthetic_motion,20260831,5,12.0,3507,1043,0,2105,0,359,1.043,0.29740518962075846,0.0,0.016666666666666666,862.4161073825503,1000.0,1500.0,1700.0000000000002,0.6002281151981751,0.10236669518106643,0.7025948103792415,0.2991109836535704,21,0,0,0.0,0.0,0,0,0.0,0.0,0.7994451609584385,0.5837727278123824,14.507947992978949,1.5547850911908e-08,0.0001855177935078325,0.46597677413893074,42,field_of_view,fov_deg=90,1.0,0.1,0.72,poisson,single,12000,1.2,18.0,90.0,ber,perfect,True,False
kalman_predictive,synthetic-20260831-v5-slots120-dt0.100000,controlled_synthetic_motion,20260831,5,12.0,3507,3301,21,131,0,75,3.301,0.9412603364699174,0.0,0.016666666666666666,298.93971523780675,300.00000000000006,600.0000000000001,700.0000000000001,0.03735386370116909,0.0213857998289136,0.05873966353008269,0.9466590192142242,21,0,0,0.0,0.0,0,0,0.0,0.0,0.6566070604866494,0.9284178075356468,13.70811232780116,9.40313624423036e-07,0.009556135744042233,0.3940986195846525,118,field_of_view,fov_deg=90,1.0,0.1,0.72,poisson,single,12000,1.2,18.0,90.0,ber,perfect,True,False
link_lifetime,synthetic-20260831-v5-slots120-dt0.100000,controlled_synthetic_motion,20260831,5,12.0,3507,3306,47,131,0,70,3.306,0.9426860564585116,0.0,0.016666666666666666,302.14761040532363,300.00000000000006,600.0000000000001,700.0000000000001,0.03735386370116909,0.01996007984031936,0.05731394354148845,0.9480929165471752,21,0,0,0.0,0.0,0,0,0.0,0.0,0.6563443226126857,0.9286960394928352,13.648654714184996,8.081460628721663e-06,0.017889175500202605,0.39036021403129156,118,field_of_view,fov_deg=90,1.0,0.1,0.72,poisson,single,12000,1.2,18.0,90.0,ber,perfect,True,False
oracle,synthetic-20260831-v5-slots120-dt0.100000,controlled_synthetic_motion,20260831,5,12.0,3507,3306,47,131,0,70,3.306,0.9426860564585116,0.0,0.016666666666666666,302.14761040532363,300.00000000000006,600.0000000000001,700.0000000000001,0.03735386370116909,0.01996007984031936,0.05731394354148845,0.9480929165471752,21,0,0,0.0,0.0,0,0,0.0,0.0,0.6563443226126857,0.9286960394928352,13.648654714184996,8.081460628721663e-06,0.017889175500202605,0.39036021403129156,118,field_of_view,fov_deg=90,1.0,0.1,0.72,poisson,single,12000,1.2,18.0,90.0,ber,perfect,True,False
reactive_greedy,synthetic-20260831-v5-slots120-dt0.100000,controlled_synthetic_motion,20260831,5,12.0,3507,3222,3,222,0,63,3.222,0.9187339606501284,0.0,0.023333333333333334,235.53693358162633,200.0,500.0,1000.0,0.06330196749358426,0.017964071856287425,0.08126603934987169,0.926394479585969,29,0,0,0.0,0.0,0,0,0.0,0.0,0.6193447927778295,0.8608185619619731,13.670925235073929,1.3537333365590043e-07,0.001539344123244166,0.38506983338616246,118,outage_definition,outage=ber,1.0,0.1,0.72,poisson,single,12000,1.2,18.0,70.0,ber,perfect,True,False
proportional_fair,synthetic-20260831-v5-slots120-dt0.100000,controlled_synthetic_motion,20260831,5,12.0,3507,1198,0,2066,0,243,1.198,0.34160250926717994,0.0,0.023333333333333334,887.8964941569283,1000.0,1500.0,1700.0000000000002,0.58910749928714,0.06928999144568007,0.6583974907328201,0.34445083381253594,23,0,0,0.0,0.0,0,0,0.0,0.0,0.7777197355586865,0.6486537226244325,14.500307015419661,1.5548651644443115e-08,0.00018552740229589836,0.4657680926853089,45,outage_definition,outage=ber,1.0,0.1,0.72,poisson,single,12000,1.2,18.0,70.0,ber,perfect,True,False
kalman_predictive,synthetic-20260831-v5-slots120-dt0.100000,controlled_synthetic_motion,20260831,5,12.0,3507,3297,21,134,0,76,3.297,0.9401197604790419,0.0,0.023333333333333334,295.84470730967547,300.00000000000006,600.0000000000001,700.0000000000001,0.038209295694325636,0.021670943826632448,0.059880239520958084,0.9479585968947671,35,0,0,0.0,0.0,0,0,0.0,0.0,0.6526649020436064,0.928558183127918,13.690995227822091,9.403141800615936e-07,0.009556142411702839,0.3924912192622564,118,outage_definition,outage=ber,1.0,0.1,0.72,poisson,single,12000,1.2,18.0,70.0,ber,perfect,True,False
link_lifetime,synthetic-20260831-v5-slots120-dt0.100000,controlled_synthetic_motion,20260831,5,12.0,3507,3311,69,131,0,65,3.311,0.9441117764471058,0.0,0.023333333333333334,299.36575052854124,300.00000000000006,600.0000000000001,700.0000000000001,0.03735386370116909,0.01853435985172512,0.05588822355289421,0.9519838987924094,26,0,0,0.0,0.0,0,0,0.0,0.0,0.6512367605567286,0.9289564475963117,13.594591684060429,1.6336094157504656e-05,0.026222452236837692,0.3876839829845543,118,outage_definition,outage=ber,1.0,0.1,0.72,poisson,single,12000,1.2,18.0,70.0,ber,perfect,True,False
oracle,synthetic-20260831-v5-slots120-dt0.100000,controlled_synthetic_motion,20260831,5,12.0,3507,3311,69,131,0,65,3.311,0.9441117764471058,0.0,0.023333333333333334,299.36575052854124,300.00000000000006,600.0000000000001,700.0000000000001,0.03735386370116909,0.01853435985172512,0.05588822355289421,0.9519838987924094,26,0,0,0.0,0.0,0,0,0.0,0.0,0.6512367605567286,0.9289564475963117,13.594591684060429,1.6336094157504656e-05,0.026222452236837692,0.3876839829845543,118,outage_definition,outage=ber,1.0,0.1,0.72,poisson,single,12000,1.2,18.0,70.0,ber,perfect,True,False
reactive_greedy,synthetic-20260831-v5-slots120-dt0.100000,controlled_synthetic_motion,20260831,5,12.0,3507,3196,1,248,0,63,3.196,0.9113202167094383,0.0,0.165,231.19524405506883,200.0,500.0,1000.0,0.07071571143427431,0.017964071856287425,0.08867978329056174,0.9702489374620522,28,0,0,0.0,0.0,0,0,0.0,0.0,0.6097299723740416,0.8224215252987485,13.685623393090845,3.650950435036986e-08,0.0004343151351462203,0.3857741283843788,118,outage_definition,outage=per,1.0,0.1,0.72,poisson,single,12000,1.2,18.0,70.0,per,perfect,True,False
proportional_fair,synthetic-20260831-v5-slots120-dt0.100000,controlled_synthetic_motion,20260831,5,12.0,3507,1198,0,2066,0,243,1.198,0.34160250926717994,0.0,0.165,887.8964941569283,1000.0,1500.0,1700.0000000000002,0.58910749928714,0.06928999144568007,0.6583974907328201,0.3636915604128719,22,0,0,0.0,0.0,0,0,0.0,0.0,0.7777197355586865,0.6486537226244325,14.500307015419661,1.5548651644443115e-08,0.00018552740229589836,0.4657680926853089,45,outage_definition,outage=per,1.0,0.1,0.72,poisson,single,12000,1.2,18.0,70.0,per,perfect,True,False
kalman_predictive,synthetic-20260831-v5-slots120-dt0.100000,controlled_synthetic_motion,20260831,5,12.0,3507,3231,1,202,0,74,3.231,0.9213002566295979,0.0,0.165,272.5781491798205,300.00000000000006,500.0,600.0000000000001,0.0575990875392073,0.021100655831194755,0.07869974337040206,0.9808743169398907,31,0,0,0.0,0.0,0,0,0.0,0.0,0.6265410386993796,0.8409902834154179,13.810313196473931,4.451938331086787e-08,0.0005290760627895828,0.3989692160702977,119,outage_definition,outage=per,1.0,0.1,0.72,poisson,single,12000,1.2,18.0,70.0,per,perfect,True,False
link_lifetime,synthetic-20260831-v5-slots120-dt0.100000,controlled_synthetic_motion,20260831,5,12.0,3507,3239,1,196,0,72,3.239,0.9235814086113487,0.0,0.165,288.5149737573325,300.00000000000006,500.0,700.0000000000001,0.05588822355289421,0.020530367835757058,0.07641859138865127,0.9833029751062538,24,0,0,0.0,0.0,0,0,0.0,0.0,0.6310348135804151,0.848604455322547,13.825050459364345,8.102241173628151e-08,0.0009555191982663967,0.40076683478470115,117,outage_definition,outage=per,1.0,0.1,0.72,poisson,single,12000,1.2,18.0,70.0,per,perfect,True,False
oracle,synthetic-20260831-v5-slots120-dt0.100000,controlled_synthetic_motion,20260831,5,12.0,3507,3239,1,196,0,72,3.239,0.9235814086113487,0.0,0.165,288.5149737573325,300.00000000000006,500.0,700.0000000000001,0.05588822355289421,0.020530367835757058,0.07641859138865127,0.9833029751062538,24,0,0,0.0,0.0,0,0,0.0,0.0,0.6310348135804151,0.848604455322547,13.825050459364345,8.102241173628151e-08,0.0009555191982663967,0.40076683478470115,117,outage_definition,outage=per,1.0,0.1,0.72,poisson,single,12000,1.2,18.0,70.0,per,perfect,True,False
reactive_greedy,synthetic-20260831-v5-slots120-dt0.100000,controlled_synthetic_motion,20260831,5,12.0,3507,3222,3,222,0,63,3.222,0.9187339606501284,0.0,0.08833333333333333,235.53693358162633,200.0,500.0,1000.0,0.06330196749358426,0.017964071856287425,0.08126603934987169,0.948204826368452,38,0,0,0.0,0.0,0,0,0.0,0.0,0.6193447927778295,0.8608185619619731,13.670925235073929,1.3537333365590043e-07,0.001539344123244166,0.38506983338616246,118,outage_definition,outage=goodput,1.0,0.1,0.72,poisson,single,12000,1.2,18.0,70.0,goodput,perfect,True,False
proportional_fair,synthetic-20260831-v5-slots120-dt0.100000,controlled_synthetic_motion,20260831,5,12.0,3507,1198,0,2066,0,243,1.198,0.34160250926717994,0.0,0.08833333333333333,887.8964941569283,1000.0,1500.0,1700.0000000000002,0.58910749928714,0.06928999144568007,0.6583974907328201,0.35256032960565037,32,0,0,0.0,0.0,0,0,0.0,0.0,0.7777197355586865,0.6486537226244325,14.500307015419661,1.5548651644443115e-08,0.00018552740229589836,0.4657680926853089,45,outage_definition,outage=goodput,1.0,0.1,0.72,poisson,single,12000,1.2,18.0,70.0,goodput,perfect,True,False
kalman_predictive,synthetic-20260831-v5-slots120-dt0.100000,controlled_synthetic_motion,20260831,5,12.0,3507,3297,21,134,0,76,3.297,0.9401197604790419,0.0,0.08833333333333333,295.84470730967547,300.00000000000006,600.0000000000001,700.0000000000001,0.038209295694325636,0.021670943826632448,0.059880239520958084,0.9702766333137139,44,0,0,0.0,0.0,0,0,0.0,0.0,0.6526649020436064,0.928558183127918,13.690995227822091,9.403141800615936e-07,0.009556142411702839,0.3924912192622564,118,outage_definition,outage=goodput,1.0,0.1,0.72,poisson,single,12000,1.2,18.0,70.0,goodput,perfect,True,False
link_lifetime,synthetic-20260831-v5-slots120-dt0.100000,controlled_synthetic_motion,20260831,5,12.0,3507,3304,45,127,0,76,3.304,0.9421157684630739,0.0,0.08833333333333333,296.2772397094431,300.00000000000006,600.0000000000001,700.0000000000001,0.036213287710293696,0.021670943826632448,0.05788423153692615,0.972336668628605,40,0,0,0.0,0.0,0,0,0.0,0.0,0.6551625090399499,0.9354120634538263,13.663595478131464,2.1475348767843763e-06,0.0164245298488735,0.3916640005801841,118,outage_definition,outage=goodput,1.0,0.1,0.72,poisson,single,12000,1.2,18.0,70.0,goodput,perfect,True,False
oracle,synthetic-20260831-v5-slots120-dt0.100000,controlled_synthetic_motion,20260831,5,12.0,3507,3304,45,127,0,76,3.304,0.9421157684630739,0.0,0.08833333333333333,296.2772397094431,300.00000000000006,600.0000000000001,700.0000000000001,0.036213287710293696,0.021670943826632448,0.05788423153692615,0.972336668628605,40,0,0,0.0,0.0,0,0,0.0,0.0,0.6551625090399499,0.9354120634538263,13.663595478131464,2.1475348767843763e-06,0.0164245298488735,0.3916640005801841,118,outage_definition,outage=goodput,1.0,0.1,0.72,poisson,single,12000,1.2,18.0,70.0,goodput,perfect,True,False
reactive_greedy,synthetic-20260831-v5-slots120-dt0.100000,controlled_synthetic_motion,20260831,5,12.0,3507,3222,3,222,0,63,3.222,0.9187339606501284,0.0,0.023333333333333334,235.53693358162633,200.0,500.0,1000.0,0.06330196749358426,0.017964071856287425,0.08126603934987169,0.926394479585969,29,0,0,0.0,0.0,0,0,0.0,0.0,0.6193447927778295,0.8608185619619731,13.670925235073929,1.3537333365590043e-07,0.001539344123244166,0.38506983338616246,118,sensing_uncertainty,perfect,1.0,0.1,0.72,poisson,single,12000,1.2,18.0,70.0,ber,perfect,True,False
proportional_fair,synthetic-20260831-v5-slots120-dt0.100000,controlled_synthetic_motion,20260831,5,12.0,3507,1198,0,2066,0,243,1.198,0.34160250926717994,0.0,0.023333333333333334,887.8964941569283,1000.0,1500.0,1700.0000000000002,0.58910749928714,0.06928999144568007,0.6583974907328201,0.34445083381253594,23,0,0,0.0,0.0,0,0,0.0,0.0,0.7777197355586865,0.6486537226244325,14.500307015419661,1.5548651644443115e-08,0.00018552740229589836,0.4657680926853089,45,sensing_uncertainty,perfect,1.0,0.1,0.72,poisson,single,12000,1.2,18.0,70.0,ber,perfect,True,False
kalman_predictive,synthetic-20260831-v5-slots120-dt0.100000,controlled_synthetic_motion,20260831,5,12.0,3507,3297,21,134,0,76,3.297,0.9401197604790419,0.0,0.023333333333333334,295.84470730967547,300.00000000000006,600.0000000000001,700.0000000000001,0.038209295694325636,0.021670943826632448,0.059880239520958084,0.9479585968947671,35,0,0,0.0,0.0,0,0,0.0,0.0,0.6526649020436064,0.928558183127918,13.690995227822091,9.403141800615936e-07,0.009556142411702839,0.3924912192622564,118,sensing_uncertainty,perfect,1.0,0.1,0.72,poisson,single,12000,1.2,18.0,70.0,ber,perfect,True,False
link_lifetime,synthetic-20260831-v5-slots120-dt0.100000,controlled_synthetic_motion,20260831,5,12.0,3507,3311,69,131,0,65,3.311,0.9441117764471058,0.0,0.023333333333333334,299.36575052854124,300.00000000000006,600.0000000000001,700.0000000000001,0.03735386370116909,0.01853435985172512,0.05588822355289421,0.9519838987924094,26,0,0,0.0,0.0,0,0,0.0,0.0,0.6512367605567286,0.9289564475963117,13.594591684060429,1.6336094157504656e-05,0.026222452236837692,0.3876839829845543,118,sensing_uncertainty,perfect,1.0,0.1,0.72,poisson,single,12000,1.2,18.0,70.0,ber,perfect,True,False
oracle,synthetic-20260831-v5-slots120-dt0.100000,controlled_synthetic_motion,20260831,5,12.0,3507,3311,69,131,0,65,3.311,0.9441117764471058,0.0,0.023333333333333334,299.36575052854124,300.00000000000006,600.0000000000001,700.0000000000001,0.03735386370116909,0.01853435985172512,0.05588822355289421,0.9519838987924094,26,0,0,0.0,0.0,0,0,0.0,0.0,0.6512367605567286,0.9289564475963117,13.594591684060429,1.6336094157504656e-05,0.026222452236837692,0.3876839829845543,118,sensing_uncertainty,perfect,1.0,0.1,0.72,poisson,single,12000,1.2,18.0,70.0,ber,perfect,True,False
reactive_greedy,synthetic-20260831-v5-slots120-dt0.100000,controlled_synthetic_motion,20260831,5,12.0,3507,3222,3,222,0,63,3.222,0.9187339606501284,0.0,0.023333333333333334,235.53693358162633,200.0,500.0,1000.0,0.06330196749358426,0.017964071856287425,0.08126603934987169,0.926394479585969,29,0,0,0.0,0.0,0,0,0.0,0.0,0.6193447927778295,0.8608185619619731,13.670925235073929,1.3537333365590043e-07,0.001539344123244166,0.38506983338616246,118,sensing_uncertainty,cartesian_0.75m,1.0,0.1,0.72,poisson,single,12000,1.2,18.0,70.0,ber,cartesian_iid,False,False
proportional_fair,synthetic-20260831-v5-slots120-dt0.100000,controlled_synthetic_motion,20260831,5,12.0,3507,1198,0,2066,0,243,1.198,0.34160250926717994,0.0,0.023333333333333334,887.8964941569283,1000.0,1500.0,1700.0000000000002,0.58910749928714,0.06928999144568007,0.6583974907328201,0.34445083381253594,23,0,0,0.0,0.0,0,0,0.0,0.0,0.7777197355586865,0.6486537226244325,14.500307015419661,1.5548651644443115e-08,0.00018552740229589836,0.4657680926853089,45,sensing_uncertainty,cartesian_0.75m,1.0,0.1,0.72,poisson,single,12000,1.2,18.0,70.0,ber,cartesian_iid,False,False
kalman_predictive,synthetic-20260831-v5-slots120-dt0.100000,controlled_synthetic_motion,20260831,5,12.0,3507,3294,16,137,0,76,3.294,0.9392643284858854,0.0,0.023333333333333334,297.632058287796,300.00000000000006,600.0000000000001,700.0000000000001,0.039064727687482176,0.021670943826632448,0.06073567151411463,0.9470960322024152,35,0,0,0.0,0.0,0,0,0.0,0.0,0.651589785164167,0.9255080462004854,13.692653770103199,8.687548137266763e-07,0.008989590855976825,0.3925811226968207,117,sensing_uncertainty,cartesian_0.75m,1.0,0.1,0.72,poisson,single,12000,1.2,18.0,70.0,ber,cartesian_iid,False,False
link_lifetime,synthetic-20260831-v5-slots120-dt0.100000,controlled_synthetic_motion,20260831,5,12.0,3507,3322,176,127,0,58,3.322,0.9472483604220131,0.0,0.023333333333333334,299.8494882600843,300.00000000000006,600.0000000000001,800.0,0.036213287710293696,0.016538351867693184,0.052751639577986884,0.9551466359976998,27,0,0,0.0,0.0,0,0,0.0,0.0,0.6540118040776753,0.9345206411357309,13.393030320456344,2.200928494114236e-05,0.055212057522088194,0.3741008148412217,113,sensing_uncertainty,cartesian_0.75m,1.0,0.1,0.72,poisson,single,12000,1.2,18.0,70.0,ber,cartesian_iid,False,False
oracle,synthetic-20260831-v5-slots120-dt0.100000,controlled_synthetic_motion,20260831,5,12.0,3507,3311,69,131,0,65,3.311,0.9441117764471058,0.0,0.023333333333333334,299.36575052854124,300.00000000000006,600.0000000000001,700.0000000000001,0.03735386370116909,0.01853435985172512,0.05588822355289421,0.9519838987924094,26,0,0,0.0,0.0,0,0,0.0,0.0,0.6512367605567286,0.9289564475963117,13.594591684060429,1.6336094157504656e-05,0.026222452236837692,0.3876839829845543,118,sensing_uncertainty,cartesian_0.75m,1.0,0.1,0.72,poisson,single,12000,1.2,18.0,70.0,ber,cartesian_iid,False,False
reactive_greedy,synthetic-20260831-v5-slots120-dt0.100000,controlled_synthetic_motion,20260831,5,12.0,3507,3222,3,222,0,63,3.222,0.9187339606501284,0.0,0.023333333333333334,235.53693358162633,200.0,500.0,1000.0,0.06330196749358426,0.017964071856287425,0.08126603934987169,0.926394479585969,29,0,0,0.0,0.0,0,0,0.0,0.0,0.6193447927778295,0.8608185619619731,13.670925235073929,1.3537333365590043e-07,0.001539344123244166,0.38506983338616246,118,sensing_uncertainty,range_bearing_exact_R,1.0,0.1,0.72,poisson,single,12000,1.2,18.0,70.0,ber,range_bearing_assumed,False,False
proportional_fair,synthetic-20260831-v5-slots120-dt0.100000,controlled_synthetic_motion,20260831,5,12.0,3507,1198,0,2066,0,243,1.198,0.34160250926717994,0.0,0.023333333333333334,887.8964941569283,1000.0,1500.0,1700.0000000000002,0.58910749928714,0.06928999144568007,0.6583974907328201,0.34445083381253594,23,0,0,0.0,0.0,0,0,0.0,0.0,0.7777197355586865,0.6486537226244325,14.500307015419661,1.5548651644443115e-08,0.00018552740229589836,0.4657680926853089,45,sensing_uncertainty,range_bearing_exact_R,1.0,0.1,0.72,poisson,single,12000,1.2,18.0,70.0,ber,range_bearing_assumed,False,False
kalman_predictive,synthetic-20260831-v5-slots120-dt0.100000,controlled_synthetic_motion,20260831,5,12.0,3507,3306,44,130,0,71,3.306,0.9426860564585116,0.0,0.023333333333333334,323.5329703569268,300.00000000000006,600.0000000000001,800.0,0.03706871970345024,0.020245223838038208,0.05731394354148845,0.9505462909718229,33,0,0,0.0,0.0,0,0,0.0,0.0,0.6496698342840941,0.9309575170199623,13.655350333832269,1.694661261092998e-06,0.015179384924860156,0.39123017967095913,117,sensing_uncertainty,range_bearing_exact_R,1.0,0.1,0.72,poisson,single,12000,1.2,18.0,70.0,ber,range_bearing_assumed,False,False
link_lifetime,synthetic-20260831-v5-slots120-dt0.100000,controlled_synthetic_motion,20260831,5,12.0,3507,3332,100,114,0,61,3.332,0.9500998003992016,0.0,0.023333333333333334,352.79111644657866,300.00000000000006,700.0000000000001,800.0,0.032506415739948676,0.017393783860849728,0.0499001996007984,0.9580218516388729,27,0,0,0.0,0.0,0,0,0.0,0.0,0.6575327797345166,0.9447887814243461,13.48293356528476,1.3104428095346668e-05,0.03837259353915834,0.3809592124606934,117,sensing_uncertainty,range_bearing_exact_R,1.0,0.1,0.72,poisson,single,12000,1.2,18.0,70.0,ber,range_bearing_assumed,False,False
oracle,synthetic-20260831-v5-slots120-dt0.100000,controlled_synthetic_motion,20260831,5,12.0,3507,3311,69,131,0,65,3.311,0.9441117764471058,0.0,0.023333333333333334,299.36575052854124,300.00000000000006,600.0000000000001,700.0000000000001,0.03735386370116909,0.01853435985172512,0.05588822355289421,0.9519838987924094,26,0,0,0.0,0.0,0,0,0.0,0.0,0.6512367605567286,0.9289564475963117,13.594591684060429,1.6336094157504656e-05,0.026222452236837692,0.3876839829845543,118,sensing_uncertainty,range_bearing_exact_R,1.0,0.1,0.72,poisson,single,12000,1.2,18.0,70.0,ber,range_bearing_assumed,False,False
reactive_greedy,synthetic-20260831-v5-slots120-dt0.100000,controlled_synthetic_motion,20260831,5,12.0,3507,3222,3,222,0,63,3.222,0.9187339606501284,0.0,0.023333333333333334,235.53693358162633,200.0,500.0,1000.0,0.06330196749358426,0.017964071856287425,0.08126603934987169,0.926394479585969,29,0,0,0.0,0.0,0,0,0.0,0.0,0.6193447927778295,0.8608185619619731,13.670925235073929,1.3537333365590043e-07,0.001539344123244166,0.38506983338616246,118,sensing_uncertainty,range_bearing_covariance_R,1.0,0.1,0.72,poisson,single,12000,1.2,18.0,70.0,ber,range_bearing_assumed,True,False
proportional_fair,synthetic-20260831-v5-slots120-dt0.100000,controlled_synthetic_motion,20260831,5,12.0,3507,1198,0,2066,0,243,1.198,0.34160250926717994,0.0,0.023333333333333334,887.8964941569283,1000.0,1500.0,1700.0000000000002,0.58910749928714,0.06928999144568007,0.6583974907328201,0.34445083381253594,23,0,0,0.0,0.0,0,0,0.0,0.0,0.7777197355586865,0.6486537226244325,14.500307015419661,1.5548651644443115e-08,0.00018552740229589836,0.4657680926853089,45,sensing_uncertainty,range_bearing_covariance_R,1.0,0.1,0.72,poisson,single,12000,1.2,18.0,70.0,ber,range_bearing_assumed,True,False
kalman_predictive,synthetic-20260831-v5-slots120-dt0.100000,controlled_synthetic_motion,20260831,5,12.0,3507,3306,44,130,0,71,3.306,0.9426860564585116,0.0,0.023333333333333334,323.5329703569268,300.00000000000006,600.0000000000001,800.0,0.03706871970345024,0.020245223838038208,0.05731394354148845,0.9505462909718229,33,0,0,0.0,0.0,0,0,0.0,0.0,0.6496698342840941,0.9309575170199623,13.655350333832269,1.694661261092998e-06,0.015179384924860156,0.39123017967095913,117,sensing_uncertainty,range_bearing_covariance_R,1.0,0.1,0.72,poisson,single,12000,1.2,18.0,70.0,ber,range_bearing_assumed,True,False
link_lifetime,synthetic-20260831-v5-slots120-dt0.100000,controlled_synthetic_motion,20260831,5,12.0,3507,3332,100,114,0,61,3.332,0.9500998003992016,0.0,0.023333333333333334,352.79111644657866,300.00000000000006,700.0000000000001,800.0,0.032506415739948676,0.017393783860849728,0.0499001996007984,0.9580218516388729,27,0,0,0.0,0.0,0,0,0.0,0.0,0.6575327797345166,0.9447887814243461,13.48293356528476,1.3104428095346668e-05,0.03837259353915834,0.3809592124606934,117,sensing_uncertainty,range_bearing_covariance_R,1.0,0.1,0.72,poisson,single,12000,1.2,18.0,70.0,ber,range_bearing_assumed,True,False
oracle,synthetic-20260831-v5-slots120-dt0.100000,controlled_synthetic_motion,20260831,5,12.0,3507,3311,69,131,0,65,3.311,0.9441117764471058,0.0,0.023333333333333334,299.36575052854124,300.00000000000006,600.0000000000001,700.0000000000001,0.03735386370116909,0.01853435985172512,0.05588822355289421,0.9519838987924094,26,0,0,0.0,0.0,0,0,0.0,0.0,0.6512367605567286,0.9289564475963117,13.594591684060429,1.6336094157504656e-05,0.026222452236837692,0.3876839829845543,118,sensing_uncertainty,range_bearing_covariance_R,1.0,0.1,0.72,poisson,single,12000,1.2,18.0,70.0,ber,range_bearing_assumed,True,False
