scheduler,scenario_id,source,seed,vehicles,duration_s,generated_packets,delivered_packets,failed_attempts,deadline_dropped_packets,overflow_dropped_packets,remaining_packets,goodput_mbps,packet_delivery_ratio,scheduled_outage_fraction,availability_outage_fraction,mean_latency_ms,p50_latency_ms,p95_latency_ms,p99_latency_ms,deadline_miss_ratio,censored_packet_ratio,deadline_or_censored_ratio,delivered_before_expiry_ratio,undelivered_packets_at_disconnect,urgent_generated_packets,urgent_delivered_packets,urgent_packet_delivery_ratio,urgent_deadline_miss_ratio,bulk_generated_packets,bulk_delivered_packets,bulk_packet_delivery_ratio,bulk_deadline_miss_ratio,jain_fairness,demand_normalized_jain_fairness,mean_scheduled_snr_db,mean_scheduled_ber,mean_scheduled_per,mean_scheduled_relative_power,switch_count,ablation,channel_mode,traffic_model,history_noise_std_m,forecast_noise_std_m,ber_source
reactive_greedy,synthetic-20260827-v5-slots120-dt0.100000,controlled_synthetic_motion,20260827,5,12.0,3587,2802,327,610,0,175,2.802,0.7811541678282687,0.0,0.2,241.50606709493218,200.0,700.0000000000001,1000.0,0.1700585447449122,0.04878728742681907,0.21884583217173126,0.8629504157684016,4,0,0,0.0,0.0,0,0,0.0,0.0,0.5035101783242929,0.7796453120072867,11.762863169548151,7.77462839382546e-06,0.07801228266788594,0.2752991816577234,107,no_prediction,full,poisson,0.0,0.0,analytical
reactive_greedy,synthetic-20260828-v5-slots120-dt0.100000,controlled_synthetic_motion,20260828,5,12.0,3506,1622,287,1624,0,260,1.622,0.46263548203080435,0.0,0.025,274.5992601726264,200.0,900.0,1300.0,0.4632059326868226,0.07415858528237307,0.5373645179691957,0.4786072587784007,100,0,0,0.0,0.0,0,0,0.0,0.0,0.6698332599225495,0.7700148627258929,16.451540960014462,7.659610088770245e-06,0.06493553344162611,1.4265837850909222,111,no_prediction,full,poisson,0.0,0.0,analytical
reactive_greedy,synthetic-20260829-v5-slots120-dt0.100000,controlled_synthetic_motion,20260829,5,12.0,3487,2224,124,1073,0,190,2.224,0.6377975336965873,0.0,0.18666666666666668,234.3974820143885,200.0,600.0000000000001,1100.0,0.3077143676512762,0.05448809865213651,0.3622024663034127,0.7854560064282845,90,0,0,0.0,0.0,0,0,0.0,0.0,0.6021773060524823,0.7427078682484751,13.07132058220172,2.865956589317804e-06,0.027363915238337137,0.3933588618659398,110,no_prediction,full,poisson,0.0,0.0,analytical
reactive_greedy,synthetic-20260830-v5-slots120-dt0.100000,controlled_synthetic_motion,20260830,5,12.0,3597,2482,269,945,0,170,2.482,0.6900194606616625,0.0,0.2,269.5004029008864,200.0,794.9999999999818,1200.0000000000002,0.2627189324437031,0.04726160689463442,0.3099805393383375,0.8479672019132217,5,0,0,0.0,0.0,0,0,0.0,0.0,0.6490639115212268,0.7471647061931329,11.662417766221502,6.99568079749185e-06,0.06553375592090979,0.2402296702659383,119,no_prediction,full,poisson,0.0,0.0,analytical
reactive_greedy,synthetic-20260831-v5-slots120-dt0.100000,controlled_synthetic_motion,20260831,5,12.0,3507,3222,3,222,0,63,3.222,0.9187339606501284,0.0,0.023333333333333334,235.53693358162633,200.0,500.0,1000.0,0.06330196749358426,0.017964071856287425,0.08126603934987169,0.926394479585969,29,0,0,0.0,0.0,0,0,0.0,0.0,0.6193447927778295,0.8608185619619731,13.670925235073929,1.3537333365590043e-07,0.001539344123244166,0.38506983338616246,118,no_prediction,full,poisson,0.0,0.0,analytical
reactive_greedy,synthetic-20260832-v5-slots120-dt0.100000,controlled_synthetic_motion,20260832,5,12.0,3513,2183,87,1178,0,152,2.183,0.6214062055223456,0.0,0.265,199.58772331653688,100.0,500.0,1100.0,0.33532593225163676,0.043267862226017646,0.3785937944776544,0.8467804499612103,24,0,0,0.0,0.0,0,0,0.0,0.0,0.4382262348734355,0.6642384022533764,17.02200167441593,2.4759980232227928e-06,0.02381441966589304,2.120917331777976,94,no_prediction,full,poisson,0.0,0.0,analytical
reactive_greedy,synthetic-20260833-v5-slots120-dt0.100000,controlled_synthetic_motion,20260833,5,12.0,3568,1392,373,1931,0,245,1.392,0.3901345291479821,0.0,0.45166666666666666,266.16379310344826,200.0,900.0,1200.0000000000002,0.5411995515695067,0.06866591928251121,0.6098654708520179,0.7759197324414716,57,0,0,0.0,0.0,0,0,0.0,0.0,0.3932490684591218,0.4277764591583438,10.73177204187204,1.2721392987595312e-05,0.12184589965029731,0.19042283304810592,74,no_prediction,full,poisson,0.0,0.0,analytical
reactive_greedy,synthetic-20260834-v5-slots120-dt0.100000,controlled_synthetic_motion,20260834,5,12.0,3640,2745,52,801,0,94,2.745,0.7541208791208791,0.0,0.2966666666666667,209.39890710382514,200.0,500.0,900.0,0.22005494505494505,0.025824175824175823,0.24587912087912087,0.9854158454867954,24,0,0,0.0,0.0,0,0,0.0,0.0,0.5043546039524268,0.7306667044130073,13.195611945229926,1.5760588079370275e-06,0.016012026237972647,0.3780532563753157,115,no_prediction,full,poisson,0.0,0.0,analytical
reactive_greedy,synthetic-20260835-v5-slots120-dt0.100000,controlled_synthetic_motion,20260835,5,12.0,3492,2158,213,1184,0,150,2.158,0.6179839633447881,0.0,0.2,234.6153846153846,200.0,600.0000000000001,1000.0,0.33906071019473083,0.0429553264604811,0.3820160366552119,0.7685185185185185,3,0,0,0.0,0.0,0,0,0.0,0.0,0.5191351322428104,0.5998582694464543,13.843119091755266,5.495056956385919e-06,0.05079091077147928,0.5400595974702223,114,no_prediction,full,poisson,0.0,0.0,analytical
reactive_greedy,synthetic-20260836-v5-slots120-dt0.100000,controlled_synthetic_motion,20260836,5,12.0,3635,2502,567,1039,0,94,2.502,0.6883081155433287,0.0,0.4166666666666667,281.0951239008793,100.0,1000.0,1300.0,0.2858321870701513,0.025859697386519945,0.31169188445667123,0.7890255439924314,47,0,0,0.0,0.0,0,0,0.0,0.0,0.34117791326783375,0.4367622340123433,11.35796023473933,1.521146597764544e-05,0.13155547386598532,0.23255241720151695,57,no_prediction,full,poisson,0.0,0.0,analytical
reactive_greedy,synthetic-20260837-v5-slots120-dt0.100000,controlled_synthetic_motion,20260837,5,12.0,3554,1575,127,1631,0,348,1.575,0.44316263365222286,0.0,0.265,229.0793650793651,200.0,500.0,725.9999999999992,0.45891952729319074,0.09791783905458638,0.5568373663477771,0.6645569620253164,187,0,0,0.0,0.0,0,0,0.0,0.0,0.7251519000477954,0.6772587731410271,12.76148791563451,3.488368321279245e-06,0.03573183004811677,0.3203030358578026,81,no_prediction,full,poisson,0.0,0.0,analytical
reactive_greedy,synthetic-20260838-v5-slots120-dt0.100000,controlled_synthetic_motion,20260838,5,12.0,3618,2609,359,899,0,110,2.609,0.7211166390270868,0.0,0.27666666666666667,280.7589114603296,200.0,900.0,1300.0,0.24847982310668879,0.030403537866224434,0.2788833609729132,0.8799325463743676,27,0,0,0.0,0.0,0,0,0.0,0.0,0.4608796272002952,0.6232327548379086,12.263412634345555,9.004895184423527e-06,0.0812294230749922,0.35415945163793183,92,no_prediction,full,poisson,0.0,0.0,analytical
cv_predictive,synthetic-20260827-v5-slots120-dt0.100000,controlled_synthetic_motion,20260827,5,12.0,3587,2700,289,692,0,195,2.7,0.7527181488709228,0.0,0.2,543.3333333333334,500.0,1000.0,1200.0000000000002,0.1929188737106217,0.054362977418455534,0.24728185112907722,0.8315368032029565,4,0,0,0.0,0.0,0,0,0.0,0.0,0.5084295385705528,0.7708111236458027,13.57701465377489,5.286145224513712e-06,0.05389399215165003,0.46952317847313557,90,cv_predictor,full,poisson,0.0,0.0,analytical
cv_predictive,synthetic-20260828-v5-slots120-dt0.100000,controlled_synthetic_motion,20260828,5,12.0,3506,1640,2146,1580,0,286,1.64,0.4677695379349686,0.0,0.025,697.0121951219512,700.0000000000001,1300.0,1600.0,0.450656018254421,0.08157444381061038,0.5322304620650313,0.48391856004721157,100,0,0,0.0,0.0,0,0,0.0,0.0,0.8036165133393289,0.7963789065131004,12.044331283639924,0.00011081032147075406,0.4632871106032679,0.5670917877918519,95,cv_predictor,full,poisson,0.0,0.0,analytical
cv_predictive,synthetic-20260829-v5-slots120-dt0.100000,controlled_synthetic_motion,20260829,5,12.0,3487,2248,1211,1035,0,204,2.248,0.644680240894752,0.0,0.18666666666666668,428.02491103202846,400.0,1000.0,1300.0,0.2968167479208489,0.0585030111843992,0.35531975910524805,0.773804740859783,116,0,0,0.0,0.0,0,0,0.0,0.0,0.6397188707739788,0.790590459897067,11.612950301430391,8.99838200572915e-05,0.2613631419581837,0.28749024128455525,89,cv_predictor,full,poisson,0.0,0.0,analytical
cv_predictive,synthetic-20260830-v5-slots120-dt0.100000,controlled_synthetic_motion,20260830,5,12.0,3597,2635,573,778,0,184,2.635,0.7325549068668334,0.0,0.2,402.7703984819734,400.0,900.0,1300.0,0.2162913539060328,0.051153739227133725,0.2674450931331665,0.9002391527160916,5,0,0,0.0,0.0,0,0,0.0,0.0,0.6953108844222061,0.7850783850024958,11.586997147298076,1.486157801613624e-05,0.12149118744473507,0.23864079337703853,103,cv_predictor,full,poisson,0.0,0.0,analytical
cv_predictive,synthetic-20260831-v5-slots120-dt0.100000,controlled_synthetic_motion,20260831,5,12.0,3507,3292,21,139,0,76,3.292,0.9386940404904477,0.0,0.023333333333333334,292.4665856622114,300.00000000000006,600.0000000000001,700.0000000000001,0.039635015682919876,0.021670943826632448,0.061305959509552324,0.9465209890741806,37,0,0,0.0,0.0,0,0,0.0,0.0,0.6493182234865688,0.9280851547876738,13.670023158312093,9.403147241880086e-07,0.009556148941215186,0.39006338043128197,118,cv_predictor,full,poisson,0.0,0.0,analytical
cv_predictive,synthetic-20260832-v5-slots120-dt0.100000,controlled_synthetic_motion,20260832,5,12.0,3513,2257,627,1084,0,172,2.257,0.6424708226586963,0.0,0.265,318.29862649534783,300.00000000000006,800.0,1200.0000000000002,0.3085681753487048,0.04896100199259892,0.35752917734130374,0.8754848719937937,50,0,0,0.0,0.0,0,0,0.0,0.0,0.4695588410838833,0.7324921207500418,14.41606123305108,2.991178925064998e-05,0.14912336368235435,1.0093734171890083,87,cv_predictor,full,poisson,0.0,0.0,analytical
cv_predictive,synthetic-20260833-v5-slots120-dt0.100000,controlled_synthetic_motion,20260833,5,12.0,3568,1418,467,1903,0,247,1.418,0.39742152466367714,0.0,0.45166666666666666,318.47672778561355,200.0,1000.0,1300.0,0.5333520179372198,0.06922645739910314,0.6025784753363229,0.79041248606466,57,0,0,0.0,0.0,0,0,0.0,0.0,0.40255782432776027,0.4437045236720427,10.715033311562701,1.4676734198751662e-05,0.13291356841218996,0.18993086088238528,44,cv_predictor,full,poisson,0.0,0.0,analytical
cv_predictive,synthetic-20260834-v5-slots120-dt0.100000,controlled_synthetic_motion,20260834,5,12.0,3640,2639,761,817,0,184,2.639,0.725,0.0,0.2966666666666667,470.59492231906023,400.0,900.0,1200.0000000000002,0.22445054945054946,0.05054945054945055,0.275,0.9266850610957824,59,0,0,0.0,0.0,0,0,0.0,0.0,0.5107216911412864,0.7362863763692693,12.06830107422366,7.987169794462314e-05,0.2201243334828857,0.31453746485586287,97,cv_predictor,full,poisson,0.0,0.0,analytical
cv_predictive,synthetic-20260835-v5-slots120-dt0.100000,controlled_synthetic_motion,20260835,5,12.0,3492,2050,2406,1215,0,227,2.05,0.5870561282932417,0.0,0.2,577.0731707317074,600.0000000000001,1100.0,1200.0000000000002,0.3479381443298969,0.0650057273768614,0.4129438717067583,0.73005698005698,3,0,0,0.0,0.0,0,0,0.0,0.0,0.5238346315457515,0.6061871502642877,11.167723450933236,0.00024815372645626833,0.495204698372496,0.3153861382446829,93,cv_predictor,full,poisson,0.0,0.0,analytical
cv_predictive,synthetic-20260836-v5-slots120-dt0.100000,controlled_synthetic_motion,20260836,5,12.0,3635,2567,1541,974,0,94,2.567,0.7061898211829436,0.0,0.4166666666666667,438.2158161277756,400.0,1100.0,1400.0000000000002,0.26795048143053646,0.025859697386519945,0.2938101788170564,0.8095238095238095,47,0,0,0.0,0.0,0,0,0.0,0.0,0.3557905899319653,0.45165884340196716,10.829357928270808,7.810502970053435e-05,0.3281023593641644,0.2110523503935967,84,cv_predictor,full,poisson,0.0,0.0,analytical
cv_predictive,synthetic-20260837-v5-slots120-dt0.100000,controlled_synthetic_motion,20260837,5,12.0,3554,1564,126,1642,0,348,1.564,0.44006752954417555,0.0,0.265,276.27877237851663,200.0,784.9999999999909,1000.0,0.46201463140123805,0.09791783905458638,0.5599324704558244,0.659915611814346,187,0,0,0.0,0.0,0,0,0.0,0.0,0.723341790718168,0.6751536478664844,12.990294479787256,3.2518187219791205e-06,0.03202759185510053,0.334423449345929,71,cv_predictor,full,poisson,0.0,0.0,analytical
cv_predictive,synthetic-20260838-v5-slots120-dt0.100000,controlled_synthetic_motion,20260838,5,12.0,3618,2653,784,855,0,110,2.653,0.7332780541735766,0.0,0.27666666666666667,369.09159442140975,300.00000000000006,900.0,1200.0000000000002,0.236318407960199,0.030403537866224434,0.26672194582642345,0.8947723440134907,27,0,0,0.0,0.0,0,0,0.0,0.0,0.4772823610745214,0.6380632084554893,11.51494472971338,3.207981976186256e-05,0.17992894884102967,0.28489422419798094,97,cv_predictor,full,poisson,0.0,0.0,analytical
kalman_predictive,synthetic-20260827-v5-slots120-dt0.100000,controlled_synthetic_motion,20260827,5,12.0,3587,2670,245,691,0,226,2.67,0.7443546138834681,0.0,0.2,563.558052434457,600.0000000000001,1000.0,1200.0000000000002,0.19264008921103987,0.06300529690549206,0.2556453861165319,0.8222975053895903,4,0,0,0.0,0.0,0,0,0.0,0.0,0.5183527363867785,0.772818477217005,13.699361593911954,4.538296711179161e-06,0.04801251780913873,0.4824378580971843,89,kalman_predictor,full,poisson,0.0,0.0,analytical
kalman_predictive,synthetic-20260828-v5-slots120-dt0.100000,controlled_synthetic_motion,20260828,5,12.0,3506,1618,2122,1597,0,291,1.618,0.4614945807187678,0.0,0.025,701.9777503090235,700.0000000000001,1300.0,1600.0,0.4555048488305762,0.08300057045065602,0.5385054192812322,0.4774269696075539,100,0,0,0.0,0.0,0,0,0.0,0.0,0.7939093437169258,0.7927968677190801,12.105880893152165,0.0001099239049953467,0.45726820908206434,0.5717848999684646,96,kalman_predictor,full,poisson,0.0,0.0,analytical
kalman_predictive,synthetic-20260829-v5-slots120-dt0.100000,controlled_synthetic_motion,20260829,5,12.0,3487,2242,1229,1048,0,197,2.242,0.6429595640952108,0.0,0.18666666666666668,431.08831400535234,400.0,1000.0,1300.0,0.3005448809865214,0.056495554918267854,0.35704043590478923,0.7754118119726798,118,0,0,0.0,0.0,0,0,0.0,0.0,0.6311076290668666,0.7862674132534756,11.612419779498838,9.07991266269142e-05,0.26031476168721873,0.2878836805449725,91,kalman_predictor,full,poisson,0.0,0.0,analytical
kalman_predictive,synthetic-20260830-v5-slots120-dt0.100000,controlled_synthetic_motion,20260830,5,12.0,3597,2661,586,773,0,163,2.661,0.7397831526271893,0.0,0.2,397.33183013904545,400.0,900.0,1300.0,0.21490130664442592,0.045315540728384764,0.2602168473728107,0.9091219678852067,5,0,0,0.0,0.0,0,0,0.0,0.0,0.692592909573118,0.7842161197264937,11.55924537129467,1.5277956966385834e-05,0.12515712608944066,0.23727952188647303,101,kalman_predictor,full,poisson,0.0,0.0,analytical
kalman_predictive,synthetic-20260831-v5-slots120-dt0.100000,controlled_synthetic_motion,20260831,5,12.0,3507,3297,21,134,0,76,3.297,0.9401197604790419,0.0,0.023333333333333334,295.84470730967547,300.00000000000006,600.0000000000001,700.0000000000001,0.038209295694325636,0.021670943826632448,0.059880239520958084,0.9479585968947671,35,0,0,0.0,0.0,0,0,0.0,0.0,0.6526649020436064,0.928558183127918,13.690995227822091,9.403141800615936e-07,0.009556142411702839,0.3924912192622564,118,kalman_predictor,full,poisson,0.0,0.0,analytical
kalman_predictive,synthetic-20260832-v5-slots120-dt0.100000,controlled_synthetic_motion,20260832,5,12.0,3513,2286,626,1075,0,152,2.286,0.6507258753202391,0.0,0.265,314.08573928258966,300.00000000000006,800.0,1200.0000000000002,0.30600626245374324,0.043267862226017646,0.3492741246797609,0.8867339022498061,45,0,0,0.0,0.0,0,0,0.0,0.0,0.46716078342327977,0.7313551731879041,14.641811347169323,2.9770506673933994e-05,0.14767957576748902,1.1668367767449714,89,kalman_predictor,full,poisson,0.0,0.0,analytical
kalman_predictive,synthetic-20260833-v5-slots120-dt0.100000,controlled_synthetic_motion,20260833,5,12.0,3568,1411,452,1906,0,251,1.411,0.3954596412556054,0.0,0.45166666666666666,322.2537207654146,200.0,1000.0,1300.0,0.5341928251121076,0.07034753363228699,0.6045403587443946,0.7865105908584169,57,0,0,0.0,0.0,0,0,0.0,0.0,0.3994869268685182,0.44430901260582417,10.718432602107223,1.4576491994673474e-05,0.13186581383363266,0.19005953829134112,49,kalman_predictor,full,poisson,0.0,0.0,analytical
kalman_predictive,synthetic-20260834-v5-slots120-dt0.100000,controlled_synthetic_motion,20260834,5,12.0,3640,2638,764,818,0,184,2.638,0.7247252747252747,0.0,0.2966666666666667,465.65579984836995,400.0,900.0,1200.0000000000002,0.22472527472527473,0.05054945054945055,0.2752747252747253,0.9266850610957824,59,0,0,0.0,0.0,0,0,0.0,0.0,0.5104105041656246,0.7363225974480302,12.071551955797787,7.972161691667735e-05,0.21906129886417,0.31473638809592236,97,kalman_predictor,full,poisson,0.0,0.0,analytical
kalman_predictive,synthetic-20260835-v5-slots120-dt0.100000,controlled_synthetic_motion,20260835,5,12.0,3492,2036,2394,1206,0,250,2.036,0.5830469644902635,0.0,0.2,557.2200392927308,600.0000000000001,1000.0,1200.0000000000002,0.34536082474226804,0.0715922107674685,0.41695303550973656,0.7250712250712251,3,0,0,0.0,0.0,0,0,0.0,0.0,0.5334294166925105,0.6054003403103099,11.203117091209608,0.0002482460224594891,0.4949146703572482,0.32290262610385134,91,kalman_predictor,full,poisson,0.0,0.0,analytical
kalman_predictive,synthetic-20260836-v5-slots120-dt0.100000,controlled_synthetic_motion,20260836,5,12.0,3635,2559,1564,982,0,94,2.559,0.7039889958734525,0.0,0.4166666666666667,428.33137944509576,300.00000000000006,1100.0,1400.0000000000002,0.2701513067400275,0.025859697386519945,0.29601100412654746,0.8070009460737938,47,0,0,0.0,0.0,0,0,0.0,0.0,0.3526719209917819,0.43493119128286767,10.829262119529213,7.945238153763807e-05,0.33213589061766685,0.21117331231995987,83,kalman_predictor,full,poisson,0.0,0.0,analytical
kalman_predictive,synthetic-20260837-v5-slots120-dt0.100000,controlled_synthetic_motion,20260837,5,12.0,3554,1585,128,1621,0,348,1.585,0.44597636465953855,0.0,0.265,270.41009463722395,200.0,700.0000000000001,1000.0,0.45610579628587505,0.09791783905458638,0.5540236353404615,0.6687763713080169,187,0,0,0.0,0.0,0,0,0.0,0.0,0.7304646554518982,0.6819881336453406,12.962141241034281,3.271807534992891e-06,0.033021346464371305,0.3328091481398448,75,kalman_predictor,full,poisson,0.0,0.0,analytical
kalman_predictive,synthetic-20260838-v5-slots120-dt0.100000,controlled_synthetic_motion,20260838,5,12.0,3618,2653,784,855,0,110,2.653,0.7332780541735766,0.0,0.27666666666666667,369.09159442140975,300.00000000000006,900.0,1200.0000000000002,0.236318407960199,0.030403537866224434,0.26672194582642345,0.8947723440134907,27,0,0,0.0,0.0,0,0,0.0,0.0,0.4772823610745214,0.6380632084554893,11.51494472971338,3.207981976186256e-05,0.17992894884102967,0.28489422419798094,97,kalman_predictor,full,poisson,0.0,0.0,analytical
imm_predictive,synthetic-20260827-v5-slots120-dt0.100000,controlled_synthetic_motion,20260827,5,12.0,3587,2671,244,690,0,226,2.671,0.7446333983830499,0.0,0.2,562.9352302508424,600.0000000000001,1000.0,1200.0000000000002,0.19236130471145804,0.06300529690549206,0.2553666016169501,0.8226054819833692,4,0,0,0.0,0.0,0,0,0.0,0.0,0.5184592962519798,0.7729394278942606,13.699026787641625,4.543830789155307e-06,0.048074030068888704,0.4824240856628384,88,imm_predictor,full,poisson,0.0,0.0,analytical
imm_predictive,synthetic-20260828-v5-slots120-dt0.100000,controlled_synthetic_motion,20260828,5,12.0,3506,1640,2146,1580,0,286,1.64,0.4677695379349686,0.0,0.025,697.0121951219512,700.0000000000001,1300.0,1600.0,0.450656018254421,0.08157444381061038,0.5322304620650313,0.48391856004721157,100,0,0,0.0,0.0,0,0,0.0,0.0,0.8036165133393289,0.7963789065131004,12.044331283639924,0.00011081032147075406,0.4632871106032679,0.5670917877918519,95,imm_predictor,full,poisson,0.0,0.0,analytical
imm_predictive,synthetic-20260829-v5-slots120-dt0.100000,controlled_synthetic_motion,20260829,5,12.0,3487,2248,1211,1035,0,204,2.248,0.644680240894752,0.0,0.18666666666666668,428.02491103202846,400.0,1000.0,1300.0,0.2968167479208489,0.0585030111843992,0.35531975910524805,0.773804740859783,116,0,0,0.0,0.0,0,0,0.0,0.0,0.6397188707739788,0.790590459897067,11.612950301430391,8.99838200572915e-05,0.2613631419581837,0.28749024128455525,89,imm_predictor,full,poisson,0.0,0.0,analytical
imm_predictive,synthetic-20260830-v5-slots120-dt0.100000,controlled_synthetic_motion,20260830,5,12.0,3597,2671,568,775,0,151,2.671,0.7425632471504031,0.0,0.2,407.5627105952827,400.0,900.0,1400.0000000000002,0.21545732554906866,0.04197942730052822,0.2574367528495969,0.9125384352579433,5,0,0,0.0,0.0,0,0,0.0,0.0,0.689917573397971,0.785448973507393,11.58289067976567,1.4862599402447493e-05,0.1214930382998358,0.2383322284919504,102,imm_predictor,full,poisson,0.0,0.0,analytical
imm_predictive,synthetic-20260831-v5-slots120-dt0.100000,controlled_synthetic_motion,20260831,5,12.0,3507,3292,21,139,0,76,3.292,0.9386940404904477,0.0,0.023333333333333334,292.4665856622114,300.00000000000006,600.0000000000001,700.0000000000001,0.039635015682919876,0.021670943826632448,0.061305959509552324,0.9465209890741806,37,0,0,0.0,0.0,0,0,0.0,0.0,0.6493182234865688,0.9280851547876738,13.670023158312093,9.403147241880086e-07,0.009556148941215186,0.39006338043128197,118,imm_predictor,full,poisson,0.0,0.0,analytical
imm_predictive,synthetic-20260832-v5-slots120-dt0.100000,controlled_synthetic_motion,20260832,5,12.0,3513,2286,626,1075,0,152,2.286,0.6507258753202391,0.0,0.265,314.08573928258966,300.00000000000006,800.0,1200.0000000000002,0.30600626245374324,0.043267862226017646,0.3492741246797609,0.8867339022498061,45,0,0,0.0,0.0,0,0,0.0,0.0,0.46716078342327977,0.7313551731879041,14.641811347169323,2.9770506673933994e-05,0.14767957576748902,1.1668367767449714,89,imm_predictor,full,poisson,0.0,0.0,analytical
imm_predictive,synthetic-20260833-v5-slots120-dt0.100000,controlled_synthetic_motion,20260833,5,12.0,3568,1414,446,1900,0,254,1.414,0.3963004484304933,0.0,0.45166666666666666,314.78076379066476,200.0,1000.0,1286.999999999989,0.5325112107623319,0.07118834080717489,0.6036995515695067,0.7881828316610925,57,0,0,0.0,0.0,0,0,0.0,0.0,0.40002560937303056,0.4441622831524358,10.723280556944172,1.4613063716206528e-05,0.13221098211491056,0.1903322861426395,53,imm_predictor,full,poisson,0.0,0.0,analytical
imm_predictive,synthetic-20260834-v5-slots120-dt0.100000,controlled_synthetic_motion,20260834,5,12.0,3640,2639,765,817,0,184,2.639,0.725,0.0,0.2966666666666667,464.759378552482,400.0,900.0,1200.0000000000002,0.22445054945054946,0.05054945054945055,0.275,0.9266850610957824,59,0,0,0.0,0.0,0,0,0.0,0.0,0.5107216911412864,0.7362863763692693,12.071924535983266,7.978119059172082e-05,0.21925963945124385,0.31472140735757886,97,imm_predictor,full,poisson,0.0,0.0,analytical
imm_predictive,synthetic-20260835-v5-slots120-dt0.100000,controlled_synthetic_motion,20260835,5,12.0,3492,2050,2406,1215,0,227,2.05,0.5870561282932417,0.0,0.2,577.0731707317074,600.0000000000001,1100.0,1200.0000000000002,0.3479381443298969,0.0650057273768614,0.4129438717067583,0.73005698005698,3,0,0,0.0,0.0,0,0,0.0,0.0,0.5238346315457515,0.6061871502642877,11.167723450933236,0.00024815372645626833,0.495204698372496,0.3153861382446829,93,imm_predictor,full,poisson,0.0,0.0,analytical
imm_predictive,synthetic-20260836-v5-slots120-dt0.100000,controlled_synthetic_motion,20260836,5,12.0,3635,2559,1560,982,0,94,2.559,0.7039889958734525,0.0,0.4166666666666667,429.66002344665884,300.00000000000006,1100.0,1400.0000000000002,0.2701513067400275,0.025859697386519945,0.29601100412654746,0.8070009460737938,47,0,0,0.0,0.0,0,0,0.0,0.0,0.35153485927694245,0.43417703908170346,10.829370703973469,7.941706815650103e-05,0.33159399503684006,0.2111672720007401,85,imm_predictor,full,poisson,0.0,0.0,analytical
imm_predictive,synthetic-20260837-v5-slots120-dt0.100000,controlled_synthetic_motion,20260837,5,12.0,3554,1564,126,1642,0,348,1.564,0.44006752954417555,0.0,0.265,276.27877237851663,200.0,784.9999999999909,1000.0,0.46201463140123805,0.09791783905458638,0.5599324704558244,0.659915611814346,187,0,0,0.0,0.0,0,0,0.0,0.0,0.723341790718168,0.6751536478664844,12.990294479787256,3.2518187219791205e-06,0.03202759185510053,0.334423449345929,71,imm_predictor,full,poisson,0.0,0.0,analytical
imm_predictive,synthetic-20260838-v5-slots120-dt0.100000,controlled_synthetic_motion,20260838,5,12.0,3618,2653,784,855,0,110,2.653,0.7332780541735766,0.0,0.27666666666666667,369.09159442140975,300.00000000000006,900.0,1200.0000000000002,0.236318407960199,0.030403537866224434,0.26672194582642345,0.8947723440134907,27,0,0,0.0,0.0,0,0,0.0,0.0,0.4772823610745214,0.6380632084554893,11.51494472971338,3.207981976186256e-05,0.17992894884102967,0.28489422419798094,97,imm_predictor,full,poisson,0.0,0.0,analytical
predictive_utility,synthetic-20260827-v5-slots120-dt0.100000,controlled_synthetic_motion,20260827,5,12.0,3587,2691,296,701,0,195,2.691,0.7502090883746864,0.0,0.2,543.2181345224824,500.0,1000.0,1200.0000000000002,0.1954279342068581,0.054362977418455534,0.24979091162531364,0.8287650138589467,4,0,0,0.0,0.0,0,0,0.0,0.0,0.5070686955069528,0.7700967629827439,13.603744391532754,5.3445477398390334e-06,0.05451156343059866,0.4744658615896634,90,trajectory_predictive,full,poisson,0.0,0.0,analytical
predictive_utility,synthetic-20260828-v5-slots120-dt0.100000,controlled_synthetic_motion,20260828,5,12.0,3506,1640,2146,1580,0,286,1.64,0.4677695379349686,0.0,0.025,697.0121951219512,700.0000000000001,1300.0,1600.0,0.450656018254421,0.08157444381061038,0.5322304620650313,0.48391856004721157,100,0,0,0.0,0.0,0,0,0.0,0.0,0.8036165133393289,0.7963789065131004,12.044331283639924,0.00011081032147075406,0.4632871106032679,0.5670917877918519,95,trajectory_predictive,full,poisson,0.0,0.0,analytical
predictive_utility,synthetic-20260829-v5-slots120-dt0.100000,controlled_synthetic_motion,20260829,5,12.0,3487,2248,1211,1035,0,204,2.248,0.644680240894752,0.0,0.18666666666666668,428.02491103202846,400.0,1000.0,1300.0,0.2968167479208489,0.0585030111843992,0.35531975910524805,0.773804740859783,116,0,0,0.0,0.0,0,0,0.0,0.0,0.6397188707739788,0.790590459897067,11.612950301430391,8.99838200572915e-05,0.2613631419581837,0.28749024128455525,89,trajectory_predictive,full,poisson,0.0,0.0,analytical
predictive_utility,synthetic-20260830-v5-slots120-dt0.100000,controlled_synthetic_motion,20260830,5,12.0,3597,2658,620,759,0,180,2.658,0.7389491242702252,0.0,0.2,415.8765989465764,400.0,1000.0,1400.0000000000002,0.21100917431192662,0.05004170141784821,0.2610508757297748,0.9080970276733857,5,0,0,0.0,0.0,0,0,0.0,0.0,0.7050798944919656,0.7899879923556448,11.550833297051271,1.6044367004000586e-05,0.1300616386371585,0.2369080570522971,95,trajectory_predictive,full,poisson,0.0,0.0,analytical
predictive_utility,synthetic-20260831-v5-slots120-dt0.100000,controlled_synthetic_motion,20260831,5,12.0,3507,3292,21,139,0,76,3.292,0.9386940404904477,0.0,0.023333333333333334,292.4665856622114,300.00000000000006,600.0000000000001,700.0000000000001,0.039635015682919876,0.021670943826632448,0.061305959509552324,0.9465209890741806,37,0,0,0.0,0.0,0,0,0.0,0.0,0.6493182234865688,0.9280851547876738,13.670023158312093,9.403147241880086e-07,0.009556148941215186,0.39006338043128197,118,trajectory_predictive,full,poisson,0.0,0.0,analytical
predictive_utility,synthetic-20260832-v5-slots120-dt0.100000,controlled_synthetic_motion,20260832,5,12.0,3513,2257,627,1084,0,172,2.257,0.6424708226586963,0.0,0.265,318.29862649534783,300.00000000000006,800.0,1200.0000000000002,0.3085681753487048,0.04896100199259892,0.35752917734130374,0.8754848719937937,50,0,0,0.0,0.0,0,0,0.0,0.0,0.4695588410838833,0.7324921207500418,14.41606123305108,2.991178925064998e-05,0.14912336368235435,1.0093734171890083,87,trajectory_predictive,full,poisson,0.0,0.0,analytical
predictive_utility,synthetic-20260833-v5-slots120-dt0.100000,controlled_synthetic_motion,20260833,5,12.0,3568,1425,428,1898,0,245,1.425,0.3993834080717489,0.0,0.45166666666666666,325.82456140350877,200.0,1000.0,1275.999999999999,0.5319506726457399,0.06866591928251121,0.6006165919282511,0.794314381270903,57,0,0,0.0,0.0,0,0,0.0,0.0,0.4025427718731013,0.4434671762365439,10.73639281948123,1.4464263402977265e-05,0.13033183863902545,0.1908762625721704,48,trajectory_predictive,full,poisson,0.0,0.0,analytical
predictive_utility,synthetic-20260834-v5-slots120-dt0.100000,controlled_synthetic_motion,20260834,5,12.0,3640,2639,761,817,0,184,2.639,0.725,0.0,0.2966666666666667,470.59492231906023,400.0,900.0,1200.0000000000002,0.22445054945054946,0.05054945054945055,0.275,0.9266850610957824,59,0,0,0.0,0.0,0,0,0.0,0.0,0.5107216911412864,0.7362863763692693,12.06830107422366,7.987169794462314e-05,0.2201243334828857,0.31453746485586287,97,trajectory_predictive,full,poisson,0.0,0.0,analytical
predictive_utility,synthetic-20260835-v5-slots120-dt0.100000,controlled_synthetic_motion,20260835,5,12.0,3492,2050,2406,1215,0,227,2.05,0.5870561282932417,0.0,0.2,577.0731707317074,600.0000000000001,1100.0,1200.0000000000002,0.3479381443298969,0.0650057273768614,0.4129438717067583,0.73005698005698,3,0,0,0.0,0.0,0,0,0.0,0.0,0.5238346315457515,0.6061871502642877,11.167723450933236,0.00024815372645626833,0.495204698372496,0.3153861382446829,93,trajectory_predictive,full,poisson,0.0,0.0,analytical
predictive_utility,synthetic-20260836-v5-slots120-dt0.100000,controlled_synthetic_motion,20260836,5,12.0,3635,2567,1541,974,0,94,2.567,0.7061898211829436,0.0,0.4166666666666667,438.2158161277756,400.0,1100.0,1400.0000000000002,0.26795048143053646,0.025859697386519945,0.2938101788170564,0.8095238095238095,47,0,0,0.0,0.0,0,0,0.0,0.0,0.3557905899319653,0.45165884340196716,10.829357928270808,7.810502970053435e-05,0.3281023593641644,0.2110523503935967,84,trajectory_predictive,full,poisson,0.0,0.0,analytical
predictive_utility,synthetic-20260837-v5-slots120-dt0.100000,controlled_synthetic_motion,20260837,5,12.0,3554,1564,126,1642,0,348,1.564,0.44006752954417555,0.0,0.265,276.27877237851663,200.0,784.9999999999909,1000.0,0.46201463140123805,0.09791783905458638,0.5599324704558244,0.659915611814346,187,0,0,0.0,0.0,0,0,0.0,0.0,0.723341790718168,0.6751536478664844,12.990294479787256,3.2518187219791205e-06,0.03202759185510053,0.334423449345929,71,trajectory_predictive,full,poisson,0.0,0.0,analytical
predictive_utility,synthetic-20260838-v5-slots120-dt0.100000,controlled_synthetic_motion,20260838,5,12.0,3618,2645,808,852,0,121,2.645,0.7310668877833056,0.0,0.27666666666666667,363.4026465028355,300.00000000000006,1000.0,1200.0000000000002,0.23548922056384744,0.03344389165284688,0.2689331122166943,0.8920741989881956,27,0,0,0.0,0.0,0,0,0.0,0.0,0.4754325071397869,0.6457661421653105,11.545243086066193,3.620963425306721e-05,0.18528458374711393,0.29403637626345097,102,trajectory_predictive,full,poisson,0.0,0.0,analytical
link_lifetime,synthetic-20260827-v5-slots120-dt0.100000,controlled_synthetic_motion,20260827,5,12.0,3587,2691,296,701,0,195,2.691,0.7502090883746864,0.0,0.2,543.2181345224824,500.0,1000.0,1200.0000000000002,0.1954279342068581,0.054362977418455534,0.24979091162531364,0.8287650138589467,4,0,0,0.0,0.0,0,0,0.0,0.0,0.5070686955069528,0.7700967629827439,13.603744391532754,5.3445477398390334e-06,0.05451156343059866,0.4744658615896634,90,link_lifetime,full,poisson,0.0,0.0,analytical
link_lifetime,synthetic-20260828-v5-slots120-dt0.100000,controlled_synthetic_motion,20260828,5,12.0,3506,1640,2146,1580,0,286,1.64,0.4677695379349686,0.0,0.025,697.0121951219512,700.0000000000001,1300.0,1600.0,0.450656018254421,0.08157444381061038,0.5322304620650313,0.48391856004721157,100,0,0,0.0,0.0,0,0,0.0,0.0,0.8036165133393289,0.7963789065131004,12.044331283639924,0.00011081032147075406,0.4632871106032679,0.5670917877918519,95,link_lifetime,full,poisson,0.0,0.0,analytical
link_lifetime,synthetic-20260829-v5-slots120-dt0.100000,controlled_synthetic_motion,20260829,5,12.0,3487,2235,1260,1051,0,201,2.235,0.6409521078290794,0.0,0.18666666666666668,442.0134228187919,400.0,1100.0,1400.0000000000002,0.30140521938629194,0.05764267278462862,0.35904789217092054,0.7725994375251105,116,0,0,0.0,0.0,0,0,0.0,0.0,0.6425094426626347,0.7886336809833184,11.579289223067024,0.00010242517459896236,0.26997508716187835,0.286347982488336,92,link_lifetime,full,poisson,0.0,0.0,analytical
link_lifetime,synthetic-20260830-v5-slots120-dt0.100000,controlled_synthetic_motion,20260830,5,12.0,3597,2658,620,759,0,180,2.658,0.7389491242702252,0.0,0.2,415.8765989465764,400.0,1000.0,1400.0000000000002,0.21100917431192662,0.05004170141784821,0.2610508757297748,0.9080970276733857,5,0,0,0.0,0.0,0,0,0.0,0.0,0.7050798944919656,0.7899879923556448,11.550833297051271,1.6044367004000586e-05,0.1300616386371585,0.2369080570522971,95,link_lifetime,full,poisson,0.0,0.0,analytical
link_lifetime,synthetic-20260831-v5-slots120-dt0.100000,controlled_synthetic_motion,20260831,5,12.0,3507,3311,69,131,0,65,3.311,0.9441117764471058,0.0,0.023333333333333334,299.36575052854124,300.00000000000006,600.0000000000001,700.0000000000001,0.03735386370116909,0.01853435985172512,0.05588822355289421,0.9519838987924094,26,0,0,0.0,0.0,0,0,0.0,0.0,0.6512367605567286,0.9289564475963117,13.594591684060429,1.6336094157504656e-05,0.026222452236837692,0.3876839829845543,118,link_lifetime,full,poisson,0.0,0.0,analytical
link_lifetime,synthetic-20260832-v5-slots120-dt0.100000,controlled_synthetic_motion,20260832,5,12.0,3513,2257,627,1084,0,172,2.257,0.6424708226586963,0.0,0.265,318.29862649534783,300.00000000000006,800.0,1200.0000000000002,0.3085681753487048,0.04896100199259892,0.35752917734130374,0.8754848719937937,50,0,0,0.0,0.0,0,0,0.0,0.0,0.4695588410838833,0.7324921207500418,14.41606123305108,2.991178925064998e-05,0.14912336368235435,1.0093734171890083,87,link_lifetime,full,poisson,0.0,0.0,analytical
link_lifetime,synthetic-20260833-v5-slots120-dt0.100000,controlled_synthetic_motion,20260833,5,12.0,3568,1425,428,1898,0,245,1.425,0.3993834080717489,0.0,0.45166666666666666,325.82456140350877,200.0,1000.0,1275.999999999999,0.5319506726457399,0.06866591928251121,0.6006165919282511,0.794314381270903,57,0,0,0.0,0.0,0,0,0.0,0.0,0.4025427718731013,0.4434671762365439,10.73639281948123,1.4464263402977265e-05,0.13033183863902545,0.1908762625721704,48,link_lifetime,full,poisson,0.0,0.0,analytical
link_lifetime,synthetic-20260834-v5-slots120-dt0.100000,controlled_synthetic_motion,20260834,5,12.0,3640,2648,667,790,0,202,2.648,0.7274725274725274,0.0,0.2966666666666667,461.21601208459214,400.0,900.0,1100.0,0.21703296703296704,0.05549450549450549,0.2725274725274725,0.9278675601103665,29,0,0,0.0,0.0,0,0,0.0,0.0,0.5294064707463435,0.7629433342522486,12.240474509620695,6.609798961558876e-05,0.19986544237571519,0.328170578191621,92,link_lifetime,full,poisson,0.0,0.0,analytical
link_lifetime,synthetic-20260835-v5-slots120-dt0.100000,controlled_synthetic_motion,20260835,5,12.0,3492,2050,2406,1215,0,227,2.05,0.5870561282932417,0.0,0.2,577.0731707317074,600.0000000000001,1100.0,1200.0000000000002,0.3479381443298969,0.0650057273768614,0.4129438717067583,0.73005698005698,3,0,0,0.0,0.0,0,0,0.0,0.0,0.5238346315457515,0.6061871502642877,11.167723450933236,0.00024815372645626833,0.495204698372496,0.3153861382446829,93,link_lifetime,full,poisson,0.0,0.0,analytical
link_lifetime,synthetic-20260836-v5-slots120-dt0.100000,controlled_synthetic_motion,20260836,5,12.0,3635,2567,1541,974,0,94,2.567,0.7061898211829436,0.0,0.4166666666666667,438.2158161277756,400.0,1100.0,1400.0000000000002,0.26795048143053646,0.025859697386519945,0.2938101788170564,0.8095238095238095,47,0,0,0.0,0.0,0,0,0.0,0.0,0.3557905899319653,0.45165884340196716,10.829357928270808,7.810502970053435e-05,0.3281023593641644,0.2110523503935967,84,link_lifetime,full,poisson,0.0,0.0,analytical
link_lifetime,synthetic-20260837-v5-slots120-dt0.100000,controlled_synthetic_motion,20260837,5,12.0,3554,1557,402,1649,0,348,1.557,0.4380979178390546,0.0,0.265,279.89723827874116,200.0,719.9999999999819,1000.0,0.46398424310635905,0.09791783905458638,0.5619020821609454,0.6569620253164556,187,0,0,0.0,0.0,0,0,0.0,0.0,0.7237050249643633,0.6750889171310033,12.676672779930666,5.149678008057964e-05,0.08742703298788129,0.3190146136663051,73,link_lifetime,full,poisson,0.0,0.0,analytical
link_lifetime,synthetic-20260838-v5-slots120-dt0.100000,controlled_synthetic_motion,20260838,5,12.0,3618,2645,808,852,0,121,2.645,0.7310668877833056,0.0,0.27666666666666667,363.4026465028355,300.00000000000006,1000.0,1200.0000000000002,0.23548922056384744,0.03344389165284688,0.2689331122166943,0.8920741989881956,27,0,0,0.0,0.0,0,0,0.0,0.0,0.4754325071397869,0.6457661421653105,11.545243086066193,3.620963425306721e-05,0.18528458374711393,0.29403637626345097,102,link_lifetime,full,poisson,0.0,0.0,analytical
oracle,synthetic-20260827-v5-slots120-dt0.100000,controlled_synthetic_motion,20260827,5,12.0,3587,2691,296,701,0,195,2.691,0.7502090883746864,0.0,0.2,543.2181345224824,500.0,1000.0,1200.0000000000002,0.1954279342068581,0.054362977418455534,0.24979091162531364,0.8287650138589467,4,0,0,0.0,0.0,0,0,0.0,0.0,0.5070686955069528,0.7700967629827439,13.603744391532754,5.3445477398390334e-06,0.05451156343059866,0.4744658615896634,90,perfect_future,full,poisson,0.0,0.0,analytical
oracle,synthetic-20260828-v5-slots120-dt0.100000,controlled_synthetic_motion,20260828,5,12.0,3506,1649,2211,1592,0,265,1.649,0.47033656588705075,0.0,0.025,738.9326864766525,800.0,1300.0,1600.0,0.4540787221905305,0.07558471192241871,0.5296634341129492,0.486574210681617,100,0,0,0.0,0.0,0,0,0.0,0.0,0.8022436970699175,0.8041661399549568,11.898600978957083,0.0001127132708568191,0.4752384941542089,0.5602825656924446,90,perfect_future,full,poisson,0.0,0.0,analytical
oracle,synthetic-20260829-v5-slots120-dt0.100000,controlled_synthetic_motion,20260829,5,12.0,3487,2235,1260,1051,0,201,2.235,0.6409521078290794,0.0,0.18666666666666668,442.0134228187919,400.0,1100.0,1400.0000000000002,0.30140521938629194,0.05764267278462862,0.35904789217092054,0.7725994375251105,116,0,0,0.0,0.0,0,0,0.0,0.0,0.6425094426626347,0.7886336809833184,11.579289223067024,0.00010242517459896236,0.26997508716187835,0.286347982488336,92,perfect_future,full,poisson,0.0,0.0,analytical
oracle,synthetic-20260830-v5-slots120-dt0.100000,controlled_synthetic_motion,20260830,5,12.0,3597,2658,620,759,0,180,2.658,0.7389491242702252,0.0,0.2,415.8765989465764,400.0,1000.0,1400.0000000000002,0.21100917431192662,0.05004170141784821,0.2610508757297748,0.9080970276733857,5,0,0,0.0,0.0,0,0,0.0,0.0,0.7050798944919656,0.7899879923556448,11.550833297051271,1.6044367004000586e-05,0.1300616386371585,0.2369080570522971,95,perfect_future,full,poisson,0.0,0.0,analytical
oracle,synthetic-20260831-v5-slots120-dt0.100000,controlled_synthetic_motion,20260831,5,12.0,3507,3311,69,131,0,65,3.311,0.9441117764471058,0.0,0.023333333333333334,299.36575052854124,300.00000000000006,600.0000000000001,700.0000000000001,0.03735386370116909,0.01853435985172512,0.05588822355289421,0.9519838987924094,26,0,0,0.0,0.0,0,0,0.0,0.0,0.6512367605567286,0.9289564475963117,13.594591684060429,1.6336094157504656e-05,0.026222452236837692,0.3876839829845543,118,perfect_future,full,poisson,0.0,0.0,analytical
oracle,synthetic-20260832-v5-slots120-dt0.100000,controlled_synthetic_motion,20260832,5,12.0,3513,2257,627,1084,0,172,2.257,0.6424708226586963,0.0,0.265,318.29862649534783,300.00000000000006,800.0,1200.0000000000002,0.3085681753487048,0.04896100199259892,0.35752917734130374,0.8754848719937937,50,0,0,0.0,0.0,0,0,0.0,0.0,0.4695588410838833,0.7324921207500418,14.41606123305108,2.991178925064998e-05,0.14912336368235435,1.0093734171890083,87,perfect_future,full,poisson,0.0,0.0,analytical
oracle,synthetic-20260833-v5-slots120-dt0.100000,controlled_synthetic_motion,20260833,5,12.0,3568,1425,428,1898,0,245,1.425,0.3993834080717489,0.0,0.45166666666666666,325.82456140350877,200.0,1000.0,1275.999999999999,0.5319506726457399,0.06866591928251121,0.6006165919282511,0.794314381270903,57,0,0,0.0,0.0,0,0,0.0,0.0,0.4025427718731013,0.4434671762365439,10.73639281948123,1.4464263402977265e-05,0.13033183863902545,0.1908762625721704,48,perfect_future,full,poisson,0.0,0.0,analytical
oracle,synthetic-20260834-v5-slots120-dt0.100000,controlled_synthetic_motion,20260834,5,12.0,3640,2648,667,790,0,202,2.648,0.7274725274725274,0.0,0.2966666666666667,461.21601208459214,400.0,900.0,1100.0,0.21703296703296704,0.05549450549450549,0.2725274725274725,0.9278675601103665,29,0,0,0.0,0.0,0,0,0.0,0.0,0.5294064707463435,0.7629433342522486,12.240474509620695,6.609798961558876e-05,0.19986544237571519,0.328170578191621,92,perfect_future,full,poisson,0.0,0.0,analytical
oracle,synthetic-20260835-v5-slots120-dt0.100000,controlled_synthetic_motion,20260835,5,12.0,3492,2050,2406,1215,0,227,2.05,0.5870561282932417,0.0,0.2,577.0731707317074,600.0000000000001,1100.0,1200.0000000000002,0.3479381443298969,0.0650057273768614,0.4129438717067583,0.73005698005698,3,0,0,0.0,0.0,0,0,0.0,0.0,0.5238346315457515,0.6061871502642877,11.167723450933236,0.00024815372645626833,0.495204698372496,0.3153861382446829,93,perfect_future,full,poisson,0.0,0.0,analytical
oracle,synthetic-20260836-v5-slots120-dt0.100000,controlled_synthetic_motion,20260836,5,12.0,3635,2567,1541,974,0,94,2.567,0.7061898211829436,0.0,0.4166666666666667,438.2158161277756,400.0,1100.0,1400.0000000000002,0.26795048143053646,0.025859697386519945,0.2938101788170564,0.8095238095238095,47,0,0,0.0,0.0,0,0,0.0,0.0,0.3557905899319653,0.45165884340196716,10.829357928270808,7.810502970053435e-05,0.3281023593641644,0.2110523503935967,84,perfect_future,full,poisson,0.0,0.0,analytical
oracle,synthetic-20260837-v5-slots120-dt0.100000,controlled_synthetic_motion,20260837,5,12.0,3554,1557,402,1649,0,348,1.557,0.4380979178390546,0.0,0.265,279.89723827874116,200.0,719.9999999999819,1000.0,0.46398424310635905,0.09791783905458638,0.5619020821609454,0.6569620253164556,187,0,0,0.0,0.0,0,0,0.0,0.0,0.7237050249643633,0.6750889171310033,12.676672779930666,5.149678008057964e-05,0.08742703298788129,0.3190146136663051,73,perfect_future,full,poisson,0.0,0.0,analytical
oracle,synthetic-20260838-v5-slots120-dt0.100000,controlled_synthetic_motion,20260838,5,12.0,3618,2645,808,852,0,121,2.645,0.7310668877833056,0.0,0.27666666666666667,363.4026465028355,300.00000000000006,1000.0,1200.0000000000002,0.23548922056384744,0.03344389165284688,0.2689331122166943,0.8920741989881956,27,0,0,0.0,0.0,0,0,0.0,0.0,0.4754325071397869,0.6457661421653105,11.545243086066193,3.620963425306721e-05,0.18528458374711393,0.29403637626345097,102,perfect_future,full,poisson,0.0,0.0,analytical
predictive_utility,synthetic-20260827-v5-slots120-dt0.100000,controlled_synthetic_motion,20260827,5,12.0,3587,2836,393,573,0,178,2.836,0.7906328408140507,0.0,0.2,271.0860366713681,200.0,700.0000000000001,1100.0,0.15974351826038471,0.04962364092556454,0.20936715918594925,0.8734216199568833,4,0,0,0.0,0.0,0,0,0.0,0.0,0.5141152443565167,0.7830792012690594,12.072517317479363,9.007338816238324e-06,0.08362156570669342,0.3058077404435165,103,no_fairness_term,full,poisson,0.0,0.0,analytical
predictive_utility,synthetic-20260828-v5-slots120-dt0.100000,controlled_synthetic_motion,20260828,5,12.0,3506,1682,613,1562,0,262,1.682,0.479749001711352,0.0,0.025,417.1819262782402,300.00000000000006,1200.0000000000002,1500.0,0.4455219623502567,0.07472903593839134,0.5202509982886481,0.49631159634110356,100,0,0,0.0,0.0,0,0,0.0,0.0,0.7351161739256965,0.7977131942930233,15.227118707933105,1.8748057989746273e-05,0.1371385264128051,1.129377211832112,89,no_fairness_term,full,poisson,0.0,0.0,analytical
predictive_utility,synthetic-20260829-v5-slots120-dt0.100000,controlled_synthetic_motion,20260829,5,12.0,3487,2205,215,1092,0,190,2.205,0.6323487238313736,0.0,0.18666666666666668,260.2267573696145,200.0,700.0000000000001,1100.0,0.3131631775164898,0.05448809865213651,0.3676512761686263,0.7645640819606268,125,0,0,0.0,0.0,0,0,0.0,0.0,0.6018463789446451,0.7528380908398183,12.729200645799553,6.173736527597205e-06,0.05126176059630132,0.3563016559541364,90,no_fairness_term,full,poisson,0.0,0.0,analytical
predictive_utility,synthetic-20260830-v5-slots120-dt0.100000,controlled_synthetic_motion,20260830,5,12.0,3597,2649,650,778,0,170,2.649,0.7364470391993327,0.0,0.2,347.07436768591924,300.00000000000006,900.0,1300.0,0.2162913539060328,0.04726160689463442,0.2635529608006672,0.9050222070379228,5,0,0,0.0,0.0,0,0,0.0,0.0,0.6918402749535262,0.7830873981812506,11.45642673246278,1.6041241436735023e-05,0.1305183913866591,0.23136936562237675,115,no_fairness_term,full,poisson,0.0,0.0,analytical
predictive_utility,synthetic-20260831-v5-slots120-dt0.100000,controlled_synthetic_motion,20260831,5,12.0,3507,3263,14,171,0,73,3.263,0.9304248645566011,0.0,0.023333333333333334,242.23107569721117,200.0,500.0,1000.0,0.04875962360992301,0.020815511833475905,0.06957513544339891,0.9381828637147787,38,0,0,0.0,0.0,0,0,0.0,0.0,0.6363028088734356,0.9063762755781521,13.61893984761824,4.367898754248148e-07,0.004678982519607372,0.383018538949231,119,no_fairness_term,full,poisson,0.0,0.0,analytical
predictive_utility,synthetic-20260832-v5-slots120-dt0.100000,controlled_synthetic_motion,20260832,5,12.0,3513,2198,192,1158,0,157,2.198,0.6256760603472815,0.0,0.265,223.88535031847132,200.0,600.0000000000001,1200.0000000000002,0.3296327924850555,0.04469114716766297,0.3743239396527185,0.8525989138867339,53,0,0,0.0,0.0,0,0,0.0,0.0,0.4455884821486216,0.6881786783276114,16.418566666036398,6.408868832751148e-06,0.05271008194702932,1.2388923104776608,84,no_fairness_term,full,poisson,0.0,0.0,analytical
predictive_utility,synthetic-20260833-v5-slots120-dt0.100000,controlled_synthetic_motion,20260833,5,12.0,3568,1368,376,1946,0,254,1.368,0.3834080717488789,0.0,0.45166666666666666,328.1432748538012,200.0,1000.0,1300.0,0.5454035874439462,0.07118834080717489,0.6165919282511211,0.7625418060200669,57,0,0,0.0,0.0,0,0,0.0,0.0,0.3786751598027531,0.41440473857237,10.811940377911704,1.2477535183082901e-05,0.11594714153523188,0.1942143111695252,36,no_fairness_term,full,poisson,0.0,0.0,analytical
predictive_utility,synthetic-20260834-v5-slots120-dt0.100000,controlled_synthetic_motion,20260834,5,12.0,3640,2715,116,825,0,100,2.715,0.7458791208791209,0.0,0.2966666666666667,215.17495395948436,200.0,500.0,986.0000000000127,0.22664835164835165,0.027472527472527472,0.2541208791208791,0.9637366968860859,59,0,0,0.0,0.0,0,0,0.0,0.0,0.5004462192886902,0.7246468176372467,13.12391815641911,3.602224494973553e-06,0.030263185385382793,0.3695968275990997,109,no_fairness_term,full,poisson,0.0,0.0,analytical
predictive_utility,synthetic-20260835-v5-slots120-dt0.100000,controlled_synthetic_motion,20260835,5,12.0,3492,2154,191,1192,0,146,2.154,0.6168384879725086,0.0,0.2,240.52924791086352,200.0,600.0000000000001,1000.0,0.3413516609392898,0.0418098510882016,0.38316151202749144,0.7670940170940171,3,0,0,0.0,0.0,0,0,0.0,0.0,0.5193777831509803,0.5999065805520424,13.865652893247665,4.7600218076949145e-06,0.04498450534137878,0.5301015511807904,104,no_fairness_term,full,poisson,0.0,0.0,analytical
predictive_utility,synthetic-20260836-v5-slots120-dt0.100000,controlled_synthetic_motion,20260836,5,12.0,3635,2557,778,984,0,94,2.557,0.7034387895460797,0.0,0.4166666666666667,317.4423152131404,200.0,1100.0,1400.0000000000002,0.27070151306740026,0.025859697386519945,0.2965612104539202,0.8063702302112898,47,0,0,0.0,0.0,0,0,0.0,0.0,0.3488706290450684,0.44176678132245883,11.272795565581067,2.1722884905824045e-05,0.1708187846129994,0.2297278989668072,59,no_fairness_term,full,poisson,0.0,0.0,analytical
predictive_utility,synthetic-20260837-v5-slots120-dt0.100000,controlled_synthetic_motion,20260837,5,12.0,3554,1577,132,1629,0,348,1.577,0.443725379853686,0.0,0.265,272.2257450856056,200.0,700.0000000000001,1000.0,0.4583567810917276,0.09791783905458638,0.556274620146314,0.6654008438818565,187,0,0,0.0,0.0,0,0,0.0,0.0,0.7280247775538313,0.6796371976494218,12.99303871061888,3.1953031351573823e-06,0.031982391897306624,0.33466286867562706,72,no_fairness_term,full,poisson,0.0,0.0,analytical
predictive_utility,synthetic-20260838-v5-slots120-dt0.100000,controlled_synthetic_motion,20260838,5,12.0,3618,2639,388,868,0,111,2.639,0.7294085129906025,0.0,0.27666666666666667,299.545282303903,200.0,900.0,1300.0,0.23991155334438916,0.03067993366500829,0.27059148700939745,0.8900505902192243,27,0,0,0.0,0.0,0,0,0.0,0.0,0.4734678185554254,0.6431894188698447,12.272814429720745,1.0459711853617191e-05,0.0916084861613884,0.3570394422225135,90,no_fairness_term,full,poisson,0.0,0.0,analytical
link_lifetime,synthetic-20260827-v5-slots120-dt0.100000,controlled_synthetic_motion,20260827,5,12.0,3587,2691,296,701,0,195,2.691,0.7502090883746864,0.0,0.2,543.2181345224824,500.0,1000.0,1200.0000000000002,0.1954279342068581,0.054362977418455534,0.24979091162531364,0.8287650138589467,4,0,0,0.0,0.0,0,0,0.0,0.0,0.5070686955069528,0.7700967629827439,13.603744391532754,5.3445477398390334e-06,0.05451156343059866,0.4744658615896634,90,no_link_lifetime_urgency,full,poisson,0.0,0.0,analytical
link_lifetime,synthetic-20260828-v5-slots120-dt0.100000,controlled_synthetic_motion,20260828,5,12.0,3506,1640,2146,1580,0,286,1.64,0.4677695379349686,0.0,0.025,697.0121951219512,700.0000000000001,1300.0,1600.0,0.450656018254421,0.08157444381061038,0.5322304620650313,0.48391856004721157,100,0,0,0.0,0.0,0,0,0.0,0.0,0.8036165133393289,0.7963789065131004,12.044331283639924,0.00011081032147075406,0.4632871106032679,0.5670917877918519,95,no_link_lifetime_urgency,full,poisson,0.0,0.0,analytical
link_lifetime,synthetic-20260829-v5-slots120-dt0.100000,controlled_synthetic_motion,20260829,5,12.0,3487,2248,1211,1035,0,204,2.248,0.644680240894752,0.0,0.18666666666666668,428.02491103202846,400.0,1000.0,1300.0,0.2968167479208489,0.0585030111843992,0.35531975910524805,0.773804740859783,116,0,0,0.0,0.0,0,0,0.0,0.0,0.6397188707739788,0.790590459897067,11.612950301430391,8.99838200572915e-05,0.2613631419581837,0.28749024128455525,89,no_link_lifetime_urgency,full,poisson,0.0,0.0,analytical
link_lifetime,synthetic-20260830-v5-slots120-dt0.100000,controlled_synthetic_motion,20260830,5,12.0,3597,2658,620,759,0,180,2.658,0.7389491242702252,0.0,0.2,415.8765989465764,400.0,1000.0,1400.0000000000002,0.21100917431192662,0.05004170141784821,0.2610508757297748,0.9080970276733857,5,0,0,0.0,0.0,0,0,0.0,0.0,0.7050798944919656,0.7899879923556448,11.550833297051271,1.6044367004000586e-05,0.1300616386371585,0.2369080570522971,95,no_link_lifetime_urgency,full,poisson,0.0,0.0,analytical
link_lifetime,synthetic-20260831-v5-slots120-dt0.100000,controlled_synthetic_motion,20260831,5,12.0,3507,3292,21,139,0,76,3.292,0.9386940404904477,0.0,0.023333333333333334,292.4665856622114,300.00000000000006,600.0000000000001,700.0000000000001,0.039635015682919876,0.021670943826632448,0.061305959509552324,0.9465209890741806,37,0,0,0.0,0.0,0,0,0.0,0.0,0.6493182234865688,0.9280851547876738,13.670023158312093,9.403147241880086e-07,0.009556148941215186,0.39006338043128197,118,no_link_lifetime_urgency,full,poisson,0.0,0.0,analytical
link_lifetime,synthetic-20260832-v5-slots120-dt0.100000,controlled_synthetic_motion,20260832,5,12.0,3513,2257,627,1084,0,172,2.257,0.6424708226586963,0.0,0.265,318.29862649534783,300.00000000000006,800.0,1200.0000000000002,0.3085681753487048,0.04896100199259892,0.35752917734130374,0.8754848719937937,50,0,0,0.0,0.0,0,0,0.0,0.0,0.4695588410838833,0.7324921207500418,14.41606123305108,2.991178925064998e-05,0.14912336368235435,1.0093734171890083,87,no_link_lifetime_urgency,full,poisson,0.0,0.0,analytical
link_lifetime,synthetic-20260833-v5-slots120-dt0.100000,controlled_synthetic_motion,20260833,5,12.0,3568,1425,428,1898,0,245,1.425,0.3993834080717489,0.0,0.45166666666666666,325.82456140350877,200.0,1000.0,1275.999999999999,0.5319506726457399,0.06866591928251121,0.6006165919282511,0.794314381270903,57,0,0,0.0,0.0,0,0,0.0,0.0,0.4025427718731013,0.4434671762365439,10.73639281948123,1.4464263402977265e-05,0.13033183863902545,0.1908762625721704,48,no_link_lifetime_urgency,full,poisson,0.0,0.0,analytical
link_lifetime,synthetic-20260834-v5-slots120-dt0.100000,controlled_synthetic_motion,20260834,5,12.0,3640,2639,761,817,0,184,2.639,0.725,0.0,0.2966666666666667,470.59492231906023,400.0,900.0,1200.0000000000002,0.22445054945054946,0.05054945054945055,0.275,0.9266850610957824,59,0,0,0.0,0.0,0,0,0.0,0.0,0.5107216911412864,0.7362863763692693,12.06830107422366,7.987169794462314e-05,0.2201243334828857,0.31453746485586287,97,no_link_lifetime_urgency,full,poisson,0.0,0.0,analytical
link_lifetime,synthetic-20260835-v5-slots120-dt0.100000,controlled_synthetic_motion,20260835,5,12.0,3492,2050,2406,1215,0,227,2.05,0.5870561282932417,0.0,0.2,577.0731707317074,600.0000000000001,1100.0,1200.0000000000002,0.3479381443298969,0.0650057273768614,0.4129438717067583,0.73005698005698,3,0,0,0.0,0.0,0,0,0.0,0.0,0.5238346315457515,0.6061871502642877,11.167723450933236,0.00024815372645626833,0.495204698372496,0.3153861382446829,93,no_link_lifetime_urgency,full,poisson,0.0,0.0,analytical
link_lifetime,synthetic-20260836-v5-slots120-dt0.100000,controlled_synthetic_motion,20260836,5,12.0,3635,2567,1541,974,0,94,2.567,0.7061898211829436,0.0,0.4166666666666667,438.2158161277756,400.0,1100.0,1400.0000000000002,0.26795048143053646,0.025859697386519945,0.2938101788170564,0.8095238095238095,47,0,0,0.0,0.0,0,0,0.0,0.0,0.3557905899319653,0.45165884340196716,10.829357928270808,7.810502970053435e-05,0.3281023593641644,0.2110523503935967,84,no_link_lifetime_urgency,full,poisson,0.0,0.0,analytical
link_lifetime,synthetic-20260837-v5-slots120-dt0.100000,controlled_synthetic_motion,20260837,5,12.0,3554,1564,126,1642,0,348,1.564,0.44006752954417555,0.0,0.265,276.27877237851663,200.0,784.9999999999909,1000.0,0.46201463140123805,0.09791783905458638,0.5599324704558244,0.659915611814346,187,0,0,0.0,0.0,0,0,0.0,0.0,0.723341790718168,0.6751536478664844,12.990294479787256,3.2518187219791205e-06,0.03202759185510053,0.334423449345929,71,no_link_lifetime_urgency,full,poisson,0.0,0.0,analytical
link_lifetime,synthetic-20260838-v5-slots120-dt0.100000,controlled_synthetic_motion,20260838,5,12.0,3618,2645,808,852,0,121,2.645,0.7310668877833056,0.0,0.27666666666666667,363.4026465028355,300.00000000000006,1000.0,1200.0000000000002,0.23548922056384744,0.03344389165284688,0.2689331122166943,0.8920741989881956,27,0,0,0.0,0.0,0,0,0.0,0.0,0.4754325071397869,0.6457661421653105,11.545243086066193,3.620963425306721e-05,0.18528458374711393,0.29403637626345097,102,no_link_lifetime_urgency,full,poisson,0.0,0.0,analytical
link_lifetime,synthetic-20260827-v5-slots120-dt0.100000,controlled_synthetic_motion,20260827,5,12.0,3587,3057,102,346,0,184,3.057,0.8522442152216336,0.0,0.18166666666666667,380.8963035655872,300.00000000000006,900.0,1100.0,0.09645943685531085,0.05129634792305548,0.14775578477836632,0.9328654256942325,31,0,0,0.0,0.0,0,0,0.0,0.0,0.5325348467671095,0.7993457548050342,13.836419049281895,1.5836727797931507e-06,0.017286317226264912,0.4759122136096376,106,range_only_channel,range_only,poisson,0.0,0.0,analytical
link_lifetime,synthetic-20260828-v5-slots120-dt0.100000,controlled_synthetic_motion,20260828,5,12.0,3506,2910,498,391,0,205,2.91,0.8300057045065602,0.0,0.0,631.3058419243986,600.0000000000001,1100.0,1300.0,0.11152310325156874,0.05847119224187108,0.1699942954934398,0.8300057045065602,0,0,0,0.0,0.0,0,0,0.0,0.0,0.7389337943034358,0.9808120196804588,13.45878064821664,1.1019630741990283e-05,0.11023593784999489,0.9483621387979706,101,range_only_channel,range_only,poisson,0.0,0.0,analytical
link_lifetime,synthetic-20260829-v5-slots120-dt0.100000,controlled_synthetic_motion,20260829,5,12.0,3487,2818,906,529,0,140,2.818,0.8081445368511615,0.0,0.018333333333333333,457.1682044002839,400.0,1000.0,1400.0000000000002,0.15170633782621165,0.0401491253226269,0.19185546314883856,0.8274771609276177,5,0,0,0.0,0.0,0,0,0.0,0.0,0.8053527077419544,0.9296288992301848,12.88991161925147,6.536200964050721e-05,0.19123007093547867,0.7550000531942651,110,range_only_channel,range_only,poisson,0.0,0.0,analytical
link_lifetime,synthetic-20260830-v5-slots120-dt0.100000,controlled_synthetic_motion,20260830,5,12.0,3597,2853,36,606,0,138,2.853,0.7931609674728941,0.0,0.19333333333333333,299.47423764458466,300.00000000000006,600.0000000000001,700.0000000000001,0.16847372810675562,0.03836530442035029,0.20683903252710592,0.9671186440677966,28,0,0,0.0,0.0,0,0,0.0,0.0,0.7192783365315069,0.7998161117472248,12.54843355081134,6.317264910722716e-07,0.007439455828736104,0.29393409689593997,108,range_only_channel,range_only,poisson,0.0,0.0,analytical
link_lifetime,synthetic-20260831-v5-slots120-dt0.100000,controlled_synthetic_motion,20260831,5,12.0,3507,3390,57,42,0,75,3.39,0.9666381522668948,0.0,0.0,327.7581120943953,300.00000000000006,600.0000000000001,800.0,0.011976047904191617,0.0213857998289136,0.033361847733105215,0.9666381522668948,0,0,0,0.0,0.0,0,0,0.0,0.0,0.6872751738057861,0.9889045521288782,14.350263273838193,2.136112667339766e-06,0.01920379043145668,0.5300484119321793,116,range_only_channel,range_only,poisson,0.0,0.0,analytical
link_lifetime,synthetic-20260832-v5-slots120-dt0.100000,controlled_synthetic_motion,20260832,5,12.0,3513,2640,405,739,0,134,2.64,0.7514944491887275,0.0,0.17666666666666667,338.9015151515151,300.00000000000006,800.0,1100.0,0.21036151437517792,0.03814403643609451,0.24850555081127243,0.9368346344925479,83,0,0,0.0,0.0,0,0,0.0,0.0,0.5800135982297335,0.7997720091131131,16.7528715115744,5.8392023800338707e-05,0.10284128002442511,16.244691319553844,108,range_only_channel,range_only,poisson,0.0,0.0,analytical
link_lifetime,synthetic-20260833-v5-slots120-dt0.100000,controlled_synthetic_motion,20260833,5,12.0,3568,1397,3296,1868,0,303,1.397,0.39153587443946186,0.0,0.2,674.4452397995705,700.0000000000001,1200.0000000000002,1500.0,0.523542600896861,0.08492152466367713,0.6084641255605381,0.44876325088339225,3,0,0,0.0,0.0,0,0,0.0,0.0,0.4365014733757919,0.4926014913457838,9.273582369536642,0.0004932718700632936,0.6695742280499939,0.14513045117996398,62,range_only_channel,range_only,poisson,0.0,0.0,analytical
link_lifetime,synthetic-20260834-v5-slots120-dt0.100000,controlled_synthetic_motion,20260834,5,12.0,3640,3241,790,304,0,95,3.241,0.8903846153846153,0.0,0.016666666666666666,604.0728170317803,600.0000000000001,1100.0,1200.0000000000002,0.08351648351648351,0.0260989010989011,0.10961538461538461,0.9425538557602248,3,0,0,0.0,0.0,0,0,0.0,0.0,0.6808962558449249,0.9605646515021484,13.36177244631984,7.591806199692502e-05,0.19178374980052926,0.7338659202565825,109,range_only_channel,range_only,poisson,0.0,0.0,analytical
link_lifetime,synthetic-20260835-v5-slots120-dt0.100000,controlled_synthetic_motion,20260835,5,12.0,3492,2517,950,813,0,162,2.517,0.7207903780068728,0.0,0.15,413.7465236392531,300.00000000000006,1000.0,1300.0,0.23281786941580757,0.04639175257731959,0.27920962199312716,0.8381618381618382,88,0,0,0.0,0.0,0,0,0.0,0.0,0.6771448131309865,0.7837843427614518,13.531971620528095,7.951927455742279e-05,0.20531069755662099,0.5805840712542805,102,range_only_channel,range_only,poisson,0.0,0.0,analytical
link_lifetime,synthetic-20260836-v5-slots120-dt0.100000,controlled_synthetic_motion,20260836,5,12.0,3635,3077,566,460,0,98,3.077,0.8464924346629986,0.0,0.2633333333333333,280.5004874878128,200.0,700.0000000000001,1100.0,0.1265474552957359,0.026960110041265476,0.15350756533700138,0.9190561529271206,43,0,0,0.0,0.0,0,0,0.0,0.0,0.41262638357588244,0.5925227701887544,11.485618009424622,3.7364312112767424e-05,0.15255202980031415,0.24378515771417603,109,range_only_channel,range_only,poisson,0.0,0.0,analytical
link_lifetime,synthetic-20260837-v5-slots120-dt0.100000,controlled_synthetic_motion,20260837,5,12.0,3554,2046,798,1237,0,271,2.046,0.5756893640967924,0.0,0.15166666666666667,400.2932551319648,300.00000000000006,1000.0,1400.0000000000002,0.34805852560495215,0.07625211029825549,0.42431063590320767,0.7153846153846154,93,0,0,0.0,0.0,0,0,0.0,0.0,0.7926253424800193,0.7569738469334201,12.147847609304174,8.481937976426523e-05,0.16475732498180243,0.2977300141609984,87,range_only_channel,range_only,poisson,0.0,0.0,analytical
link_lifetime,synthetic-20260838-v5-slots120-dt0.100000,controlled_synthetic_motion,20260838,5,12.0,3618,2897,125,603,0,118,2.897,0.800718629076838,0.0,0.21333333333333335,255.6437694166379,200.0,500.0,903.9999999999964,0.16666666666666666,0.0326147042564953,0.19928137092316198,0.9551599076821629,31,0,0,0.0,0.0,0,0,0.0,0.0,0.5288096880079114,0.7536208077966492,12.265428813907445,4.867069520687559e-06,0.04695007421961098,0.31975953401970675,116,range_only_channel,range_only,poisson,0.0,0.0,analytical
link_lifetime,synthetic-20260827-v5-slots120-dt0.100000,controlled_synthetic_motion,20260827,5,12.0,3587,3056,116,341,0,190,3.056,0.8519654307220519,0.0,0.18166666666666667,405.4319371727749,400.0,900.0,1200.0000000000002,0.09506551435740172,0.05296905492054642,0.14803456927794814,0.9325602685382972,31,0,0,0.0,0.0,0,0,0.0,0.0,0.536437221848226,0.7987094034654797,13.579377723183736,2.1105632568219827e-06,0.022757359884637604,0.4460820469291171,105,range_pointing_channel,range_pointing,poisson,0.0,0.0,analytical
link_lifetime,synthetic-20260828-v5-slots120-dt0.100000,controlled_synthetic_motion,20260828,5,12.0,3506,2864,484,402,0,240,2.864,0.8168853394181403,0.0,0.0,598.1843575418994,600.0000000000001,1100.0,1400.0000000000002,0.11466058185966914,0.06845407872219053,0.18311466058185966,0.8168853394181403,0,0,0,0.0,0.0,0,0,0.0,0.0,0.755729914296823,0.9819723640045108,13.14173551002594,1.1070440713791566e-05,0.11049771177645333,0.5960560563279697,100,range_pointing_channel,range_pointing,poisson,0.0,0.0,analytical
link_lifetime,synthetic-20260829-v5-slots120-dt0.100000,controlled_synthetic_motion,20260829,5,12.0,3487,2634,918,694,0,159,2.634,0.7553771149985661,0.0,0.056666666666666664,440.54669703872435,400.0,1000.0,1400.0000000000002,0.19902494981359334,0.04559793518784055,0.2446228850014339,0.7938931297709924,48,0,0,0.0,0.0,0,0,0.0,0.0,0.778416476773579,0.9049243238868889,11.905873363098724,7.321116971694884e-05,0.19578189638096782,0.30682437455098327,102,range_pointing_channel,range_pointing,poisson,0.0,0.0,analytical
link_lifetime,synthetic-20260830-v5-slots120-dt0.100000,controlled_synthetic_motion,20260830,5,12.0,3597,2870,79,606,0,121,2.87,0.7978871281623575,0.0,0.19333333333333333,309.79094076655053,300.00000000000006,600.0000000000001,900.0,0.16847372810675562,0.03363914373088685,0.20211287183764248,0.9728813559322034,28,0,0,0.0,0.0,0,0,0.0,0.0,0.71770693466496,0.7998090256735244,12.308165728964468,1.6502386869197592e-06,0.018736228349023835,0.27834634259602514,106,range_pointing_channel,range_pointing,poisson,0.0,0.0,analytical
link_lifetime,synthetic-20260831-v5-slots120-dt0.100000,controlled_synthetic_motion,20260831,5,12.0,3507,3391,44,47,0,69,3.391,0.9669232962646136,0.0,0.006666666666666667,324.7419640224123,300.00000000000006,600.0000000000001,800.0,0.013401767892785858,0.019674935842600515,0.03307670373538637,0.9694110920526015,6,0,0,0.0,0.0,0,0,0.0,0.0,0.6831334280505841,0.9872024179367661,13.83639489248692,1.522673819780788e-06,0.014746380414291145,0.4055604497131352,118,range_pointing_channel,range_pointing,poisson,0.0,0.0,analytical
link_lifetime,synthetic-20260832-v5-slots120-dt0.100000,controlled_synthetic_motion,20260832,5,12.0,3513,2503,220,864,0,146,2.503,0.7124964417876459,0.0,0.25333333333333335,287.5349580503396,300.00000000000006,600.0000000000001,1000.0,0.24594363791631085,0.041559920296043266,0.2875035582123541,0.952797868290826,99,0,0,0.0,0.0,0,0,0.0,0.0,0.5278835439176992,0.7759049197159135,14.738942751071342,2.133380815954871e-05,0.0671861055148066,1.0243800618217134,106,range_pointing_channel,range_pointing,poisson,0.0,0.0,analytical
link_lifetime,synthetic-20260833-v5-slots120-dt0.100000,controlled_synthetic_motion,20260833,5,12.0,3568,1270,3405,1912,0,386,1.27,0.35594170403587444,0.0,0.2,701.1811023622047,700.0000000000001,1300.0,1530.9999999999945,0.5358744394618834,0.10818385650224215,0.6440582959641256,0.40796659171217475,3,0,0,0.0,0.0,0,0,0.0,0.0,0.45840947912018576,0.5221237646621673,9.102146723584493,0.0005095111372391195,0.6924778062463639,0.13718728426413673,65,range_pointing_channel,range_pointing,poisson,0.0,0.0,analytical
link_lifetime,synthetic-20260834-v5-slots120-dt0.100000,controlled_synthetic_motion,20260834,5,12.0,3640,2872,1048,650,0,118,2.872,0.789010989010989,0.0,0.205,500.03481894150417,500.0,900.0,1100.0,0.17857142857142858,0.03241758241758242,0.210989010989011,0.969009009009009,11,0,0,0.0,0.0,0,0,0.0,0.0,0.566336021839449,0.8292029791469181,12.182956234585495,0.00010828967872388458,0.24753394282664212,0.3326182599962312,102,range_pointing_channel,range_pointing,poisson,0.0,0.0,analytical
link_lifetime,synthetic-20260835-v5-slots120-dt0.100000,controlled_synthetic_motion,20260835,5,12.0,3492,2445,1065,908,0,139,2.445,0.7001718213058419,0.0,0.15,419.91820040899796,300.00000000000006,1100.0,1400.0000000000002,0.2600229095074456,0.03980526918671248,0.29982817869415807,0.8141858141858141,88,0,0,0.0,0.0,0,0,0.0,0.0,0.6534785453221768,0.766521694991776,13.254301931483173,9.5220726519077e-05,0.22424493888144145,0.4984230464229856,95,range_pointing_channel,range_pointing,poisson,0.0,0.0,analytical
link_lifetime,synthetic-20260836-v5-slots120-dt0.100000,controlled_synthetic_motion,20260836,5,12.0,3635,3055,511,482,0,98,3.055,0.8404401650618982,0.0,0.26666666666666666,267.7577741407529,200.0,700.0000000000001,1000.0,0.1325997248968363,0.026960110041265476,0.15955983493810177,0.9133034379671151,44,0,0,0.0,0.0,0,0,0.0,0.0,0.4071788141935881,0.5729819940236769,11.492462085242003,3.9665899930987404e-05,0.13801883596546013,0.24229727003462406,111,range_pointing_channel,range_pointing,poisson,0.0,0.0,analytical
link_lifetime,synthetic-20260837-v5-slots120-dt0.100000,controlled_synthetic_motion,20260837,5,12.0,3554,1997,800,1255,0,302,1.997,0.5619020821609454,0.0,0.15333333333333332,401.4021031547321,300.00000000000006,1100.0,1400.0000000000002,0.3531232414181204,0.08497467642093416,0.4380979178390546,0.7011938202247191,90,0,0,0.0,0.0,0,0,0.0,0.0,0.7935112495087823,0.760326487178414,12.025830863970855,8.887007513366835e-05,0.17220433676046662,0.28621650513099006,84,range_pointing_channel,range_pointing,poisson,0.0,0.0,analytical
link_lifetime,synthetic-20260838-v5-slots120-dt0.100000,controlled_synthetic_motion,20260838,5,12.0,3618,2886,177,613,0,119,2.886,0.7976782752902156,0.0,0.215,256.2023562023562,200.0,600.0000000000001,1000.0,0.16943062465450526,0.03289110005527916,0.2023217247097844,0.9524752475247524,28,0,0,0.0,0.0,0,0,0.0,0.0,0.5259449680322046,0.7485563710915472,12.130734035070278,6.112770169931645e-06,0.057993794135173596,0.3127190806251915,110,range_pointing_channel,range_pointing,poisson,0.0,0.0,analytical
link_lifetime,synthetic-20260827-v5-slots120-dt0.100000,controlled_synthetic_motion,20260827,5,12.0,3587,2691,296,701,0,195,2.691,0.7502090883746864,0.0,0.2,543.2181345224824,500.0,1000.0,1200.0000000000002,0.1954279342068581,0.054362977418455534,0.24979091162531364,0.8287650138589467,4,0,0,0.0,0.0,0,0,0.0,0.0,0.5070686955069528,0.7700967629827439,13.603744391532754,5.3445477398390334e-06,0.05451156343059866,0.4744658615896634,90,full_channel,full,poisson,0.0,0.0,analytical
link_lifetime,synthetic-20260828-v5-slots120-dt0.100000,controlled_synthetic_motion,20260828,5,12.0,3506,1640,2146,1580,0,286,1.64,0.4677695379349686,0.0,0.025,697.0121951219512,700.0000000000001,1300.0,1600.0,0.450656018254421,0.08157444381061038,0.5322304620650313,0.48391856004721157,100,0,0,0.0,0.0,0,0,0.0,0.0,0.8036165133393289,0.7963789065131004,12.044331283639924,0.00011081032147075406,0.4632871106032679,0.5670917877918519,95,full_channel,full,poisson,0.0,0.0,analytical
link_lifetime,synthetic-20260829-v5-slots120-dt0.100000,controlled_synthetic_motion,20260829,5,12.0,3487,2235,1260,1051,0,201,2.235,0.6409521078290794,0.0,0.18666666666666668,442.0134228187919,400.0,1100.0,1400.0000000000002,0.30140521938629194,0.05764267278462862,0.35904789217092054,0.7725994375251105,116,0,0,0.0,0.0,0,0,0.0,0.0,0.6425094426626347,0.7886336809833184,11.579289223067024,0.00010242517459896236,0.26997508716187835,0.286347982488336,92,full_channel,full,poisson,0.0,0.0,analytical
link_lifetime,synthetic-20260830-v5-slots120-dt0.100000,controlled_synthetic_motion,20260830,5,12.0,3597,2658,620,759,0,180,2.658,0.7389491242702252,0.0,0.2,415.8765989465764,400.0,1000.0,1400.0000000000002,0.21100917431192662,0.05004170141784821,0.2610508757297748,0.9080970276733857,5,0,0,0.0,0.0,0,0,0.0,0.0,0.7050798944919656,0.7899879923556448,11.550833297051271,1.6044367004000586e-05,0.1300616386371585,0.2369080570522971,95,full_channel,full,poisson,0.0,0.0,analytical
link_lifetime,synthetic-20260831-v5-slots120-dt0.100000,controlled_synthetic_motion,20260831,5,12.0,3507,3311,69,131,0,65,3.311,0.9441117764471058,0.0,0.023333333333333334,299.36575052854124,300.00000000000006,600.0000000000001,700.0000000000001,0.03735386370116909,0.01853435985172512,0.05588822355289421,0.9519838987924094,26,0,0,0.0,0.0,0,0,0.0,0.0,0.6512367605567286,0.9289564475963117,13.594591684060429,1.6336094157504656e-05,0.026222452236837692,0.3876839829845543,118,full_channel,full,poisson,0.0,0.0,analytical
link_lifetime,synthetic-20260832-v5-slots120-dt0.100000,controlled_synthetic_motion,20260832,5,12.0,3513,2257,627,1084,0,172,2.257,0.6424708226586963,0.0,0.265,318.29862649534783,300.00000000000006,800.0,1200.0000000000002,0.3085681753487048,0.04896100199259892,0.35752917734130374,0.8754848719937937,50,0,0,0.0,0.0,0,0,0.0,0.0,0.4695588410838833,0.7324921207500418,14.41606123305108,2.991178925064998e-05,0.14912336368235435,1.0093734171890083,87,full_channel,full,poisson,0.0,0.0,analytical
link_lifetime,synthetic-20260833-v5-slots120-dt0.100000,controlled_synthetic_motion,20260833,5,12.0,3568,1425,428,1898,0,245,1.425,0.3993834080717489,0.0,0.45166666666666666,325.82456140350877,200.0,1000.0,1275.999999999999,0.5319506726457399,0.06866591928251121,0.6006165919282511,0.794314381270903,57,0,0,0.0,0.0,0,0,0.0,0.0,0.4025427718731013,0.4434671762365439,10.73639281948123,1.4464263402977265e-05,0.13033183863902545,0.1908762625721704,48,full_channel,full,poisson,0.0,0.0,analytical
link_lifetime,synthetic-20260834-v5-slots120-dt0.100000,controlled_synthetic_motion,20260834,5,12.0,3640,2648,667,790,0,202,2.648,0.7274725274725274,0.0,0.2966666666666667,461.21601208459214,400.0,900.0,1100.0,0.21703296703296704,0.05549450549450549,0.2725274725274725,0.9278675601103665,29,0,0,0.0,0.0,0,0,0.0,0.0,0.5294064707463435,0.7629433342522486,12.240474509620695,6.609798961558876e-05,0.19986544237571519,0.328170578191621,92,full_channel,full,poisson,0.0,0.0,analytical
link_lifetime,synthetic-20260835-v5-slots120-dt0.100000,controlled_synthetic_motion,20260835,5,12.0,3492,2050,2406,1215,0,227,2.05,0.5870561282932417,0.0,0.2,577.0731707317074,600.0000000000001,1100.0,1200.0000000000002,0.3479381443298969,0.0650057273768614,0.4129438717067583,0.73005698005698,3,0,0,0.0,0.0,0,0,0.0,0.0,0.5238346315457515,0.6061871502642877,11.167723450933236,0.00024815372645626833,0.495204698372496,0.3153861382446829,93,full_channel,full,poisson,0.0,0.0,analytical
link_lifetime,synthetic-20260836-v5-slots120-dt0.100000,controlled_synthetic_motion,20260836,5,12.0,3635,2567,1541,974,0,94,2.567,0.7061898211829436,0.0,0.4166666666666667,438.2158161277756,400.0,1100.0,1400.0000000000002,0.26795048143053646,0.025859697386519945,0.2938101788170564,0.8095238095238095,47,0,0,0.0,0.0,0,0,0.0,0.0,0.3557905899319653,0.45165884340196716,10.829357928270808,7.810502970053435e-05,0.3281023593641644,0.2110523503935967,84,full_channel,full,poisson,0.0,0.0,analytical
link_lifetime,synthetic-20260837-v5-slots120-dt0.100000,controlled_synthetic_motion,20260837,5,12.0,3554,1557,402,1649,0,348,1.557,0.4380979178390546,0.0,0.265,279.89723827874116,200.0,719.9999999999819,1000.0,0.46398424310635905,0.09791783905458638,0.5619020821609454,0.6569620253164556,187,0,0,0.0,0.0,0,0,0.0,0.0,0.7237050249643633,0.6750889171310033,12.676672779930666,5.149678008057964e-05,0.08742703298788129,0.3190146136663051,73,full_channel,full,poisson,0.0,0.0,analytical
link_lifetime,synthetic-20260838-v5-slots120-dt0.100000,controlled_synthetic_motion,20260838,5,12.0,3618,2645,808,852,0,121,2.645,0.7310668877833056,0.0,0.27666666666666667,363.4026465028355,300.00000000000006,1000.0,1200.0000000000002,0.23548922056384744,0.03344389165284688,0.2689331122166943,0.8920741989881956,27,0,0,0.0,0.0,0,0,0.0,0.0,0.4754325071397869,0.6457661421653105,11.545243086066193,3.620963425306721e-05,0.18528458374711393,0.29403637626345097,102,full_channel,full,poisson,0.0,0.0,analytical
link_lifetime,synthetic-20260827-v5-slots120-dt0.100000,controlled_synthetic_motion,20260827,5,12.0,3587,1500,1382,1890,0,197,1.5,0.41817674937273486,0.0,0.39,509.93333333333334,400.0,1200.0000000000002,1500.999999999999,0.5269027042096459,0.05492054641761918,0.5818232506272651,0.6251366120218579,141,0,0,0.0,0.0,0,0,0.0,0.0,0.45935710421281506,0.6362465721976905,13.755586246764748,8.417966724735765e-05,0.3952283690231241,0.459095466278114,62,part_a_ber_lut,full,poisson,0.0,0.0,lut
link_lifetime,synthetic-20260828-v5-slots120-dt0.100000,controlled_synthetic_motion,20260828,5,12.0,3506,1059,823,2184,0,263,1.059,0.3020536223616657,0.0,0.44,434.9386213408876,400.0,1100.0,1400.0000000000002,0.6229321163719338,0.07501426126640046,0.6979463776383343,0.7621681415929203,133,0,0,0.0,0.0,0,0,0.0,0.0,0.43433660398403595,0.6046573239384806,15.476013246831466,7.842740369974982e-05,0.37139046391184094,1.0037868064163937,59,part_a_ber_lut,full,poisson,0.0,0.0,lut
link_lifetime,synthetic-20260829-v5-slots120-dt0.100000,controlled_synthetic_motion,20260829,5,12.0,3487,1876,1098,1375,0,236,1.876,0.5379982793232004,0.0,0.4583333333333333,334.9680170575693,300.00000000000006,900.0,1200.0000000000002,0.3943217665615142,0.06767995411528535,0.46200172067679957,0.9153605015673981,109,0,0,0.0,0.0,0,0,0.0,0.0,0.5152450263451085,0.6655029922035172,13.27096068483287,5.477201871851521e-05,0.32693892616887066,0.41397437745105337,74,part_a_ber_lut,full,poisson,0.0,0.0,lut
link_lifetime,synthetic-20260830-v5-slots120-dt0.100000,controlled_synthetic_motion,20260830,5,12.0,3597,1680,990,1659,0,258,1.68,0.4670558798999166,0.0,0.44166666666666665,363.8690476190476,300.00000000000006,900.0,1200.0000000000002,0.46121768140116765,0.07172643869891576,0.5329441201000834,0.8553971486761711,175,0,0,0.0,0.0,0,0,0.0,0.0,0.5065435723669569,0.5644171843241172,12.313949938885447,6.111729243689018e-05,0.32915976617834625,0.2741045695624449,81,part_a_ber_lut,full,poisson,0.0,0.0,lut
link_lifetime,synthetic-20260831-v5-slots120-dt0.100000,controlled_synthetic_motion,20260831,5,12.0,3507,2960,1096,402,0,145,2.96,0.8440262332477901,0.0,0.16833333333333333,620.2702702702703,600.0000000000001,1100.0,1400.0000000000002,0.1146278870829769,0.04134587966923296,0.15597376675220986,0.8999695956217695,39,0,0,0.0,0.0,0,0,0.0,0.0,0.6185827581070024,0.8178693363500609,13.82073615556365,2.7054702564219823e-05,0.2772275398375567,0.39896251169434765,94,part_a_ber_lut,full,poisson,0.0,0.0,lut
link_lifetime,synthetic-20260832-v5-slots120-dt0.100000,controlled_synthetic_motion,20260832,5,12.0,3513,1881,1056,1443,0,189,1.881,0.5354397950469684,0.0,0.5716666666666667,334.71557682084,200.0,900.0,1200.0000000000002,0.4107600341588386,0.053800170794193,0.4645602049530316,0.9228049499116088,69,0,0,0.0,0.0,0,0,0.0,0.0,0.3774934317744745,0.5478984518736851,16.413372750454084,4.923750376845893e-05,0.3195794555037295,1.0986209391401982,69,part_a_ber_lut,full,poisson,0.0,0.0,lut
link_lifetime,synthetic-20260833-v5-slots120-dt0.100000,controlled_synthetic_motion,20260833,5,12.0,3568,596,1850,2676,0,296,0.596,0.16704035874439463,0.175,0.835,254.0268456375839,100.0,900.0,1300.0,0.75,0.08295964125560538,0.8329596412556054,0.7333333333333333,67,0,0,0.0,0.0,0,0,0.0,0.0,0.30527328979030594,0.36375185108998276,10.815270358778864,0.003843418386430678,0.5466446513074309,0.19862435966735237,10,part_a_ber_lut,full,poisson,0.0,0.0,lut
link_lifetime,synthetic-20260834-v5-slots120-dt0.100000,controlled_synthetic_motion,20260834,5,12.0,3640,2321,1101,1019,0,300,2.321,0.6376373626373626,0.0,0.44166666666666665,499.0521327014218,500.0,1000.0,1300.0,0.27994505494505495,0.08241758241758242,0.36236263736263735,0.8864954432477217,159,0,0,0.0,0.0,0,0,0.0,0.0,0.5082011072416928,0.6850898916696135,13.76020110443107,6.0430925090634246e-05,0.3314302798952665,0.45403125173893416,83,part_a_ber_lut,full,poisson,0.0,0.0,lut
link_lifetime,synthetic-20260835-v5-slots120-dt0.100000,controlled_synthetic_motion,20260835,5,12.0,3492,1783,1401,1541,0,168,1.783,0.5105956471935853,0.008333333333333333,0.475,428.5473920358946,300.00000000000006,1100.0,1400.0000000000002,0.4412943871706758,0.048109965635738834,0.48940435280641464,0.8727272727272727,18,0,0,0.0,0.0,0,0,0.0,0.0,0.5132442863012493,0.5862576151169318,14.089113847981732,0.00011011985124000332,0.38321822792195825,0.5517834229826764,71,part_a_ber_lut,full,poisson,0.0,0.0,lut
link_lifetime,synthetic-20260836-v5-slots120-dt0.100000,controlled_synthetic_motion,20260836,5,12.0,3635,1680,2364,1788,0,167,1.68,0.4621733149931224,0.25,0.795,490.0595238095238,400.0,1104.9999999999955,1500.0,0.49188445667125175,0.04594222833562586,0.5378266850068776,0.0,29,0,0,0.0,0.0,0,0,0.0,0.0,0.29349982737751085,0.337590291801443,11.410702844210736,0.00526633407352552,0.5587610153475101,0.23707179826785732,24,part_a_ber_lut,full,poisson,0.0,0.0,lut
link_lifetime,synthetic-20260837-v5-slots120-dt0.100000,controlled_synthetic_motion,20260837,5,12.0,3554,1074,567,2131,0,349,1.074,0.30219471018570626,0.0,0.56,301.86219739292363,200.0,800.0,1000.0,0.5996060776589758,0.09819921215531795,0.6978052898142938,0.8217291507268554,203,0,0,0.0,0.0,0,0,0.0,0.0,0.5507797503652841,0.5180946547900754,13.446370176135023,4.505156776416307e-05,0.2981408184268558,0.36142933407053945,36,part_a_ber_lut,full,poisson,0.0,0.0,lut
link_lifetime,synthetic-20260838-v5-slots120-dt0.100000,controlled_synthetic_motion,20260838,5,12.0,3618,1765,1477,1647,0,206,1.765,0.4878385848535102,0.0,0.5666666666666667,490.25495750708217,400.0,1200.0000000000002,1500.0,0.4552238805970149,0.056937534549474846,0.5121614151464897,0.6152815013404825,33,0,0,0.0,0.0,0,0,0.0,0.0,0.4175241600362409,0.5612538081865324,12.400165877486687,8.490593976482932e-05,0.40178064273956265,0.3376416518362709,35,part_a_ber_lut,full,poisson,0.0,0.0,lut
link_lifetime,synthetic-20260827-v5-slots120-dt0.100000,controlled_synthetic_motion,20260827,5,12.0,3587,2798,955,459,0,330,2.798,0.7800390298299414,0.0,0.2,362.794853466762,300.00000000000006,900.0,1100.0,0.12796208530805686,0.09199888486200167,0.21996097017005856,0.8617185093932861,4,0,0,0.0,0.0,0,0,0.0,0.0,0.5262888146877851,0.7938461326859905,11.787937893137592,3.306107694557328e-05,0.19913093905761106,0.3035566707699544,101,history_noise_0_5m,full,poisson,0.5,0.0,analytical
link_lifetime,synthetic-20260828-v5-slots120-dt0.100000,controlled_synthetic_motion,20260828,5,12.0,3506,1287,3381,1964,0,255,1.287,0.3670849971477467,0.0,0.025,890.5205905205905,900.0,1400.0000000000002,1600.0,0.5601825442099259,0.07273245864232744,0.6329150028522533,0.3797580407199764,100,0,0,0.0,0.0,0,0,0.0,0.0,0.7683403880275075,0.8429394302757083,10.713436758045335,0.00018629023655948224,0.6914262263114767,0.44248728716429536,56,history_noise_0_5m,full,poisson,0.5,0.0,analytical
link_lifetime,synthetic-20260829-v5-slots120-dt0.100000,controlled_synthetic_motion,20260829,5,12.0,3487,2219,1948,1083,0,185,2.219,0.6363636363636364,0.025,0.18666666666666668,478.45876520955386,400.0,1100.0,1382.0000000000166,0.3105821623171781,0.05305420131918555,0.36363636363636365,0.7713941341904379,90,0,0,0.0,0.0,0,0,0.0,0.0,0.645836948488062,0.8120339991846072,7.092843100832425,0.012637159167121822,0.41072115970519996,0.2614033207374821,93,history_noise_0_5m,full,poisson,0.5,0.0,analytical
link_lifetime,synthetic-20260830-v5-slots120-dt0.100000,controlled_synthetic_motion,20260830,5,12.0,3597,2781,743,654,0,162,2.781,0.7731442869057548,0.0,0.2,352.49910104279036,300.00000000000006,800.0,1200.0000000000002,0.18181818181818182,0.045037531276063386,0.2268557130942452,0.9501195763580458,5,0,0,0.0,0.0,0,0,0.0,0.0,0.7082352682612572,0.7977520854357542,11.257806903234389,2.174284978279222e-05,0.17551858086318645,0.22266787620884837,106,history_noise_0_5m,full,poisson,0.5,0.0,analytical
link_lifetime,synthetic-20260831-v5-slots120-dt0.100000,controlled_synthetic_motion,20260831,5,12.0,3507,3300,295,137,0,70,3.3,0.9409751924721984,0.0,0.023333333333333334,288.6969696969697,200.0,600.0000000000001,1000.0,0.039064727687482176,0.01996007984031936,0.05902480752780154,0.948821161587119,28,0,0,0.0,0.0,0,0,0.0,0.0,0.652115332794395,0.9342373260807084,13.143160160498217,4.119673722814997e-05,0.09359860090345788,0.35778595410923203,115,history_noise_0_5m,full,poisson,0.5,0.0,analytical
link_lifetime,synthetic-20260832-v5-slots120-dt0.100000,controlled_synthetic_motion,20260832,5,12.0,3513,2272,1178,1069,0,172,2.272,0.6467406774836322,0.0,0.265,355.58978873239437,300.00000000000006,900.0,1200.0000000000002,0.3042983205237689,0.04896100199259892,0.35325932251636777,0.8813033359193173,27,0,0,0.0,0.0,0,0,0.0,0.0,0.474760365756078,0.7393837997798536,14.258050319814721,8.32054052913966e-05,0.3131771234168648,1.846716739852082,89,history_noise_0_5m,full,poisson,0.5,0.0,analytical
link_lifetime,synthetic-20260833-v5-slots120-dt0.100000,controlled_synthetic_motion,20260833,5,12.0,3568,1523,1568,1794,0,251,1.523,0.42684977578475336,0.0,0.45166666666666666,329.74392646093236,300.00000000000006,900.0,1300.0,0.5028026905829597,0.07034753363228699,0.5731502242152466,0.8489409141583054,57,0,0,0.0,0.0,0,0,0.0,0.0,0.4378183911625778,0.4992005568658655,10.079983282291096,0.0001086545697207811,0.37497911968023084,0.16684263521106216,85,history_noise_0_5m,full,poisson,0.5,0.0,analytical
link_lifetime,synthetic-20260834-v5-slots120-dt0.100000,controlled_synthetic_motion,20260834,5,12.0,3640,2775,751,762,0,103,2.775,0.7623626373626373,0.008333333333333333,0.2966666666666667,325.3693693693694,300.00000000000006,700.0000000000001,1000.0,0.20934065934065935,0.028296703296703297,0.23763736263736263,0.9842333464722113,11,0,0,0.0,0.0,0,0,0.0,0.0,0.5201643585965213,0.7649854311019771,11.020121353944205,0.004241083679912995,0.1955198065099606,0.3348395530657725,110,history_noise_0_5m,full,poisson,0.5,0.0,analytical
link_lifetime,synthetic-20260835-v5-slots120-dt0.100000,controlled_synthetic_motion,20260835,5,12.0,3492,1875,2770,1330,0,287,1.875,0.5369415807560137,0.0,0.2,669.44,700.0000000000001,1100.0,1300.0,0.3808705612829324,0.08218785796105384,0.4630584192439863,0.6677350427350427,3,0,0,0.0,0.0,0,0,0.0,0.0,0.4959159448481519,0.5945094873300619,10.687348893775944,0.0002888673368060832,0.5771287265447874,0.2841896801305982,80,history_noise_0_5m,full,poisson,0.5,0.0,analytical
link_lifetime,synthetic-20260836-v5-slots120-dt0.100000,controlled_synthetic_motion,20260836,5,12.0,3635,2551,1658,990,0,94,2.551,0.7017881705639615,0.0,0.4166666666666667,455.62524500196,400.0,1100.0,1400.0000000000002,0.2723521320495186,0.025859697386519945,0.2982118294360385,0.804478082623778,47,0,0,0.0,0.0,0,0,0.0,0.0,0.34925953565706064,0.40583776835828844,10.84252544979981,8.692405704545878e-05,0.3495653553718435,0.21301018858204204,81,history_noise_0_5m,full,poisson,0.5,0.0,analytical
link_lifetime,synthetic-20260837-v5-slots120-dt0.100000,controlled_synthetic_motion,20260837,5,12.0,3554,1706,1928,1503,0,345,1.706,0.4800225098480585,0.0,0.265,392.43845252051585,300.00000000000006,1000.0,1400.0000000000002,0.4229037703995498,0.09707371975239167,0.5199774901519415,0.719831223628692,187,0,0,0.0,0.0,0,0,0.0,0.0,0.7645381016552003,0.717926532169209,10.908356123220065,0.00016037470801790458,0.39815883993269663,0.22352012198638557,87,history_noise_0_5m,full,poisson,0.5,0.0,analytical
link_lifetime,synthetic-20260838-v5-slots120-dt0.100000,controlled_synthetic_motion,20260838,5,12.0,3618,2639,1123,868,0,111,2.639,0.7294085129906025,0.0,0.27666666666666667,377.45358090185675,300.00000000000006,1000.0,1300.0,0.23991155334438916,0.03067993366500829,0.27059148700939745,0.8900505902192243,27,0,0,0.0,0.0,0,0,0.0,0.0,0.46683558847296364,0.6236644919863594,11.589706192357413,7.270913000068282e-05,0.27339534228848633,0.3140891949677071,94,history_noise_0_5m,full,poisson,0.5,0.0,analytical
link_lifetime,synthetic-20260827-v5-slots120-dt0.100000,controlled_synthetic_motion,20260827,5,12.0,3587,2869,951,450,0,268,2.869,0.799832729300251,0.0,0.2,337.60892296967586,300.00000000000006,800.0,1100.0,0.12545302481182047,0.07471424588792863,0.2001672706997491,0.8835848475515861,4,0,0,0.0,0.0,0,0,0.0,0.0,0.5199320330549279,0.795478928865272,11.511843672757196,3.1537006674938325e-05,0.2007364202923074,0.2762303139872275,102,history_noise_1m,full,poisson,1.0,0.0,analytical
link_lifetime,synthetic-20260828-v5-slots120-dt0.100000,controlled_synthetic_motion,20260828,5,12.0,3506,1083,3664,2159,0,264,1.083,0.30889903023388476,0.0,0.025,959.4644506001847,1000.0,1500.0,1700.0000000000002,0.6158014831717057,0.07529948659440959,0.6911009697661152,0.31956329300678665,100,0,0,0.0,0.0,0,0,0.0,0.0,0.7973981827390806,0.9338456435811826,9.999444146906171,0.00019961136731905962,0.7497284072394914,0.29236673855575035,39,history_noise_1m,full,poisson,1.0,0.0,analytical
link_lifetime,synthetic-20260829-v5-slots120-dt0.100000,controlled_synthetic_motion,20260829,5,12.0,3487,2194,1973,1092,0,201,2.194,0.6291941496988815,0.016666666666666666,0.18666666666666668,517.5934366453965,400.0,1100.0,1500.0,0.3131631775164898,0.05764267278462862,0.37080585030111846,0.7621534752912816,101,0,0,0.0,0.0,0,0,0.0,0.0,0.6513654133181418,0.8209065958246549,8.177022815321527,0.008487550319266566,0.43260340905775824,0.2429498842208413,91,history_noise_1m,full,poisson,1.0,0.0,analytical
link_lifetime,synthetic-20260830-v5-slots120-dt0.100000,controlled_synthetic_motion,20260830,5,12.0,3597,2798,830,647,0,152,2.798,0.7778704475952183,0.0,0.2,350.4288777698356,300.00000000000006,800.0,1200.0000000000002,0.17987211565193217,0.0422574367528496,0.22212955240478177,0.955927570891698,5,0,0,0.0,0.0,0,0,0.0,0.0,0.7160244784249811,0.7991992235433292,11.133646462798389,2.4089433100628426e-05,0.19382861520917874,0.21636703114471612,109,history_noise_1m,full,poisson,1.0,0.0,analytical
link_lifetime,synthetic-20260831-v5-slots120-dt0.100000,controlled_synthetic_motion,20260831,5,12.0,3507,3302,262,133,0,72,3.302,0.9415454804676362,0.0,0.023333333333333334,272.47122955784374,200.0,600.0000000000001,1000.0,0.03792415169660679,0.020530367835757058,0.058454519532363844,0.9493962047153537,36,0,0,0.0,0.0,0,0,0.0,0.0,0.6499453669830593,0.9387518021746418,13.19071953946826,3.258781872196037e-05,0.0853427947519078,0.36079739116357357,119,history_noise_1m,full,poisson,1.0,0.0,analytical
link_lifetime,synthetic-20260832-v5-slots120-dt0.100000,controlled_synthetic_motion,20260832,5,12.0,3513,2271,1310,1070,0,172,2.271,0.6464560204953032,0.016666666666666666,0.265,366.79876706296784,300.00000000000006,900.0,1200.0000000000002,0.3045829775120979,0.04896100199259892,0.35354397950469685,0.8809154383242824,32,0,0,0.0,0.0,0,0,0.0,0.0,0.47363792526307524,0.7400077330281747,11.199839067024417,0.008421814060653923,0.35233067104662896,1.2415583327547022,92,history_noise_1m,full,poisson,1.0,0.0,analytical
link_lifetime,synthetic-20260833-v5-slots120-dt0.100000,controlled_synthetic_motion,20260833,5,12.0,3568,1546,1794,1771,0,251,1.546,0.43329596412556054,0.0,0.45166666666666666,347.1539456662355,300.00000000000006,900.0,1200.0000000000002,0.49635650224215244,0.07034753363228699,0.5667040358744395,0.8617614269788183,57,0,0,0.0,0.0,0,0,0.0,0.0,0.44488049303023364,0.5115488564678285,9.97260071097084,0.0001381875819308167,0.4271012068355971,0.16359852070599434,85,history_noise_1m,full,poisson,1.0,0.0,analytical
link_lifetime,synthetic-20260834-v5-slots120-dt0.100000,controlled_synthetic_motion,20260834,5,12.0,3640,2718,771,785,0,137,2.718,0.7467032967032967,0.0,0.2966666666666667,306.14422369389257,300.00000000000006,700.0000000000001,1000.0,0.21565934065934067,0.037637362637362635,0.2532967032967033,0.9594008671659441,29,0,0,0.0,0.0,0,0,0.0,0.0,0.5200511355556838,0.7621206586036103,12.273667063610791,8.666682535013238e-05,0.20257816148676214,0.3289054936192234,105,history_noise_1m,full,poisson,1.0,0.0,analytical
link_lifetime,synthetic-20260835-v5-slots120-dt0.100000,controlled_synthetic_motion,20260835,5,12.0,3492,1833,2905,1399,0,260,1.833,0.5249140893470791,0.0,0.2,696.5630114566285,700.0000000000001,1200.0000000000002,1500.0,0.40063001145475374,0.07445589919816724,0.47508591065292094,0.6527777777777778,3,0,0,0.0,0.0,0,0,0.0,0.0,0.48660157672809007,0.5840826680349004,10.502270637138578,0.0002996237655315637,0.6037489787185614,0.26534549480709035,80,history_noise_1m,full,poisson,1.0,0.0,analytical
link_lifetime,synthetic-20260836-v5-slots120-dt0.100000,controlled_synthetic_motion,20260836,5,12.0,3635,2548,1655,993,0,94,2.548,0.7009628610729023,0.0,0.4166666666666667,455.96546310832025,300.00000000000006,1100.0,1400.0000000000002,0.2731774415405777,0.025859697386519945,0.29903713892709766,0.8035320088300221,47,0,0,0.0,0.0,0,0,0.0,0.0,0.34980444304117336,0.4062042128831413,10.804964653306206,8.837823102564629e-05,0.34870246302122077,0.21074158654143257,96,history_noise_1m,full,poisson,1.0,0.0,analytical
link_lifetime,synthetic-20260837-v5-slots120-dt0.100000,controlled_synthetic_motion,20260837,5,12.0,3554,1693,2061,1524,0,337,1.693,0.4763646595385481,0.0,0.265,408.2102776137035,300.00000000000006,1000.0,1400.0000000000002,0.4288126055149128,0.09482273494653912,0.5236353404614519,0.7143459915611814,187,0,0,0.0,0.0,0,0,0.0,0.0,0.7636763050443286,0.7187178007254768,10.76488892310274,0.00016739424333032336,0.430836666932135,0.21624924030249681,82,history_noise_1m,full,poisson,1.0,0.0,analytical
link_lifetime,synthetic-20260838-v5-slots120-dt0.100000,controlled_synthetic_motion,20260838,5,12.0,3618,2628,1149,870,0,120,2.628,0.7263681592039801,0.0,0.27666666666666667,385.99695585996955,300.00000000000006,1000.0,1300.0,0.24046434494195687,0.03316749585406302,0.2736318407960199,0.8863406408094435,27,0,0,0.0,0.0,0,0,0.0,0.0,0.46464988700606785,0.6214538899496488,11.539859499148639,7.524754694312295e-05,0.2763619381589314,0.30901016557120536,89,history_noise_1m,full,poisson,1.0,0.0,analytical
link_lifetime,synthetic-20260827-v5-slots120-dt0.100000,controlled_synthetic_motion,20260827,5,12.0,3587,2828,1024,463,0,296,2.828,0.7884025648173961,0.0,0.2,317.0792079207921,300.00000000000006,800.0,1100.0,0.12907722330638416,0.08252021187621968,0.21159743518260385,0.8709578072066523,4,0,0,0.0,0.0,0,0,0.0,0.0,0.5142135556778611,0.7966822227644086,11.36812838899278,3.5174407706114264e-05,0.21875749330969677,0.2655758445133937,101,history_noise_2m,full,poisson,2.0,0.0,analytical
link_lifetime,synthetic-20260828-v5-slots120-dt0.100000,controlled_synthetic_motion,20260828,5,12.0,3506,1075,3692,2164,0,267,1.075,0.30661722760981175,0.0,0.025,957.953488372093,1000.0,1500.0,1700.0000000000002,0.6172276098117513,0.07615516257843696,0.6933827723901882,0.3172027146650929,100,0,0,0.0,0.0,0,0,0.0,0.0,0.7174074315494758,0.9459068427590862,9.974831918158154,0.00019993356197219638,0.7609853964842288,0.3245878174459337,41,history_noise_2m,full,poisson,2.0,0.0,analytical
link_lifetime,synthetic-20260829-v5-slots120-dt0.100000,controlled_synthetic_motion,20260829,5,12.0,3487,2182,1952,1122,0,183,2.182,0.6257527960997993,0.008333333333333333,0.18666666666666668,505.04124656278645,400.0,1100.0,1400.0000000000002,0.3217665615141956,0.05248064238600516,0.3742472039002007,0.7557251908396947,83,0,0,0.0,0.0,0,0,0.0,0.0,0.6366151834315887,0.8168368474488722,9.534545820415497,0.004316177630187849,0.4238837699765269,0.24388656240925863,92,history_noise_2m,full,poisson,2.0,0.0,analytical
link_lifetime,synthetic-20260830-v5-slots120-dt0.100000,controlled_synthetic_motion,20260830,5,12.0,3597,2799,915,659,0,139,2.799,0.7781484570475397,0.0,0.2,357.7706323687031,300.00000000000006,800.0,1100.0,0.1832082290797887,0.03864331387267167,0.22185154295246037,0.9562692176289717,5,0,0,0.0,0.0,0,0,0.0,0.0,0.7149497055797261,0.7989314196486154,11.068192409494266,2.504256083049893e-05,0.20114414298733316,0.21296659265326248,107,history_noise_2m,full,poisson,2.0,0.0,analytical
link_lifetime,synthetic-20260831-v5-slots120-dt0.100000,controlled_synthetic_motion,20260831,5,12.0,3507,3284,318,151,0,72,3.284,0.9364128885086969,0.0,0.023333333333333334,276.7356881851401,200.0,600.0000000000001,1000.0,0.04305674365554605,0.020530367835757058,0.06358711149130311,0.9442208165612421,36,0,0,0.0,0.0,0,0,0.0,0.0,0.6424045818578207,0.9275347084584717,13.03886014065093,4.5200736666347315e-05,0.10387355414471429,0.3504949677439315,116,history_noise_2m,full,poisson,2.0,0.0,analytical
link_lifetime,synthetic-20260832-v5-slots120-dt0.100000,controlled_synthetic_motion,20260832,5,12.0,3513,2288,1428,1052,0,173,2.288,0.6512951892968972,0.0,0.265,381.2062937062937,300.00000000000006,900.0,1300.0,0.2994591517221748,0.04924565898092798,0.3487048107031028,0.8875096974398758,14,0,0,0.0,0.0,0,0,0.0,0.0,0.4757988916993791,0.7399515353319814,13.644140389982743,0.00010490938372753031,0.38928502669409387,3.0028080634242964,90,history_noise_2m,full,poisson,2.0,0.0,analytical
link_lifetime,synthetic-20260833-v5-slots120-dt0.100000,controlled_synthetic_motion,20260833,5,12.0,3568,1528,1904,1786,0,254,1.528,0.4282511210762332,0.0,0.45166666666666666,379.9738219895288,300.00000000000006,900.0,1273.0000000000018,0.500560538116592,0.07118834080717489,0.5717488789237668,0.8517279821627648,57,0,0,0.0,0.0,0,0,0.0,0.0,0.44368296631878196,0.5108617886399066,9.887629752468573,0.0001535506222277113,0.4520931112057952,0.16043794097025554,81,history_noise_2m,full,poisson,2.0,0.0,analytical
link_lifetime,synthetic-20260834-v5-slots120-dt0.100000,controlled_synthetic_motion,20260834,5,12.0,3640,2760,681,783,0,97,2.76,0.7582417582417582,0.0,0.2966666666666667,293.65942028985506,200.0,700.0000000000001,1000.0,0.21510989010989012,0.026648351648351647,0.24175824175824176,0.9771383523847064,29,0,0,0.0,0.0,0,0,0.0,0.0,0.5157205538769423,0.7567674365481843,12.40634288540973,7.66049252022257e-05,0.1756745968195915,0.33429359665051733,104,history_noise_2m,full,poisson,2.0,0.0,analytical
link_lifetime,synthetic-20260835-v5-slots120-dt0.100000,controlled_synthetic_motion,20260835,5,12.0,3492,1748,3001,1448,0,296,1.748,0.5005727376861397,0.0,0.2,713.9588100686499,700.0000000000001,1200.0000000000002,1452.9999999999973,0.4146620847651776,0.08476517754868271,0.49942726231386025,0.6225071225071225,3,0,0,0.0,0.0,0,0,0.0,0.0,0.4705118570988605,0.5613168403564628,10.37428115166052,0.000312851292231007,0.6290549496412087,0.25999770340900946,76,history_noise_2m,full,poisson,2.0,0.0,analytical
link_lifetime,synthetic-20260836-v5-slots120-dt0.100000,controlled_synthetic_motion,20260836,5,12.0,3635,2538,1668,1003,0,94,2.538,0.6982118294360385,0.0,0.4166666666666667,474.5074862096139,400.0,1100.0,1400.0000000000002,0.2759284731774415,0.025859697386519945,0.3017881705639615,0.8003784295175024,47,0,0,0.0,0.0,0,0,0.0,0.0,0.34573740689591503,0.3921384865770632,10.761852933493122,9.789316866783405e-05,0.36258974006128997,0.2090932360411629,87,history_noise_2m,full,poisson,2.0,0.0,analytical
link_lifetime,synthetic-20260837-v5-slots120-dt0.100000,controlled_synthetic_motion,20260837,5,12.0,3554,1689,2138,1525,0,340,1.689,0.4752391671356218,0.0,0.265,413.08466548253404,300.00000000000006,1000.0,1300.0,0.42909397861564436,0.09566685424873382,0.5247608328643781,0.7126582278481013,187,0,0,0.0,0.0,0,0,0.0,0.0,0.7692063564823366,0.7245765928841966,10.52184212652557,0.00018934107686099458,0.45876789449806343,0.2024171350996284,85,history_noise_2m,full,poisson,2.0,0.0,analytical
link_lifetime,synthetic-20260838-v5-slots120-dt0.100000,controlled_synthetic_motion,20260838,5,12.0,3618,2638,1144,860,0,120,2.638,0.7291321171918187,0.0,0.27666666666666667,377.1417740712661,300.00000000000006,900.0,1300.0,0.2377003869541183,0.03316749585406302,0.2708678828081813,0.8897133220910624,27,0,0,0.0,0.0,0,0,0.0,0.0,0.4651950845655009,0.6224685007397224,11.473500592952357,7.602595135579581e-05,0.2787266103375565,0.30236408026242517,94,history_noise_2m,full,poisson,2.0,0.0,analytical
link_lifetime,synthetic-20260827-v5-slots120-dt0.100000,controlled_synthetic_motion,20260827,5,12.0,3587,2704,287,692,0,191,2.704,0.7538332868692501,0.0,0.2,568.1582840236687,600.0000000000001,1000.0,1200.0000000000002,0.1929188737106217,0.05324783942012824,0.24616671313074992,0.832768709578072,4,0,0,0.0,0.0,0,0,0.0,0.0,0.5104251718726439,0.7727214405738697,13.62963759337187,5.320736898940917e-06,0.05389409384673151,0.4769903082806795,90,forecast_error_0_5m,full,poisson,0.0,0.5,analytical
link_lifetime,synthetic-20260828-v5-slots120-dt0.100000,controlled_synthetic_motion,20260828,5,12.0,3506,1640,2146,1580,0,286,1.64,0.4677695379349686,0.0,0.025,697.0121951219512,700.0000000000001,1300.0,1600.0,0.450656018254421,0.08157444381061038,0.5322304620650313,0.48391856004721157,100,0,0,0.0,0.0,0,0,0.0,0.0,0.8036165133393289,0.7963789065131004,12.044331283639924,0.00011081032147075406,0.4632871106032679,0.5670917877918519,95,forecast_error_0_5m,full,poisson,0.0,0.5,analytical
link_lifetime,synthetic-20260829-v5-slots120-dt0.100000,controlled_synthetic_motion,20260829,5,12.0,3487,2216,1287,1057,0,214,2.216,0.6355032979638657,0.0,0.18666666666666668,427.48194945848377,400.0,1000.0,1300.0,0.3031258961858331,0.06137080585030112,0.3644967020361342,0.7661711530735235,118,0,0,0.0,0.0,0,0,0.0,0.0,0.6438034655860254,0.7901799843682076,11.535644998534186,0.00011023159016231566,0.27165472742078056,0.2833666441106917,96,forecast_error_0_5m,full,poisson,0.0,0.5,analytical
link_lifetime,synthetic-20260830-v5-slots120-dt0.100000,controlled_synthetic_motion,20260830,5,12.0,3597,2648,650,791,0,158,2.648,0.7361690297470114,0.0,0.2,405.1737160120846,400.0,900.0,1300.0,0.21990547678621072,0.04392549346677787,0.26383097025298863,0.9046805603006491,5,0,0,0.0,0.0,0,0,0.0,0.0,0.6922855312120197,0.785200209405478,11.523827963769994,1.6213890095365708e-05,0.13161402184055757,0.23544291616347254,101,forecast_error_0_5m,full,poisson,0.0,0.5,analytical
link_lifetime,synthetic-20260831-v5-slots120-dt0.100000,controlled_synthetic_motion,20260831,5,12.0,3507,3308,76,131,0,68,3.308,0.9432563444539492,0.0,0.023333333333333334,298.91172914147523,300.00000000000006,600.0000000000001,700.0000000000001,0.03735386370116909,0.019389791844881665,0.05674365554605076,0.9511213341000575,29,0,0,0.0,0.0,0,0,0.0,0.0,0.6502628596827856,0.9290200419296406,13.599862746378307,1.5045224158995862e-05,0.02622149784009948,0.38820734616415814,118,forecast_error_0_5m,full,poisson,0.0,0.5,analytical
link_lifetime,synthetic-20260832-v5-slots120-dt0.100000,controlled_synthetic_motion,20260832,5,12.0,3513,2257,627,1084,0,172,2.257,0.6424708226586963,0.0,0.265,318.29862649534783,300.00000000000006,800.0,1200.0000000000002,0.3085681753487048,0.04896100199259892,0.35752917734130374,0.8754848719937937,50,0,0,0.0,0.0,0,0,0.0,0.0,0.4695588410838833,0.7324921207500418,14.41606123305108,2.991178925064998e-05,0.14912336368235435,1.0093734171890083,87,forecast_error_0_5m,full,poisson,0.0,0.5,analytical
link_lifetime,synthetic-20260833-v5-slots120-dt0.100000,controlled_synthetic_motion,20260833,5,12.0,3568,1412,443,1909,0,247,1.412,0.3957399103139013,0.0,0.45166666666666666,326.62889518413596,200.0,1000.0,1300.0,0.5350336322869955,0.06922645739910314,0.6042600896860987,0.7870680044593088,57,0,0,0.0,0.0,0,0,0.0,0.0,0.39851686318562596,0.4393863559756394,10.728531967127262,1.4639921429555625e-05,0.13113025067390052,0.19049549337563526,42,forecast_error_0_5m,full,poisson,0.0,0.5,analytical
link_lifetime,synthetic-20260834-v5-slots120-dt0.100000,controlled_synthetic_motion,20260834,5,12.0,3640,2676,741,790,0,174,2.676,0.7351648351648352,0.0,0.2966666666666667,467.60089686098655,400.0,900.0,1200.0000000000002,0.21703296703296704,0.0478021978021978,0.26483516483516484,0.9396925502562081,33,0,0,0.0,0.0,0,0,0.0,0.0,0.5222103112270123,0.756464483005264,12.143866275607765,7.779107092124856e-05,0.2118166818429616,0.3218838378685016,96,forecast_error_0_5m,full,poisson,0.0,0.5,analytical
link_lifetime,synthetic-20260835-v5-slots120-dt0.100000,controlled_synthetic_motion,20260835,5,12.0,3492,2055,2430,1204,0,233,2.055,0.5884879725085911,0.0,0.2,579.4160583941606,600.0000000000001,1000.0,1200.0000000000002,0.3447880870561283,0.06672394043528064,0.4115120274914089,0.7318376068376068,3,0,0,0.0,0.0,0,0,0.0,0.0,0.5233235745155445,0.6054543651734382,11.121895366520416,0.00024869987743686943,0.4986201049375641,0.31180072499510864,91,forecast_error_0_5m,full,poisson,0.0,0.5,analytical
link_lifetime,synthetic-20260836-v5-slots120-dt0.100000,controlled_synthetic_motion,20260836,5,12.0,3635,2553,1603,988,0,94,2.553,0.7023383768913343,0.0,0.4166666666666667,437.6811594202899,300.00000000000006,1100.0,1400.0000000000002,0.2718019257221458,0.025859697386519945,0.29766162310866573,0.8051087984862819,47,0,0,0.0,0.0,0,0,0.0,0.0,0.3507491846510716,0.43374164060236153,10.813418342897528,8.6383155398801e-05,0.33962792671321224,0.21097921575759956,83,forecast_error_0_5m,full,poisson,0.0,0.5,analytical
link_lifetime,synthetic-20260837-v5-slots120-dt0.100000,controlled_synthetic_motion,20260837,5,12.0,3554,1559,537,1647,0,348,1.559,0.43866066404051773,0.0,0.265,285.24695317511225,200.0,800.0,1100.0,0.46342149690489587,0.09791783905458638,0.5613393359594823,0.6578059071729958,187,0,0,0.0,0.0,0,0,0.0,0.0,0.7215589119382492,0.6734192182452046,12.490137916739151,6.957630353071547e-05,0.11511125316449726,0.3089899273809022,73,forecast_error_0_5m,full,poisson,0.0,0.5,analytical
link_lifetime,synthetic-20260838-v5-slots120-dt0.100000,controlled_synthetic_motion,20260838,5,12.0,3618,2645,812,852,0,121,2.645,0.7310668877833056,0.0,0.27666666666666667,364.1587901701323,300.00000000000006,1000.0,1200.0000000000002,0.23548922056384744,0.03344389165284688,0.2689331122166943,0.8920741989881956,27,0,0,0.0,0.0,0,0,0.0,0.0,0.4754325071397869,0.6457661421653105,11.547814275958585,3.621309090945832e-05,0.18528983540467112,0.2942041586002014,100,forecast_error_0_5m,full,poisson,0.0,0.5,analytical
link_lifetime,synthetic-20260827-v5-slots120-dt0.100000,controlled_synthetic_motion,20260827,5,12.0,3587,2676,265,716,0,195,2.676,0.746027320880959,0.0,0.2,550.896860986547,550.0,1000.0,1200.0000000000002,0.19960970170058545,0.054362977418455534,0.253972679119041,0.8241453649522636,4,0,0,0.0,0.0,0,0,0.0,0.0,0.5077341622358246,0.7689055597417371,13.667973541832726,5.000586535108544e-06,0.051218396897036986,0.48067140951260423,89,forecast_error_1m,full,poisson,0.0,1.0,analytical
link_lifetime,synthetic-20260828-v5-slots120-dt0.100000,controlled_synthetic_motion,20260828,5,12.0,3506,1628,2274,1614,0,264,1.628,0.4643468339988591,0.0,0.025,706.8181818181819,700.0000000000001,1300.0,1600.0,0.46035367940673133,0.07529948659440959,0.5356531660011409,0.480377692534671,100,0,0,0.0,0.0,0,0,0.0,0.0,0.7995414615310358,0.7952925412274268,11.90852625587461,0.00012149857130316907,0.48917037601448354,0.5731679867529244,89,forecast_error_1m,full,poisson,0.0,1.0,analytical
link_lifetime,synthetic-20260829-v5-slots120-dt0.100000,controlled_synthetic_motion,20260829,5,12.0,3487,2213,1331,1077,0,197,2.213,0.6346429595640952,0.0,0.18666666666666668,437.9123361952101,400.0,1100.0,1400.0000000000002,0.3088614855176369,0.056495554918267854,0.3653570404359048,0.7685817597428686,90,0,0,0.0,0.0,0,0,0.0,0.0,0.6369413770657254,0.7873164564267764,11.495433210900265,0.00012084553508254567,0.2805678005956552,0.28052399792970883,93,forecast_error_1m,full,poisson,0.0,1.0,analytical
link_lifetime,synthetic-20260830-v5-slots120-dt0.100000,controlled_synthetic_motion,20260830,5,12.0,3597,2630,562,808,0,159,2.63,0.7311648596052266,0.0,0.2,401.9771863117871,400.0,900.0,1300.0,0.22463163747567416,0.04420350291909925,0.2688351403947734,0.8985309190297233,5,0,0,0.0,0.0,0,0,0.0,0.0,0.6841932940768005,0.7772588549456226,11.593447065383247,1.3860459648478728e-05,0.11502834741161629,0.23874308543911005,96,forecast_error_1m,full,poisson,0.0,1.0,analytical
link_lifetime,synthetic-20260831-v5-slots120-dt0.100000,controlled_synthetic_motion,20260831,5,12.0,3507,3310,88,123,0,74,3.31,0.9438266324493869,0.0,0.023333333333333334,316.58610271903325,300.00000000000006,600.0000000000001,800.0,0.03507271171941831,0.021100655831194755,0.05617336755061306,0.9516963772282921,32,0,0,0.0,0.0,0,0,0.0,0.0,0.6554612296665889,0.936685174083129,13.563070393520588,1.3551747300045978e-05,0.03024913885262796,0.3853503384717007,118,forecast_error_1m,full,poisson,0.0,1.0,analytical
link_lifetime,synthetic-20260832-v5-slots120-dt0.100000,controlled_synthetic_motion,20260832,5,12.0,3513,2242,589,1099,0,172,2.242,0.6382009678337603,0.0,0.265,323.90722569134704,300.00000000000006,800.0,1300.0,0.31283803017364076,0.04896100199259892,0.36179903216623965,0.86966640806827,56,0,0,0.0,0.0,0,0,0.0,0.0,0.465137480544333,0.7292399597116249,14.316820214585618,2.9239960163301737e-05,0.14459942071892998,0.8789135093588832,90,forecast_error_1m,full,poisson,0.0,1.0,analytical
link_lifetime,synthetic-20260833-v5-slots120-dt0.100000,controlled_synthetic_motion,20260833,5,12.0,3568,1413,555,1903,0,252,1.413,0.3960201793721973,0.0,0.45166666666666666,325.61924982307147,200.0,1000.0,1300.0,0.5333520179372198,0.07062780269058296,0.6039798206278026,0.7876254180602007,57,0,0,0.0,0.0,0,0,0.0,0.0,0.4004691535078702,0.44415128537339255,10.670634718126625,2.90029639797108e-05,0.15198306430424108,0.18859054565414188,55,forecast_error_1m,full,poisson,0.0,1.0,analytical
link_lifetime,synthetic-20260834-v5-slots120-dt0.100000,controlled_synthetic_motion,20260834,5,12.0,3640,2676,741,790,0,174,2.676,0.7351648351648352,0.0,0.2966666666666667,467.60089686098655,400.0,900.0,1200.0000000000002,0.21703296703296704,0.0478021978021978,0.26483516483516484,0.9396925502562081,33,0,0,0.0,0.0,0,0,0.0,0.0,0.5222103112270123,0.756464483005264,12.143866275607765,7.779107092124856e-05,0.2118166818429616,0.3218838378685016,96,forecast_error_1m,full,poisson,0.0,1.0,analytical
link_lifetime,synthetic-20260835-v5-slots120-dt0.100000,controlled_synthetic_motion,20260835,5,12.0,3492,2055,2430,1204,0,233,2.055,0.5884879725085911,0.0,0.2,579.4160583941606,600.0000000000001,1000.0,1200.0000000000002,0.3447880870561283,0.06672394043528064,0.4115120274914089,0.7318376068376068,3,0,0,0.0,0.0,0,0,0.0,0.0,0.5233235745155445,0.6054543651734382,11.121895366520416,0.00024869987743686943,0.4986201049375641,0.31180072499510864,91,forecast_error_1m,full,poisson,0.0,1.0,analytical
link_lifetime,synthetic-20260836-v5-slots120-dt0.100000,controlled_synthetic_motion,20260836,5,12.0,3635,2563,1620,978,0,94,2.563,0.7050894085281981,0.0,0.4166666666666667,454.7405384315256,400.0,1100.0,1400.0000000000002,0.269050894085282,0.025859697386519945,0.29491059147180193,0.8082623777988016,47,0,0,0.0,0.0,0,0,0.0,0.0,0.35205487344266967,0.43445972397285504,10.79698110389433,9.222540046790602e-05,0.3456395110546563,0.21049250617777931,90,forecast_error_1m,full,poisson,0.0,1.0,analytical
link_lifetime,synthetic-20260837-v5-slots120-dt0.100000,controlled_synthetic_motion,20260837,5,12.0,3554,1591,731,1615,0,348,1.591,0.447664603263928,0.0,0.265,312.3192960402263,200.0,900.0,1200.0000000000002,0.4544175576814857,0.09791783905458638,0.552335396736072,0.6713080168776371,187,0,0,0.0,0.0,0,0,0.0,0.0,0.7293507309265415,0.6814068637650419,12.278186173026217,8.582316313564867e-05,0.15280769628255647,0.2975936161694739,78,forecast_error_1m,full,poisson,0.0,1.0,analytical
link_lifetime,synthetic-20260838-v5-slots120-dt0.100000,controlled_synthetic_motion,20260838,5,12.0,3618,2631,852,867,0,120,2.631,0.7271973466003316,0.0,0.27666666666666667,375.44659825161534,300.00000000000006,1000.0,1300.0,0.2396351575456053,0.03316749585406302,0.2728026533996683,0.8873524451939292,27,0,0,0.0,0.0,0,0,0.0,0.0,0.4857583552248159,0.6455864347334274,11.466279893642191,3.937331323986589e-05,0.1917939424213441,0.2802283194528258,103,forecast_error_1m,full,poisson,0.0,1.0,analytical
link_lifetime,synthetic-20260827-v5-slots120-dt0.100000,controlled_synthetic_motion,20260827,5,12.0,3587,2685,262,676,0,226,2.685,0.7485363813771955,0.0,0.2,497.3556797020484,500.0,900.0,1100.0,0.18845832171731253,0.06300529690549206,0.2514636186228046,0.8269171542962734,4,0,0,0.0,0.0,0,0,0.0,0.0,0.5194076531165468,0.774347512514485,13.643259611049844,4.792623111231468e-06,0.05010527642360531,0.47763382090330136,90,forecast_error_2m,full,poisson,0.0,2.0,analytical
link_lifetime,synthetic-20260828-v5-slots120-dt0.100000,controlled_synthetic_motion,20260828,5,12.0,3506,1613,2282,1636,0,257,1.613,0.4600684540787222,0.0,0.025,731.556106633602,700.0000000000001,1300.0,1587.9999999999882,0.46662863662293214,0.0733029092983457,0.5399315459212778,0.4759516081439953,100,0,0,0.0,0.0,0,0,0.0,0.0,0.7907211184135546,0.7950897515569764,11.845927672441949,0.0001314034255057058,0.4953225449478378,0.5666303353797109,91,forecast_error_2m,full,poisson,0.0,2.0,analytical
link_lifetime,synthetic-20260829-v5-slots120-dt0.100000,controlled_synthetic_motion,20260829,5,12.0,3487,2103,1507,1170,0,214,2.103,0.6030972182391741,0.0,0.18666666666666668,474.08464098906325,400.0,1200.0000000000002,1500.0,0.3355319759105248,0.06137080585030112,0.39690278176082594,0.7251908396946565,83,0,0,0.0,0.0,0,0,0.0,0.0,0.6442045235225357,0.7932057805203985,11.379793093499611,0.00014872914648719342,0.3175965467540788,0.27923835813486647,87,forecast_error_2m,full,poisson,0.0,2.0,analytical
link_lifetime,synthetic-20260830-v5-slots120-dt0.100000,controlled_synthetic_motion,20260830,5,12.0,3597,2618,625,780,0,199,2.618,0.72782874617737,0.0,0.2,409.205500381971,400.0,900.0,1300.0,0.21684737281067556,0.05532388101195441,0.27217125382262997,0.8944311581824393,5,0,0,0.0,0.0,0,0,0.0,0.0,0.6989955524461546,0.7864924167883381,11.560131648840967,1.5566229519728564e-05,0.12707232475824334,0.23743812948141355,101,forecast_error_2m,full,poisson,0.0,2.0,analytical
link_lifetime,synthetic-20260831-v5-slots120-dt0.100000,controlled_synthetic_motion,20260831,5,12.0,3507,3330,172,123,0,54,3.33,0.9495295124037639,0.0,0.023333333333333334,326.6966966966967,300.00000000000006,600.0000000000001,800.0,0.03507271171941831,0.015397775876817793,0.0504704875962361,0.9574468085106383,23,0,0,0.0,0.0,0,0,0.0,0.0,0.6566666567969373,0.9362423878904331,13.404147371446722,2.8379725960213853e-05,0.05518850128943974,0.37579780584101646,119,forecast_error_2m,full,poisson,0.0,2.0,analytical
link_lifetime,synthetic-20260832-v5-slots120-dt0.100000,controlled_synthetic_motion,20260832,5,12.0,3513,2252,634,1089,0,172,2.252,0.6410475377170509,0.0,0.265,334.68028419182946,300.00000000000006,800.0,1300.0,0.30999146029035013,0.04896100199259892,0.358952462282949,0.873545384018619,50,0,0,0.0,0.0,0,0,0.0,0.0,0.4683049709635449,0.7319174821656282,14.271938075823483,3.03962727441975e-05,0.15228793842999797,0.8853273486076846,90,forecast_error_2m,full,poisson,0.0,2.0,analytical
link_lifetime,synthetic-20260833-v5-slots120-dt0.100000,controlled_synthetic_motion,20260833,5,12.0,3568,1418,661,1905,0,245,1.418,0.39742152466367714,0.0,0.45166666666666666,337.4471086036671,200.0,1100.0,1400.0000000000002,0.5339125560538116,0.06866591928251121,0.6025784753363229,0.79041248606466,57,0,0,0.0,0.0,0,0,0.0,0.0,0.40657895002901645,0.44989524760761207,10.647672439523763,3.243051834078544e-05,0.16786382887269372,0.1878299057674415,58,forecast_error_2m,full,poisson,0.0,2.0,analytical
link_lifetime,synthetic-20260834-v5-slots120-dt0.100000,controlled_synthetic_motion,20260834,5,12.0,3640,2605,743,796,0,239,2.605,0.7156593406593407,0.0,0.2966666666666667,472.6295585412668,400.0,900.0,1200.0000000000002,0.21868131868131868,0.06565934065934066,0.28434065934065933,0.9085534095388254,33,0,0,0.0,0.0,0,0,0.0,0.0,0.5280223937938534,0.7753912955763606,12.045750550448352,8.626679518105995e-05,0.22269274116910592,0.3141458296621828,93,forecast_error_2m,full,poisson,0.0,2.0,analytical
link_lifetime,synthetic-20260835-v5-slots120-dt0.100000,controlled_synthetic_motion,20260835,5,12.0,3492,1875,2643,1360,0,257,1.875,0.5369415807560137,0.0,0.2,640.7466666666667,600.0000000000001,1200.0000000000002,1500.0,0.38946162657502864,0.07359679266895762,0.4630584192439863,0.6677350427350427,3,0,0,0.0,0.0,0,0,0.0,0.0,0.5356314413846849,0.6093930042800395,10.811606428278905,0.0002780934729649356,0.5446688005170052,0.29322418408049405,85,forecast_error_2m,full,poisson,0.0,2.0,analytical
link_lifetime,synthetic-20260836-v5-slots120-dt0.100000,controlled_synthetic_motion,20260836,5,12.0,3635,2554,1612,987,0,94,2.554,0.7026134800550207,0.0,0.4166666666666667,467.6194205168363,400.0,1100.0,1400.0000000000002,0.27152682255845945,0.025859697386519945,0.2973865199449794,0.805424156417534,47,0,0,0.0,0.0,0,0,0.0,0.0,0.353726184317413,0.4356943162184071,10.807894984009298,8.777356213538872e-05,0.3420655759013733,0.21062669168620549,90,forecast_error_2m,full,poisson,0.0,2.0,analytical
link_lifetime,synthetic-20260837-v5-slots120-dt0.100000,controlled_synthetic_motion,20260837,5,12.0,3554,1572,900,1634,0,348,1.572,0.4423185143500281,0.0,0.265,318.63867684478373,200.0,800.0,1100.0,0.4597636465953855,0.09791783905458638,0.5576814856499719,0.6632911392405063,187,0,0,0.0,0.0,0,0,0.0,0.0,0.7308060151710065,0.6815812326574445,12.134730552073544,9.89359114018225e-05,0.18550260404363902,0.2901016875954874,83,forecast_error_2m,full,poisson,0.0,2.0,analytical
link_lifetime,synthetic-20260838-v5-slots120-dt0.100000,controlled_synthetic_motion,20260838,5,12.0,3618,2631,980,867,0,120,2.631,0.7271973466003316,0.0,0.27666666666666667,398.0995819080198,300.00000000000006,1000.0,1300.0,0.2396351575456053,0.03316749585406302,0.2728026533996683,0.8873524451939292,27,0,0,0.0,0.0,0,0,0.0,0.0,0.48271273785967694,0.6479984499668953,11.32141825212258,6.572405352186491e-05,0.22664743277853253,0.273889396530627,105,forecast_error_2m,full,poisson,0.0,2.0,analytical
link_lifetime,synthetic-20260827-v5-slots120-dt0.100000,controlled_synthetic_motion,20260827,5,12.0,3620,2892,481,567,0,161,2.892,0.7988950276243094,0.0,0.2,425.1728907330567,400.0,800.0,1300.0,0.15662983425414365,0.044475138121546964,0.2011049723756906,0.876629281600485,19,0,0,0.0,0.0,0,0,0.0,0.0,0.529771316329381,0.7831343491503491,12.618277680397616,1.524935370696673e-05,0.10318502972994574,0.3648729224511625,107,periodic_traffic,full,periodic,0.0,0.0,analytical
link_lifetime,synthetic-20260828-v5-slots120-dt0.100000,controlled_synthetic_motion,20260828,5,12.0,3519,1588,2085,1748,0,183,1.588,0.4512645637965331,0.0,0.025,669.4584382871536,600.0000000000001,1400.0000000000002,1600.0,0.49673202614379086,0.05200341005967604,0.5487354362034669,0.4688514909949808,117,0,0,0.0,0.0,0,0,0.0,0.0,0.7418443263152011,0.7649862240894422,12.463621091711781,0.00011522125627641537,0.441345670574978,0.668678683500593,90,periodic_traffic,full,periodic,0.0,0.0,analytical
link_lifetime,synthetic-20260829-v5-slots120-dt0.100000,controlled_synthetic_motion,20260829,5,12.0,3561,2313,1307,1104,0,144,2.313,0.649536647009267,0.0,0.18666666666666668,406.87418936446176,300.00000000000006,1000.0,1300.0,0.3100252737994945,0.040438079191238416,0.35046335299073295,0.801762114537445,126,0,0,0.0,0.0,0,0,0.0,0.0,0.6414265649250336,0.7752578589106708,11.4501446961897,0.00010134801300072446,0.30074841318580076,0.27869512700634025,92,periodic_traffic,full,periodic,0.0,0.0,analytical
link_lifetime,synthetic-20260830-v5-slots120-dt0.100000,controlled_synthetic_motion,20260830,5,12.0,3551,2676,582,771,0,104,2.676,0.7535905378766544,0.0,0.2,330.5680119581465,300.00000000000006,900.0,1200.0000000000002,0.21712193748239933,0.02928752464094621,0.24640946212334552,0.9363191042687193,32,0,0,0.0,0.0,0,0,0.0,0.0,0.6861492439493431,0.7903424559443414,11.340944249296829,1.6027668138790697e-05,0.1341365160657812,0.225372200370797,108,periodic_traffic,full,periodic,0.0,0.0,analytical
link_lifetime,synthetic-20260831-v5-slots120-dt0.100000,controlled_synthetic_motion,20260831,5,12.0,3493,3324,39,138,0,31,3.324,0.9516175207557973,0.0,0.023333333333333334,305.0240673886883,300.00000000000006,600.0000000000001,700.0000000000001,0.03950758660177498,0.008874892642427712,0.04838247924420269,0.9557216791259344,46,0,0,0.0,0.0,0,0,0.0,0.0,0.6658372157349807,0.9371426418456951,13.709472132037797,1.5977238905406677e-06,0.013335563491326708,0.3945686166812073,111,periodic_traffic,full,periodic,0.0,0.0,analytical
link_lifetime,synthetic-20260832-v5-slots120-dt0.100000,controlled_synthetic_motion,20260832,5,12.0,3541,2298,1011,1082,0,161,2.298,0.6489692177351031,0.0,0.265,328.06788511749346,300.00000000000006,800.0,1103.00000000002,0.30556340016944367,0.045467382095453264,0.3510307822648969,0.8852080123266564,82,0,0,0.0,0.0,0,0,0.0,0.0,0.4610900149918754,0.7520821442754061,13.806611098875932,7.65277557259176e-05,0.3034195034455422,0.852261168869418,94,periodic_traffic,full,periodic,0.0,0.0,analytical
link_lifetime,synthetic-20260833-v5-slots120-dt0.100000,controlled_synthetic_motion,20260833,5,12.0,3577,1501,1336,1888,0,188,1.501,0.4196253844003355,0.1,0.45166666666666666,253.09793471019321,200.0,800.0,1200.0000000000002,0.5278166060944925,0.052558009505171935,0.5803746155996645,0.8283664459161147,112,0,0,0.0,0.0,0,0,0.0,0.0,0.4228188851511441,0.4678215282243063,9.738601467746319,0.0011415523247971936,0.348547239460945,0.15622508782039848,70,periodic_traffic,full,periodic,0.0,0.0,analytical
link_lifetime,synthetic-20260834-v5-slots120-dt0.100000,controlled_synthetic_motion,20260834,5,12.0,3539,2589,921,803,0,147,2.589,0.7315625883017801,0.05,0.2966666666666667,384.7817690227887,300.00000000000006,900.0,1000.0,0.22690025430912686,0.041537157389092964,0.26843741169821983,0.9424342105263158,72,0,0,0.0,0.0,0,0,0.0,0.0,0.5108694218982875,0.7321446880773622,11.871431024602094,0.00015902697830818958,0.2642810867239455,0.3046798806192467,102,periodic_traffic,full,periodic,0.0,0.0,analytical
link_lifetime,synthetic-20260835-v5-slots120-dt0.100000,controlled_synthetic_motion,20260835,5,12.0,3581,2106,2140,1329,0,146,2.106,0.5881038815973192,0.0,0.2,475.8309591642925,400.0,900.0,1200.0000000000002,0.37112538397095785,0.04077073443172298,0.4118961184026808,0.75,35,0,0,0.0,0.0,0,0,0.0,0.0,0.5152009292870626,0.6055697265421243,11.642082333669597,0.00021345706478627589,0.4383091634405713,0.36277680489159886,100,periodic_traffic,full,periodic,0.0,0.0,analytical
link_lifetime,synthetic-20260836-v5-slots120-dt0.100000,controlled_synthetic_motion,20260836,5,12.0,3562,2436,1769,1073,0,53,2.436,0.6838854576080854,0.058333333333333334,0.4166666666666667,422.9474548440066,300.00000000000006,1100.0,1500.0,0.3012352610892757,0.014879281302638967,0.31611454239191467,0.7842884739214424,68,0,0,0.0,0.0,0,0,0.0,0.0,0.3485645879614999,0.4314217557029528,10.369294855568006,0.0018567314833782351,0.3906667390704863,0.19791014578308966,78,periodic_traffic,full,periodic,0.0,0.0,analytical
link_lifetime,synthetic-20260837-v5-slots120-dt0.100000,controlled_synthetic_motion,20260837,5,12.0,3541,1911,1177,1395,0,235,1.911,0.5396780570460322,0.008333333333333333,0.265,266.1433804290947,200.0,500.0,1000.0,0.39395650946060434,0.06636543349336346,0.46032194295396783,0.7919602154993783,183,0,0,0.0,0.0,0,0,0.0,0.0,0.7625126714098542,0.7310478737463119,10.912716796167699,0.0001287655747810356,0.3088363633308678,0.21769317328155707,94,periodic_traffic,full,periodic,0.0,0.0,analytical
link_lifetime,synthetic-20260838-v5-slots120-dt0.100000,controlled_synthetic_motion,20260838,5,12.0,3475,2591,956,819,0,65,2.591,0.7456115107913669,0.016666666666666666,0.27666666666666667,358.47163257429565,300.00000000000006,1000.0,1400.0000000000002,0.23568345323741008,0.01870503597122302,0.2543884892086331,0.8949913644214162,39,0,0,0.0,0.0,0,0,0.0,0.0,0.5024954181866086,0.6633231894153935,11.361383548493155,0.00120490179191184,0.23404613201147975,0.2935671747122225,97,periodic_traffic,full,periodic,0.0,0.0,analytical
link_lifetime,synthetic-20260827-v5-slots120-dt0.100000,controlled_synthetic_motion,20260827,5,12.0,3471,2145,286,816,0,510,2.145,0.6179775280898876,0.0,0.2,607.5524475524476,600.0000000000001,1200.0000000000002,1400.0000000000002,0.23509075194468454,0.14693171996542784,0.38202247191011235,0.6709415076634345,0,0,0,0.0,0.0,0,0,0.0,0.0,0.41829686551797024,0.7156209047409309,13.33607174664179,7.006697336195321e-06,0.06551101256280528,0.42931773916868515,89,markov_traffic,full,markov_modulated,0.0,0.0,analytical
link_lifetime,synthetic-20260828-v5-slots120-dt0.100000,controlled_synthetic_motion,20260828,5,12.0,4290,1701,1564,1975,0,614,1.701,0.3965034965034965,0.0,0.025,638.0364491475602,600.0000000000001,1300.0,1500.0,0.4603729603729604,0.1431235431235431,0.6034965034965035,0.4212481426448737,268,0,0,0.0,0.0,0,0,0.0,0.0,0.659972286374134,0.7302404002744862,12.89449961925854,0.00010651490843938459,0.3395044407560434,0.6948223501076872,89,markov_traffic,full,markov_modulated,0.0,0.0,analytical
link_lifetime,synthetic-20260829-v5-slots120-dt0.100000,controlled_synthetic_motion,20260829,5,12.0,3137,2138,810,727,0,272,2.138,0.6815428753586229,0.0,0.18666666666666668,377.2684752104771,300.00000000000006,900.0,1200.0000000000002,0.23175007969397513,0.08670704494740197,0.3184571246413771,0.848089468779124,37,0,0,0.0,0.0,0,0,0.0,0.0,0.5329116093402615,0.7791949720762096,11.764790089902316,9.077474034125382e-05,0.2105191655716717,0.29493980223490623,87,markov_traffic,full,markov_modulated,0.0,0.0,analytical
link_lifetime,synthetic-20260830-v5-slots120-dt0.100000,controlled_synthetic_motion,20260830,5,12.0,3511,2313,262,1082,0,116,2.313,0.6587866704642552,0.0,0.2,342.97449200172935,300.00000000000006,1000.0,1200.0000000000002,0.30817430931358586,0.03303902022215893,0.3412133295357448,0.8801369863013698,2,0,0,0.0,0.0,0,0,0.0,0.0,0.6493149687386407,0.7590924824002507,11.862277179787649,5.872688187817227e-06,0.055401780188660314,0.25082328038249285,89,markov_traffic,full,markov_modulated,0.0,0.0,analytical
link_lifetime,synthetic-20260831-v5-slots120-dt0.100000,controlled_synthetic_motion,20260831,5,12.0,3182,2838,254,332,0,12,2.838,0.8918918918918919,0.0,0.023333333333333334,575.2642706131078,600.0000000000001,1100.0,1400.0000000000002,0.10433689503456946,0.003771213073538655,0.10810810810810811,0.8941398865784499,12,0,0,0.0,0.0,0,0,0.0,0.0,0.6820515122132976,0.9062187671644414,13.386218414306422,4.7101266188016563e-05,0.0651450572464983,0.37831212592688945,99,markov_traffic,full,markov_modulated,0.0,0.0,analytical
link_lifetime,synthetic-20260832-v5-slots120-dt0.100000,controlled_synthetic_motion,20260832,5,12.0,4270,2444,951,1569,0,257,2.444,0.5723653395784544,0.0,0.265,412.68412438625205,300.00000000000006,1100.0,1400.0000000000002,0.36744730679156906,0.060187353629976584,0.4276346604215457,0.8762997490139836,18,0,0,0.0,0.0,0,0,0.0,0.0,0.4935134165999493,0.756468587725863,13.955302626539122,4.661657116278098e-05,0.2198169091999067,0.7221050215602048,72,markov_traffic,full,markov_modulated,0.0,0.0,analytical
link_lifetime,synthetic-20260833-v5-slots120-dt0.100000,controlled_synthetic_motion,20260833,5,12.0,3303,1390,474,1738,0,175,1.39,0.420829548894944,0.0,0.45166666666666666,236.40287769784172,200.0,754.9999999999955,1100.0,0.5261883136542537,0.052982137450802304,0.579170451105056,0.8532842234499693,100,0,0,0.0,0.0,0,0,0.0,0.0,0.42424109348410827,0.46663188205896927,10.597079406221017,3.1084274763646984e-05,0.1698703745358605,0.18547937885381308,62,markov_traffic,full,markov_modulated,0.0,0.0,analytical
link_lifetime,synthetic-20260834-v5-slots120-dt0.100000,controlled_synthetic_motion,20260834,5,12.0,3297,2220,630,896,0,181,2.22,0.6733393994540491,0.0,0.2966666666666667,499.0990990990991,400.0,1100.0,1300.0,0.27176220806794055,0.05489839247801031,0.32666060054595086,0.9043040293040293,26,0,0,0.0,0.0,0,0,0.0,0.0,0.5453018556240201,0.7529754544928509,12.440520769190156,6.02572408378577e-05,0.18877117551017364,0.34742320167488655,80,markov_traffic,full,markov_modulated,0.0,0.0,analytical
link_lifetime,synthetic-20260835-v5-slots120-dt0.100000,controlled_synthetic_motion,20260835,5,12.0,3236,2090,1722,865,0,281,2.09,0.6458590852904821,0.0,0.2,380.3349282296651,300.00000000000006,900.0,1200.0000000000002,0.2673053152039555,0.08683559950556242,0.3541409147095179,0.7686649503493932,2,0,0,0.0,0.0,0,0,0.0,0.0,0.478718449198154,0.6052277191394314,12.053998085911338,0.0001982179053596038,0.3973015350780781,0.41173208157899577,93,markov_traffic,full,markov_modulated,0.0,0.0,analytical
link_lifetime,synthetic-20260836-v5-slots120-dt0.100000,controlled_synthetic_motion,20260836,5,12.0,3840,2642,1704,1112,0,86,2.642,0.6880208333333333,0.0,0.4166666666666667,405.26116578349735,300.00000000000006,1300.0,1500.0,0.28958333333333336,0.022395833333333334,0.31197916666666664,0.7501419647927314,39,0,0,0.0,0.0,0,0,0.0,0.0,0.3295331220216429,0.4486310514130605,10.910704354442789,9.399212780314105e-05,0.3657067453855435,0.22033274099651612,55,markov_traffic,full,markov_modulated,0.0,0.0,analytical
link_lifetime,synthetic-20260837-v5-slots120-dt0.100000,controlled_synthetic_motion,20260837,5,12.0,4068,1665,484,2016,0,387,1.665,0.4092920353982301,0.0,0.265,288.8288288288288,200.0,700.0000000000001,1200.0000000000002,0.49557522123893805,0.09513274336283185,0.5907079646017699,0.6364678899082569,351,0,0,0.0,0.0,0,0,0.0,0.0,0.7432527537933781,0.6741740932289534,12.412076830821524,3.7018095483311725e-05,0.11932694189338879,0.3015742983816864,72,markov_traffic,full,markov_modulated,0.0,0.0,analytical
link_lifetime,synthetic-20260838-v5-slots120-dt0.100000,controlled_synthetic_motion,20260838,5,12.0,3395,2377,790,961,0,57,2.377,0.7001472754050073,0.0,0.27666666666666667,437.6525031552377,300.00000000000006,1200.0000000000002,1500.0,0.28306332842415316,0.01678939617083947,0.2998527245949926,0.8343278343278343,19,0,0,0.0,0.0,0,0,0.0,0.0,0.48856536704040343,0.6136437770126001,11.479027255172758,4.420098774822941e-05,0.18707594279435505,0.2816932139581429,83,markov_traffic,full,markov_modulated,0.0,0.0,analytical
